Image name,Class,prompt_tr
0_left.jpg,cataract,"high quality fundus photograph of an eye with cataract, cloudy lens, reduced clarity, medical ophthalmology image, detailed retinal view, clinical photography"
103_left.jpg,cataract,"high quality fundus photograph of an eye with cataract, cloudy lens, reduced clarity, medical ophthalmology image, detailed retinal view, clinical photography"
1062_right.jpg,cataract,"high quality fundus photograph of an eye with cataract, cloudy lens, reduced clarity, medical ophthalmology image, detailed retinal view, clinical photography"
1083_left.jpg,cataract,"high quality fundus photograph of an eye with cataract, cloudy lens, reduced clarity, medical ophthalmology image, detailed retinal view, clinical photography"
1084_right.jpg,cataract,"high quality fundus photograph of an eye with cataract, cloudy lens, reduced clarity, medical ophthalmology image, detailed retinal view, clinical photography"
1102_left.jpg,cataract,"high quality fundus photograph of an eye with cataract, cloudy lens, reduced clarity, medical ophthalmology image, detailed retinal view, clinical photography"
1102_right.jpg,cataract,"high quality fundus photograph of an eye with cataract, cloudy lens, reduced clarity, medical ophthalmology image, detailed retinal view, clinical photography"
1115_left.jpg,cataract,"high quality fundus photograph of an eye with cataract, cloudy lens, reduced clarity, medical ophthalmology image, detailed retinal view, clinical photography"
1126_right.jpg,cataract,"high quality fundus photograph of an eye with cataract, cloudy lens, reduced clarity, medical ophthalmology image, detailed retinal view, clinical photography"
112_right.jpg,cataract,"high quality fundus photograph of an eye with cataract, cloudy lens, reduced clarity, medical ophthalmology image, detailed retinal view, clinical photography"
1144_left.jpg,cataract,"high quality fundus photograph of an eye with cataract, cloudy lens, reduced clarity, medical ophthalmology image, detailed retinal view, clinical photography"
1144_right.jpg,cataract,"high quality fundus photograph of an eye with cataract, cloudy lens, reduced clarity, medical ophthalmology image, detailed retinal view, clinical photography"
1164_left.jpg,cataract,"high quality fundus photograph of an eye with cataract, cloudy lens, reduced clarity, medical ophthalmology image, detailed retinal view, clinical photography"
1167_right.jpg,cataract,"high quality fundus photograph of an eye with cataract, cloudy lens, reduced clarity, medical ophthalmology image, detailed retinal view, clinical photography"
119_left.jpg,cataract,"high quality fundus photograph of an eye with cataract, cloudy lens, reduced clarity, medical ophthalmology image, detailed retinal view, clinical photography"
1285_left.jpg,cataract,"high quality fundus photograph of an eye with cataract, cloudy lens, reduced clarity, medical ophthalmology image, detailed retinal view, clinical photography"
1415_left.jpg,cataract,"high quality fundus photograph of an eye with cataract, cloudy lens, reduced clarity, medical ophthalmology image, detailed retinal view, clinical photography"
1415_right.jpg,cataract,"high quality fundus photograph of an eye with cataract, cloudy lens, reduced clarity, medical ophthalmology image, detailed retinal view, clinical photography"
1435_left.jpg,cataract,"high quality fundus photograph of an eye with cataract, cloudy lens, reduced clarity, medical ophthalmology image, detailed retinal view, clinical photography"
1444_left.jpg,cataract,"high quality fundus photograph of an eye with cataract, cloudy lens, reduced clarity, medical ophthalmology image, detailed retinal view, clinical photography"
1452_left.jpg,cataract,"high quality fundus photograph of an eye with cataract, cloudy lens, reduced clarity, medical ophthalmology image, detailed retinal view, clinical photography"
1454_right.jpg,cataract,"high quality fundus photograph of an eye with cataract, cloudy lens, reduced clarity, medical ophthalmology image, detailed retinal view, clinical photography"
1456_left.jpg,cataract,"high quality fundus photograph of an eye with cataract, cloudy lens, reduced clarity, medical ophthalmology image, detailed retinal view, clinical photography"
1460_right.jpg,cataract,"high quality fundus photograph of an eye with cataract, cloudy lens, reduced clarity, medical ophthalmology image, detailed retinal view, clinical photography"
1468_left.jpg,cataract,"high quality fundus photograph of an eye with cataract, cloudy lens, reduced clarity, medical ophthalmology image, detailed retinal view, clinical photography"
1483_right.jpg,cataract,"high quality fundus photograph of an eye with cataract, cloudy lens, reduced clarity, medical ophthalmology image, detailed retinal view, clinical photography"
1484_left.jpg,cataract,"high quality fundus photograph of an eye with cataract, cloudy lens, reduced clarity, medical ophthalmology image, detailed retinal view, clinical photography"
1484_right.jpg,cataract,"high quality fundus photograph of an eye with cataract, cloudy lens, reduced clarity, medical ophthalmology image, detailed retinal view, clinical photography"
1490_right.jpg,cataract,"high quality fundus photograph of an eye with cataract, cloudy lens, reduced clarity, medical ophthalmology image, detailed retinal view, clinical photography"
188_right.jpg,cataract,"high quality fundus photograph of an eye with cataract, cloudy lens, reduced clarity, medical ophthalmology image, detailed retinal view, clinical photography"
1968_left.jpg,cataract,"high quality fundus photograph of an eye with cataract, cloudy lens, reduced clarity, medical ophthalmology image, detailed retinal view, clinical photography"
1987_left.jpg,cataract,"high quality fundus photograph of an eye with cataract, cloudy lens, reduced clarity, medical ophthalmology image, detailed retinal view, clinical photography"
1994_left.jpg,cataract,"high quality fundus photograph of an eye with cataract, cloudy lens, reduced clarity, medical ophthalmology image, detailed retinal view, clinical photography"
2052_left.jpg,cataract,"high quality fundus photograph of an eye with cataract, cloudy lens, reduced clarity, medical ophthalmology image, detailed retinal view, clinical photography"
2052_right.jpg,cataract,"high quality fundus photograph of an eye with cataract, cloudy lens, reduced clarity, medical ophthalmology image, detailed retinal view, clinical photography"
2074_right.jpg,cataract,"high quality fundus photograph of an eye with cataract, cloudy lens, reduced clarity, medical ophthalmology image, detailed retinal view, clinical photography"
2095_right.jpg,cataract,"high quality fundus photograph of an eye with cataract, cloudy lens, reduced clarity, medical ophthalmology image, detailed retinal view, clinical photography"
2096_right.jpg,cataract,"high quality fundus photograph of an eye with cataract, cloudy lens, reduced clarity, medical ophthalmology image, detailed retinal view, clinical photography"
2097_right.jpg,cataract,"high quality fundus photograph of an eye with cataract, cloudy lens, reduced clarity, medical ophthalmology image, detailed retinal view, clinical photography"
2098_left.jpg,cataract,"high quality fundus photograph of an eye with cataract, cloudy lens, reduced clarity, medical ophthalmology image, detailed retinal view, clinical photography"
2098_right.jpg,cataract,"high quality fundus photograph of an eye with cataract, cloudy lens, reduced clarity, medical ophthalmology image, detailed retinal view, clinical photography"
2099_left.jpg,cataract,"high quality fundus photograph of an eye with cataract, cloudy lens, reduced clarity, medical ophthalmology image, detailed retinal view, clinical photography"
2100_right.jpg,cataract,"high quality fundus photograph of an eye with cataract, cloudy lens, reduced clarity, medical ophthalmology image, detailed retinal view, clinical photography"
2101_left.jpg,cataract,"high quality fundus photograph of an eye with cataract, cloudy lens, reduced clarity, medical ophthalmology image, detailed retinal view, clinical photography"
2101_right.jpg,cataract,"high quality fundus photograph of an eye with cataract, cloudy lens, reduced clarity, medical ophthalmology image, detailed retinal view, clinical photography"
2103_left.jpg,cataract,"high quality fundus photograph of an eye with cataract, cloudy lens, reduced clarity, medical ophthalmology image, detailed retinal view, clinical photography"
2103_right.jpg,cataract,"high quality fundus photograph of an eye with cataract, cloudy lens, reduced clarity, medical ophthalmology image, detailed retinal view, clinical photography"
2104_left.jpg,cataract,"high quality fundus photograph of an eye with cataract, cloudy lens, reduced clarity, medical ophthalmology image, detailed retinal view, clinical photography"
2104_right.jpg,cataract,"high quality fundus photograph of an eye with cataract, cloudy lens, reduced clarity, medical ophthalmology image, detailed retinal view, clinical photography"
2105_left.jpg,cataract,"high quality fundus photograph of an eye with cataract, cloudy lens, reduced clarity, medical ophthalmology image, detailed retinal view, clinical photography"
2105_right.jpg,cataract,"high quality fundus photograph of an eye with cataract, cloudy lens, reduced clarity, medical ophthalmology image, detailed retinal view, clinical photography"
2106_right.jpg,cataract,"high quality fundus photograph of an eye with cataract, cloudy lens, reduced clarity, medical ophthalmology image, detailed retinal view, clinical photography"
2107_left.jpg,cataract,"high quality fundus photograph of an eye with cataract, cloudy lens, reduced clarity, medical ophthalmology image, detailed retinal view, clinical photography"
2108_left.jpg,cataract,"high quality fundus photograph of an eye with cataract, cloudy lens, reduced clarity, medical ophthalmology image, detailed retinal view, clinical photography"
2108_right.jpg,cataract,"high quality fundus photograph of an eye with cataract, cloudy lens, reduced clarity, medical ophthalmology image, detailed retinal view, clinical photography"
2109_left.jpg,cataract,"high quality fundus photograph of an eye with cataract, cloudy lens, reduced clarity, medical ophthalmology image, detailed retinal view, clinical photography"
2109_right.jpg,cataract,"high quality fundus photograph of an eye with cataract, cloudy lens, reduced clarity, medical ophthalmology image, detailed retinal view, clinical photography"
2110_left.jpg,cataract,"high quality fundus photograph of an eye with cataract, cloudy lens, reduced clarity, medical ophthalmology image, detailed retinal view, clinical photography"
2110_right.jpg,cataract,"high quality fundus photograph of an eye with cataract, cloudy lens, reduced clarity, medical ophthalmology image, detailed retinal view, clinical photography"
2111_left.jpg,cataract,"high quality fundus photograph of an eye with cataract, cloudy lens, reduced clarity, medical ophthalmology image, detailed retinal view, clinical photography"
2113_left.jpg,cataract,"high quality fundus photograph of an eye with cataract, cloudy lens, reduced clarity, medical ophthalmology image, detailed retinal view, clinical photography"
2113_right.jpg,cataract,"high quality fundus photograph of an eye with cataract, cloudy lens, reduced clarity, medical ophthalmology image, detailed retinal view, clinical photography"
2114_left.jpg,cataract,"high quality fundus photograph of an eye with cataract, cloudy lens, reduced clarity, medical ophthalmology image, detailed retinal view, clinical photography"
2114_right.jpg,cataract,"high quality fundus photograph of an eye with cataract, cloudy lens, reduced clarity, medical ophthalmology image, detailed retinal view, clinical photography"
2115_right.jpg,cataract,"high quality fundus photograph of an eye with cataract, cloudy lens, reduced clarity, medical ophthalmology image, detailed retinal view, clinical photography"
2116_left.jpg,cataract,"high quality fundus photograph of an eye with cataract, cloudy lens, reduced clarity, medical ophthalmology image, detailed retinal view, clinical photography"
2116_right.jpg,cataract,"high quality fundus photograph of an eye with cataract, cloudy lens, reduced clarity, medical ophthalmology image, detailed retinal view, clinical photography"
2117_left.jpg,cataract,"high quality fundus photograph of an eye with cataract, cloudy lens, reduced clarity, medical ophthalmology image, detailed retinal view, clinical photography"
2118_right.jpg,cataract,"high quality fundus photograph of an eye with cataract, cloudy lens, reduced clarity, medical ophthalmology image, detailed retinal view, clinical photography"
2119_right.jpg,cataract,"high quality fundus photograph of an eye with cataract, cloudy lens, reduced clarity, medical ophthalmology image, detailed retinal view, clinical photography"
2120_left.jpg,cataract,"high quality fundus photograph of an eye with cataract, cloudy lens, reduced clarity, medical ophthalmology image, detailed retinal view, clinical photography"
2120_right.jpg,cataract,"high quality fundus photograph of an eye with cataract, cloudy lens, reduced clarity, medical ophthalmology image, detailed retinal view, clinical photography"
2121_left.jpg,cataract,"high quality fundus photograph of an eye with cataract, cloudy lens, reduced clarity, medical ophthalmology image, detailed retinal view, clinical photography"
2122_left.jpg,cataract,"high quality fundus photograph of an eye with cataract, cloudy lens, reduced clarity, medical ophthalmology image, detailed retinal view, clinical photography"
2122_right.jpg,cataract,"high quality fundus photograph of an eye with cataract, cloudy lens, reduced clarity, medical ophthalmology image, detailed retinal view, clinical photography"
2123_left.jpg,cataract,"high quality fundus photograph of an eye with cataract, cloudy lens, reduced clarity, medical ophthalmology image, detailed retinal view, clinical photography"
2124_left.jpg,cataract,"high quality fundus photograph of an eye with cataract, cloudy lens, reduced clarity, medical ophthalmology image, detailed retinal view, clinical photography"
2125_left.jpg,cataract,"high quality fundus photograph of an eye with cataract, cloudy lens, reduced clarity, medical ophthalmology image, detailed retinal view, clinical photography"
2126_left.jpg,cataract,"high quality fundus photograph of an eye with cataract, cloudy lens, reduced clarity, medical ophthalmology image, detailed retinal view, clinical photography"
2126_right.jpg,cataract,"high quality fundus photograph of an eye with cataract, cloudy lens, reduced clarity, medical ophthalmology image, detailed retinal view, clinical photography"
2127_left.jpg,cataract,"high quality fundus photograph of an eye with cataract, cloudy lens, reduced clarity, medical ophthalmology image, detailed retinal view, clinical photography"
2127_right.jpg,cataract,"high quality fundus photograph of an eye with cataract, cloudy lens, reduced clarity, medical ophthalmology image, detailed retinal view, clinical photography"
2128_left.jpg,cataract,"high quality fundus photograph of an eye with cataract, cloudy lens, reduced clarity, medical ophthalmology image, detailed retinal view, clinical photography"
2128_right.jpg,cataract,"high quality fundus photograph of an eye with cataract, cloudy lens, reduced clarity, medical ophthalmology image, detailed retinal view, clinical photography"
2129_left.jpg,cataract,"high quality fundus photograph of an eye with cataract, cloudy lens, reduced clarity, medical ophthalmology image, detailed retinal view, clinical photography"
2129_right.jpg,cataract,"high quality fundus photograph of an eye with cataract, cloudy lens, reduced clarity, medical ophthalmology image, detailed retinal view, clinical photography"
2130_left.jpg,cataract,"high quality fundus photograph of an eye with cataract, cloudy lens, reduced clarity, medical ophthalmology image, detailed retinal view, clinical photography"
2130_right.jpg,cataract,"high quality fundus photograph of an eye with cataract, cloudy lens, reduced clarity, medical ophthalmology image, detailed retinal view, clinical photography"
2132_left.jpg,cataract,"high quality fundus photograph of an eye with cataract, cloudy lens, reduced clarity, medical ophthalmology image, detailed retinal view, clinical photography"
2133_left.jpg,cataract,"high quality fundus photograph of an eye with cataract, cloudy lens, reduced clarity, medical ophthalmology image, detailed retinal view, clinical photography"
2133_right.jpg,cataract,"high quality fundus photograph of an eye with cataract, cloudy lens, reduced clarity, medical ophthalmology image, detailed retinal view, clinical photography"
2134_left.jpg,cataract,"high quality fundus photograph of an eye with cataract, cloudy lens, reduced clarity, medical ophthalmology image, detailed retinal view, clinical photography"
2134_right.jpg,cataract,"high quality fundus photograph of an eye with cataract, cloudy lens, reduced clarity, medical ophthalmology image, detailed retinal view, clinical photography"
2135_left.jpg,cataract,"high quality fundus photograph of an eye with cataract, cloudy lens, reduced clarity, medical ophthalmology image, detailed retinal view, clinical photography"
2135_right.jpg,cataract,"high quality fundus photograph of an eye with cataract, cloudy lens, reduced clarity, medical ophthalmology image, detailed retinal view, clinical photography"
2136_left.jpg,cataract,"high quality fundus photograph of an eye with cataract, cloudy lens, reduced clarity, medical ophthalmology image, detailed retinal view, clinical photography"
2137_left.jpg,cataract,"high quality fundus photograph of an eye with cataract, cloudy lens, reduced clarity, medical ophthalmology image, detailed retinal view, clinical photography"
2137_right.jpg,cataract,"high quality fundus photograph of an eye with cataract, cloudy lens, reduced clarity, medical ophthalmology image, detailed retinal view, clinical photography"
2138_left.jpg,cataract,"high quality fundus photograph of an eye with cataract, cloudy lens, reduced clarity, medical ophthalmology image, detailed retinal view, clinical photography"
2138_right.jpg,cataract,"high quality fundus photograph of an eye with cataract, cloudy lens, reduced clarity, medical ophthalmology image, detailed retinal view, clinical photography"
2139_right.jpg,cataract,"high quality fundus photograph of an eye with cataract, cloudy lens, reduced clarity, medical ophthalmology image, detailed retinal view, clinical photography"
2140_left.jpg,cataract,"high quality fundus photograph of an eye with cataract, cloudy lens, reduced clarity, medical ophthalmology image, detailed retinal view, clinical photography"
2140_right.jpg,cataract,"high quality fundus photograph of an eye with cataract, cloudy lens, reduced clarity, medical ophthalmology image, detailed retinal view, clinical photography"
2141_right.jpg,cataract,"high quality fundus photograph of an eye with cataract, cloudy lens, reduced clarity, medical ophthalmology image, detailed retinal view, clinical photography"
2142_left.jpg,cataract,"high quality fundus photograph of an eye with cataract, cloudy lens, reduced clarity, medical ophthalmology image, detailed retinal view, clinical photography"
2142_right.jpg,cataract,"high quality fundus photograph of an eye with cataract, cloudy lens, reduced clarity, medical ophthalmology image, detailed retinal view, clinical photography"
2143_right.jpg,cataract,"high quality fundus photograph of an eye with cataract, cloudy lens, reduced clarity, medical ophthalmology image, detailed retinal view, clinical photography"
2144_left.jpg,cataract,"high quality fundus photograph of an eye with cataract, cloudy lens, reduced clarity, medical ophthalmology image, detailed retinal view, clinical photography"
2144_right.jpg,cataract,"high quality fundus photograph of an eye with cataract, cloudy lens, reduced clarity, medical ophthalmology image, detailed retinal view, clinical photography"
2145_left.jpg,cataract,"high quality fundus photograph of an eye with cataract, cloudy lens, reduced clarity, medical ophthalmology image, detailed retinal view, clinical photography"
2146_left.jpg,cataract,"high quality fundus photograph of an eye with cataract, cloudy lens, reduced clarity, medical ophthalmology image, detailed retinal view, clinical photography"
2146_right.jpg,cataract,"high quality fundus photograph of an eye with cataract, cloudy lens, reduced clarity, medical ophthalmology image, detailed retinal view, clinical photography"
2147_left.jpg,cataract,"high quality fundus photograph of an eye with cataract, cloudy lens, reduced clarity, medical ophthalmology image, detailed retinal view, clinical photography"
2149_right.jpg,cataract,"high quality fundus photograph of an eye with cataract, cloudy lens, reduced clarity, medical ophthalmology image, detailed retinal view, clinical photography"
2150_left.jpg,cataract,"high quality fundus photograph of an eye with cataract, cloudy lens, reduced clarity, medical ophthalmology image, detailed retinal view, clinical photography"
2150_right.jpg,cataract,"high quality fundus photograph of an eye with cataract, cloudy lens, reduced clarity, medical ophthalmology image, detailed retinal view, clinical photography"
2151_left.jpg,cataract,"high quality fundus photograph of an eye with cataract, cloudy lens, reduced clarity, medical ophthalmology image, detailed retinal view, clinical photography"
2151_right.jpg,cataract,"high quality fundus photograph of an eye with cataract, cloudy lens, reduced clarity, medical ophthalmology image, detailed retinal view, clinical photography"
2152_left.jpg,cataract,"high quality fundus photograph of an eye with cataract, cloudy lens, reduced clarity, medical ophthalmology image, detailed retinal view, clinical photography"
2153_left.jpg,cataract,"high quality fundus photograph of an eye with cataract, cloudy lens, reduced clarity, medical ophthalmology image, detailed retinal view, clinical photography"
2153_right.jpg,cataract,"high quality fundus photograph of an eye with cataract, cloudy lens, reduced clarity, medical ophthalmology image, detailed retinal view, clinical photography"
2154_left.jpg,cataract,"high quality fundus photograph of an eye with cataract, cloudy lens, reduced clarity, medical ophthalmology image, detailed retinal view, clinical photography"
2155_left.jpg,cataract,"high quality fundus photograph of an eye with cataract, cloudy lens, reduced clarity, medical ophthalmology image, detailed retinal view, clinical photography"
2155_right.jpg,cataract,"high quality fundus photograph of an eye with cataract, cloudy lens, reduced clarity, medical ophthalmology image, detailed retinal view, clinical photography"
2156_left.jpg,cataract,"high quality fundus photograph of an eye with cataract, cloudy lens, reduced clarity, medical ophthalmology image, detailed retinal view, clinical photography"
2157_left.jpg,cataract,"high quality fundus photograph of an eye with cataract, cloudy lens, reduced clarity, medical ophthalmology image, detailed retinal view, clinical photography"
2157_right.jpg,cataract,"high quality fundus photograph of an eye with cataract, cloudy lens, reduced clarity, medical ophthalmology image, detailed retinal view, clinical photography"
2158_left.jpg,cataract,"high quality fundus photograph of an eye with cataract, cloudy lens, reduced clarity, medical ophthalmology image, detailed retinal view, clinical photography"
2158_right.jpg,cataract,"high quality fundus photograph of an eye with cataract, cloudy lens, reduced clarity, medical ophthalmology image, detailed retinal view, clinical photography"
2159_left.jpg,cataract,"high quality fundus photograph of an eye with cataract, cloudy lens, reduced clarity, medical ophthalmology image, detailed retinal view, clinical photography"
2160_right.jpg,cataract,"high quality fundus photograph of an eye with cataract, cloudy lens, reduced clarity, medical ophthalmology image, detailed retinal view, clinical photography"
2161_right.jpg,cataract,"high quality fundus photograph of an eye with cataract, cloudy lens, reduced clarity, medical ophthalmology image, detailed retinal view, clinical photography"
2162_right.jpg,cataract,"high quality fundus photograph of an eye with cataract, cloudy lens, reduced clarity, medical ophthalmology image, detailed retinal view, clinical photography"
2163_left.jpg,cataract,"high quality fundus photograph of an eye with cataract, cloudy lens, reduced clarity, medical ophthalmology image, detailed retinal view, clinical photography"
2163_right.jpg,cataract,"high quality fundus photograph of an eye with cataract, cloudy lens, reduced clarity, medical ophthalmology image, detailed retinal view, clinical photography"
2164_left.jpg,cataract,"high quality fundus photograph of an eye with cataract, cloudy lens, reduced clarity, medical ophthalmology image, detailed retinal view, clinical photography"
2164_right.jpg,cataract,"high quality fundus photograph of an eye with cataract, cloudy lens, reduced clarity, medical ophthalmology image, detailed retinal view, clinical photography"
2165_right.jpg,cataract,"high quality fundus photograph of an eye with cataract, cloudy lens, reduced clarity, medical ophthalmology image, detailed retinal view, clinical photography"
2166_left.jpg,cataract,"high quality fundus photograph of an eye with cataract, cloudy lens, reduced clarity, medical ophthalmology image, detailed retinal view, clinical photography"
2167_left.jpg,cataract,"high quality fundus photograph of an eye with cataract, cloudy lens, reduced clarity, medical ophthalmology image, detailed retinal view, clinical photography"
2167_right.jpg,cataract,"high quality fundus photograph of an eye with cataract, cloudy lens, reduced clarity, medical ophthalmology image, detailed retinal view, clinical photography"
2168_left.jpg,cataract,"high quality fundus photograph of an eye with cataract, cloudy lens, reduced clarity, medical ophthalmology image, detailed retinal view, clinical photography"
2168_right.jpg,cataract,"high quality fundus photograph of an eye with cataract, cloudy lens, reduced clarity, medical ophthalmology image, detailed retinal view, clinical photography"
2169_left.jpg,cataract,"high quality fundus photograph of an eye with cataract, cloudy lens, reduced clarity, medical ophthalmology image, detailed retinal view, clinical photography"
2169_right.jpg,cataract,"high quality fundus photograph of an eye with cataract, cloudy lens, reduced clarity, medical ophthalmology image, detailed retinal view, clinical photography"
2170_left.jpg,cataract,"high quality fundus photograph of an eye with cataract, cloudy lens, reduced clarity, medical ophthalmology image, detailed retinal view, clinical photography"
2170_right.jpg,cataract,"high quality fundus photograph of an eye with cataract, cloudy lens, reduced clarity, medical ophthalmology image, detailed retinal view, clinical photography"
2171_left.jpg,cataract,"high quality fundus photograph of an eye with cataract, cloudy lens, reduced clarity, medical ophthalmology image, detailed retinal view, clinical photography"
2172_left.jpg,cataract,"high quality fundus photograph of an eye with cataract, cloudy lens, reduced clarity, medical ophthalmology image, detailed retinal view, clinical photography"
2173_right.jpg,cataract,"high quality fundus photograph of an eye with cataract, cloudy lens, reduced clarity, medical ophthalmology image, detailed retinal view, clinical photography"
2174_right.jpg,cataract,"high quality fundus photograph of an eye with cataract, cloudy lens, reduced clarity, medical ophthalmology image, detailed retinal view, clinical photography"
2175_left.jpg,cataract,"high quality fundus photograph of an eye with cataract, cloudy lens, reduced clarity, medical ophthalmology image, detailed retinal view, clinical photography"
2176_left.jpg,cataract,"high quality fundus photograph of an eye with cataract, cloudy lens, reduced clarity, medical ophthalmology image, detailed retinal view, clinical photography"
2176_right.jpg,cataract,"high quality fundus photograph of an eye with cataract, cloudy lens, reduced clarity, medical ophthalmology image, detailed retinal view, clinical photography"
2177_right.jpg,cataract,"high quality fundus photograph of an eye with cataract, cloudy lens, reduced clarity, medical ophthalmology image, detailed retinal view, clinical photography"
2178_left.jpg,cataract,"high quality fundus photograph of an eye with cataract, cloudy lens, reduced clarity, medical ophthalmology image, detailed retinal view, clinical photography"
2178_right.jpg,cataract,"high quality fundus photograph of an eye with cataract, cloudy lens, reduced clarity, medical ophthalmology image, detailed retinal view, clinical photography"
2179_left.jpg,cataract,"high quality fundus photograph of an eye with cataract, cloudy lens, reduced clarity, medical ophthalmology image, detailed retinal view, clinical photography"
2179_right.jpg,cataract,"high quality fundus photograph of an eye with cataract, cloudy lens, reduced clarity, medical ophthalmology image, detailed retinal view, clinical photography"
2180_left.jpg,cataract,"high quality fundus photograph of an eye with cataract, cloudy lens, reduced clarity, medical ophthalmology image, detailed retinal view, clinical photography"
2180_right.jpg,cataract,"high quality fundus photograph of an eye with cataract, cloudy lens, reduced clarity, medical ophthalmology image, detailed retinal view, clinical photography"
2181_left.jpg,cataract,"high quality fundus photograph of an eye with cataract, cloudy lens, reduced clarity, medical ophthalmology image, detailed retinal view, clinical photography"
2181_right.jpg,cataract,"high quality fundus photograph of an eye with cataract, cloudy lens, reduced clarity, medical ophthalmology image, detailed retinal view, clinical photography"
2182_left.jpg,cataract,"high quality fundus photograph of an eye with cataract, cloudy lens, reduced clarity, medical ophthalmology image, detailed retinal view, clinical photography"
2182_right.jpg,cataract,"high quality fundus photograph of an eye with cataract, cloudy lens, reduced clarity, medical ophthalmology image, detailed retinal view, clinical photography"
2183_left.jpg,cataract,"high quality fundus photograph of an eye with cataract, cloudy lens, reduced clarity, medical ophthalmology image, detailed retinal view, clinical photography"
2183_right.jpg,cataract,"high quality fundus photograph of an eye with cataract, cloudy lens, reduced clarity, medical ophthalmology image, detailed retinal view, clinical photography"
2184_left.jpg,cataract,"high quality fundus photograph of an eye with cataract, cloudy lens, reduced clarity, medical ophthalmology image, detailed retinal view, clinical photography"
2184_right.jpg,cataract,"high quality fundus photograph of an eye with cataract, cloudy lens, reduced clarity, medical ophthalmology image, detailed retinal view, clinical photography"
2185_left.jpg,cataract,"high quality fundus photograph of an eye with cataract, cloudy lens, reduced clarity, medical ophthalmology image, detailed retinal view, clinical photography"
2187_right.jpg,cataract,"high quality fundus photograph of an eye with cataract, cloudy lens, reduced clarity, medical ophthalmology image, detailed retinal view, clinical photography"
2189_left.jpg,cataract,"high quality fundus photograph of an eye with cataract, cloudy lens, reduced clarity, medical ophthalmology image, detailed retinal view, clinical photography"
2189_right.jpg,cataract,"high quality fundus photograph of an eye with cataract, cloudy lens, reduced clarity, medical ophthalmology image, detailed retinal view, clinical photography"
218_right.jpg,cataract,"high quality fundus photograph of an eye with cataract, cloudy lens, reduced clarity, medical ophthalmology image, detailed retinal view, clinical photography"
2190_right.jpg,cataract,"high quality fundus photograph of an eye with cataract, cloudy lens, reduced clarity, medical ophthalmology image, detailed retinal view, clinical photography"
2191_right.jpg,cataract,"high quality fundus photograph of an eye with cataract, cloudy lens, reduced clarity, medical ophthalmology image, detailed retinal view, clinical photography"
2192_left.jpg,cataract,"high quality fundus photograph of an eye with cataract, cloudy lens, reduced clarity, medical ophthalmology image, detailed retinal view, clinical photography"
2192_right.jpg,cataract,"high quality fundus photograph of an eye with cataract, cloudy lens, reduced clarity, medical ophthalmology image, detailed retinal view, clinical photography"
2193_right.jpg,cataract,"high quality fundus photograph of an eye with cataract, cloudy lens, reduced clarity, medical ophthalmology image, detailed retinal view, clinical photography"
2194_left.jpg,cataract,"high quality fundus photograph of an eye with cataract, cloudy lens, reduced clarity, medical ophthalmology image, detailed retinal view, clinical photography"
2194_right.jpg,cataract,"high quality fundus photograph of an eye with cataract, cloudy lens, reduced clarity, medical ophthalmology image, detailed retinal view, clinical photography"
2195_left.jpg,cataract,"high quality fundus photograph of an eye with cataract, cloudy lens, reduced clarity, medical ophthalmology image, detailed retinal view, clinical photography"
2195_right.jpg,cataract,"high quality fundus photograph of an eye with cataract, cloudy lens, reduced clarity, medical ophthalmology image, detailed retinal view, clinical photography"
2196_right.jpg,cataract,"high quality fundus photograph of an eye with cataract, cloudy lens, reduced clarity, medical ophthalmology image, detailed retinal view, clinical photography"
2197_right.jpg,cataract,"high quality fundus photograph of an eye with cataract, cloudy lens, reduced clarity, medical ophthalmology image, detailed retinal view, clinical photography"
2198_left.jpg,cataract,"high quality fundus photograph of an eye with cataract, cloudy lens, reduced clarity, medical ophthalmology image, detailed retinal view, clinical photography"
2198_right.jpg,cataract,"high quality fundus photograph of an eye with cataract, cloudy lens, reduced clarity, medical ophthalmology image, detailed retinal view, clinical photography"
2199_left.jpg,cataract,"high quality fundus photograph of an eye with cataract, cloudy lens, reduced clarity, medical ophthalmology image, detailed retinal view, clinical photography"
2200_left.jpg,cataract,"high quality fundus photograph of an eye with cataract, cloudy lens, reduced clarity, medical ophthalmology image, detailed retinal view, clinical photography"
2201_right.jpg,cataract,"high quality fundus photograph of an eye with cataract, cloudy lens, reduced clarity, medical ophthalmology image, detailed retinal view, clinical photography"
2203_left.jpg,cataract,"high quality fundus photograph of an eye with cataract, cloudy lens, reduced clarity, medical ophthalmology image, detailed retinal view, clinical photography"
2203_right.jpg,cataract,"high quality fundus photograph of an eye with cataract, cloudy lens, reduced clarity, medical ophthalmology image, detailed retinal view, clinical photography"
2204_left.jpg,cataract,"high quality fundus photograph of an eye with cataract, cloudy lens, reduced clarity, medical ophthalmology image, detailed retinal view, clinical photography"
2205_right.jpg,cataract,"high quality fundus photograph of an eye with cataract, cloudy lens, reduced clarity, medical ophthalmology image, detailed retinal view, clinical photography"
2206_left.jpg,cataract,"high quality fundus photograph of an eye with cataract, cloudy lens, reduced clarity, medical ophthalmology image, detailed retinal view, clinical photography"
2206_right.jpg,cataract,"high quality fundus photograph of an eye with cataract, cloudy lens, reduced clarity, medical ophthalmology image, detailed retinal view, clinical photography"
2207_left.jpg,cataract,"high quality fundus photograph of an eye with cataract, cloudy lens, reduced clarity, medical ophthalmology image, detailed retinal view, clinical photography"
2207_right.jpg,cataract,"high quality fundus photograph of an eye with cataract, cloudy lens, reduced clarity, medical ophthalmology image, detailed retinal view, clinical photography"
2208_right.jpg,cataract,"high quality fundus photograph of an eye with cataract, cloudy lens, reduced clarity, medical ophthalmology image, detailed retinal view, clinical photography"
2209_left.jpg,cataract,"high quality fundus photograph of an eye with cataract, cloudy lens, reduced clarity, medical ophthalmology image, detailed retinal view, clinical photography"
2209_right.jpg,cataract,"high quality fundus photograph of an eye with cataract, cloudy lens, reduced clarity, medical ophthalmology image, detailed retinal view, clinical photography"
2210_left.jpg,cataract,"high quality fundus photograph of an eye with cataract, cloudy lens, reduced clarity, medical ophthalmology image, detailed retinal view, clinical photography"
2210_right.jpg,cataract,"high quality fundus photograph of an eye with cataract, cloudy lens, reduced clarity, medical ophthalmology image, detailed retinal view, clinical photography"
2211_left.jpg,cataract,"high quality fundus photograph of an eye with cataract, cloudy lens, reduced clarity, medical ophthalmology image, detailed retinal view, clinical photography"
2211_right.jpg,cataract,"high quality fundus photograph of an eye with cataract, cloudy lens, reduced clarity, medical ophthalmology image, detailed retinal view, clinical photography"
2212_left.jpg,cataract,"high quality fundus photograph of an eye with cataract, cloudy lens, reduced clarity, medical ophthalmology image, detailed retinal view, clinical photography"
2212_right.jpg,cataract,"high quality fundus photograph of an eye with cataract, cloudy lens, reduced clarity, medical ophthalmology image, detailed retinal view, clinical photography"
2213_left.jpg,cataract,"high quality fundus photograph of an eye with cataract, cloudy lens, reduced clarity, medical ophthalmology image, detailed retinal view, clinical photography"
2213_right.jpg,cataract,"high quality fundus photograph of an eye with cataract, cloudy lens, reduced clarity, medical ophthalmology image, detailed retinal view, clinical photography"
2215_left.jpg,cataract,"high quality fundus photograph of an eye with cataract, cloudy lens, reduced clarity, medical ophthalmology image, detailed retinal view, clinical photography"
2216_left.jpg,cataract,"high quality fundus photograph of an eye with cataract, cloudy lens, reduced clarity, medical ophthalmology image, detailed retinal view, clinical photography"
2216_right.jpg,cataract,"high quality fundus photograph of an eye with cataract, cloudy lens, reduced clarity, medical ophthalmology image, detailed retinal view, clinical photography"
2217_left.jpg,cataract,"high quality fundus photograph of an eye with cataract, cloudy lens, reduced clarity, medical ophthalmology image, detailed retinal view, clinical photography"
2217_right.jpg,cataract,"high quality fundus photograph of an eye with cataract, cloudy lens, reduced clarity, medical ophthalmology image, detailed retinal view, clinical photography"
2218_right.jpg,cataract,"high quality fundus photograph of an eye with cataract, cloudy lens, reduced clarity, medical ophthalmology image, detailed retinal view, clinical photography"
2219_left.jpg,cataract,"high quality fundus photograph of an eye with cataract, cloudy lens, reduced clarity, medical ophthalmology image, detailed retinal view, clinical photography"
2219_right.jpg,cataract,"high quality fundus photograph of an eye with cataract, cloudy lens, reduced clarity, medical ophthalmology image, detailed retinal view, clinical photography"
2220_right.jpg,cataract,"high quality fundus photograph of an eye with cataract, cloudy lens, reduced clarity, medical ophthalmology image, detailed retinal view, clinical photography"
2221_left.jpg,cataract,"high quality fundus photograph of an eye with cataract, cloudy lens, reduced clarity, medical ophthalmology image, detailed retinal view, clinical photography"
2221_right.jpg,cataract,"high quality fundus photograph of an eye with cataract, cloudy lens, reduced clarity, medical ophthalmology image, detailed retinal view, clinical photography"
2222_left.jpg,cataract,"high quality fundus photograph of an eye with cataract, cloudy lens, reduced clarity, medical ophthalmology image, detailed retinal view, clinical photography"
2223_left.jpg,cataract,"high quality fundus photograph of an eye with cataract, cloudy lens, reduced clarity, medical ophthalmology image, detailed retinal view, clinical photography"
2223_right.jpg,cataract,"high quality fundus photograph of an eye with cataract, cloudy lens, reduced clarity, medical ophthalmology image, detailed retinal view, clinical photography"
2225_left.jpg,cataract,"high quality fundus photograph of an eye with cataract, cloudy lens, reduced clarity, medical ophthalmology image, detailed retinal view, clinical photography"
2225_right.jpg,cataract,"high quality fundus photograph of an eye with cataract, cloudy lens, reduced clarity, medical ophthalmology image, detailed retinal view, clinical photography"
2226_left.jpg,cataract,"high quality fundus photograph of an eye with cataract, cloudy lens, reduced clarity, medical ophthalmology image, detailed retinal view, clinical photography"
2226_right.jpg,cataract,"high quality fundus photograph of an eye with cataract, cloudy lens, reduced clarity, medical ophthalmology image, detailed retinal view, clinical photography"
2227_left.jpg,cataract,"high quality fundus photograph of an eye with cataract, cloudy lens, reduced clarity, medical ophthalmology image, detailed retinal view, clinical photography"
2227_right.jpg,cataract,"high quality fundus photograph of an eye with cataract, cloudy lens, reduced clarity, medical ophthalmology image, detailed retinal view, clinical photography"
2228_right.jpg,cataract,"high quality fundus photograph of an eye with cataract, cloudy lens, reduced clarity, medical ophthalmology image, detailed retinal view, clinical photography"
2229_left.jpg,cataract,"high quality fundus photograph of an eye with cataract, cloudy lens, reduced clarity, medical ophthalmology image, detailed retinal view, clinical photography"
2231_right.jpg,cataract,"high quality fundus photograph of an eye with cataract, cloudy lens, reduced clarity, medical ophthalmology image, detailed retinal view, clinical photography"
2232_left.jpg,cataract,"high quality fundus photograph of an eye with cataract, cloudy lens, reduced clarity, medical ophthalmology image, detailed retinal view, clinical photography"
2232_right.jpg,cataract,"high quality fundus photograph of an eye with cataract, cloudy lens, reduced clarity, medical ophthalmology image, detailed retinal view, clinical photography"
2233_left.jpg,cataract,"high quality fundus photograph of an eye with cataract, cloudy lens, reduced clarity, medical ophthalmology image, detailed retinal view, clinical photography"
2233_right.jpg,cataract,"high quality fundus photograph of an eye with cataract, cloudy lens, reduced clarity, medical ophthalmology image, detailed retinal view, clinical photography"
2234_left.jpg,cataract,"high quality fundus photograph of an eye with cataract, cloudy lens, reduced clarity, medical ophthalmology image, detailed retinal view, clinical photography"
2234_right.jpg,cataract,"high quality fundus photograph of an eye with cataract, cloudy lens, reduced clarity, medical ophthalmology image, detailed retinal view, clinical photography"
2235_left.jpg,cataract,"high quality fundus photograph of an eye with cataract, cloudy lens, reduced clarity, medical ophthalmology image, detailed retinal view, clinical photography"
2236_left.jpg,cataract,"high quality fundus photograph of an eye with cataract, cloudy lens, reduced clarity, medical ophthalmology image, detailed retinal view, clinical photography"
2236_right.jpg,cataract,"high quality fundus photograph of an eye with cataract, cloudy lens, reduced clarity, medical ophthalmology image, detailed retinal view, clinical photography"
2237_right.jpg,cataract,"high quality fundus photograph of an eye with cataract, cloudy lens, reduced clarity, medical ophthalmology image, detailed retinal view, clinical photography"
2239_left.jpg,cataract,"high quality fundus photograph of an eye with cataract, cloudy lens, reduced clarity, medical ophthalmology image, detailed retinal view, clinical photography"
2239_right.jpg,cataract,"high quality fundus photograph of an eye with cataract, cloudy lens, reduced clarity, medical ophthalmology image, detailed retinal view, clinical photography"
2240_left.jpg,cataract,"high quality fundus photograph of an eye with cataract, cloudy lens, reduced clarity, medical ophthalmology image, detailed retinal view, clinical photography"
2240_right.jpg,cataract,"high quality fundus photograph of an eye with cataract, cloudy lens, reduced clarity, medical ophthalmology image, detailed retinal view, clinical photography"
2241_left.jpg,cataract,"high quality fundus photograph of an eye with cataract, cloudy lens, reduced clarity, medical ophthalmology image, detailed retinal view, clinical photography"
2242_left.jpg,cataract,"high quality fundus photograph of an eye with cataract, cloudy lens, reduced clarity, medical ophthalmology image, detailed retinal view, clinical photography"
2242_right.jpg,cataract,"high quality fundus photograph of an eye with cataract, cloudy lens, reduced clarity, medical ophthalmology image, detailed retinal view, clinical photography"
2243_left.jpg,cataract,"high quality fundus photograph of an eye with cataract, cloudy lens, reduced clarity, medical ophthalmology image, detailed retinal view, clinical photography"
2243_right.jpg,cataract,"high quality fundus photograph of an eye with cataract, cloudy lens, reduced clarity, medical ophthalmology image, detailed retinal view, clinical photography"
2244_right.jpg,cataract,"high quality fundus photograph of an eye with cataract, cloudy lens, reduced clarity, medical ophthalmology image, detailed retinal view, clinical photography"
2246_left.jpg,cataract,"high quality fundus photograph of an eye with cataract, cloudy lens, reduced clarity, medical ophthalmology image, detailed retinal view, clinical photography"
2246_right.jpg,cataract,"high quality fundus photograph of an eye with cataract, cloudy lens, reduced clarity, medical ophthalmology image, detailed retinal view, clinical photography"
2247_left.jpg,cataract,"high quality fundus photograph of an eye with cataract, cloudy lens, reduced clarity, medical ophthalmology image, detailed retinal view, clinical photography"
2247_right.jpg,cataract,"high quality fundus photograph of an eye with cataract, cloudy lens, reduced clarity, medical ophthalmology image, detailed retinal view, clinical photography"
2248_left.jpg,cataract,"high quality fundus photograph of an eye with cataract, cloudy lens, reduced clarity, medical ophthalmology image, detailed retinal view, clinical photography"
2248_right.jpg,cataract,"high quality fundus photograph of an eye with cataract, cloudy lens, reduced clarity, medical ophthalmology image, detailed retinal view, clinical photography"
2251_right.jpg,cataract,"high quality fundus photograph of an eye with cataract, cloudy lens, reduced clarity, medical ophthalmology image, detailed retinal view, clinical photography"
2262_left.jpg,cataract,"high quality fundus photograph of an eye with cataract, cloudy lens, reduced clarity, medical ophthalmology image, detailed retinal view, clinical photography"
2282_right.jpg,cataract,"high quality fundus photograph of an eye with cataract, cloudy lens, reduced clarity, medical ophthalmology image, detailed retinal view, clinical photography"
24_right.jpg,cataract,"high quality fundus photograph of an eye with cataract, cloudy lens, reduced clarity, medical ophthalmology image, detailed retinal view, clinical photography"
254_left.jpg,cataract,"high quality fundus photograph of an eye with cataract, cloudy lens, reduced clarity, medical ophthalmology image, detailed retinal view, clinical photography"
294_left.jpg,cataract,"high quality fundus photograph of an eye with cataract, cloudy lens, reduced clarity, medical ophthalmology image, detailed retinal view, clinical photography"
330_left.jpg,cataract,"high quality fundus photograph of an eye with cataract, cloudy lens, reduced clarity, medical ophthalmology image, detailed retinal view, clinical photography"
345_right.jpg,cataract,"high quality fundus photograph of an eye with cataract, cloudy lens, reduced clarity, medical ophthalmology image, detailed retinal view, clinical photography"
354_right.jpg,cataract,"high quality fundus photograph of an eye with cataract, cloudy lens, reduced clarity, medical ophthalmology image, detailed retinal view, clinical photography"
448_left.jpg,cataract,"high quality fundus photograph of an eye with cataract, cloudy lens, reduced clarity, medical ophthalmology image, detailed retinal view, clinical photography"
465_left.jpg,cataract,"high quality fundus photograph of an eye with cataract, cloudy lens, reduced clarity, medical ophthalmology image, detailed retinal view, clinical photography"
477_left.jpg,cataract,"high quality fundus photograph of an eye with cataract, cloudy lens, reduced clarity, medical ophthalmology image, detailed retinal view, clinical photography"
477_right.jpg,cataract,"high quality fundus photograph of an eye with cataract, cloudy lens, reduced clarity, medical ophthalmology image, detailed retinal view, clinical photography"
553_left.jpg,cataract,"high quality fundus photograph of an eye with cataract, cloudy lens, reduced clarity, medical ophthalmology image, detailed retinal view, clinical photography"
553_right.jpg,cataract,"high quality fundus photograph of an eye with cataract, cloudy lens, reduced clarity, medical ophthalmology image, detailed retinal view, clinical photography"
560_left.jpg,cataract,"high quality fundus photograph of an eye with cataract, cloudy lens, reduced clarity, medical ophthalmology image, detailed retinal view, clinical photography"
560_right.jpg,cataract,"high quality fundus photograph of an eye with cataract, cloudy lens, reduced clarity, medical ophthalmology image, detailed retinal view, clinical photography"
594_left.jpg,cataract,"high quality fundus photograph of an eye with cataract, cloudy lens, reduced clarity, medical ophthalmology image, detailed retinal view, clinical photography"
611_left.jpg,cataract,"high quality fundus photograph of an eye with cataract, cloudy lens, reduced clarity, medical ophthalmology image, detailed retinal view, clinical photography"
625_left.jpg,cataract,"high quality fundus photograph of an eye with cataract, cloudy lens, reduced clarity, medical ophthalmology image, detailed retinal view, clinical photography"
625_right.jpg,cataract,"high quality fundus photograph of an eye with cataract, cloudy lens, reduced clarity, medical ophthalmology image, detailed retinal view, clinical photography"
629_left.jpg,cataract,"high quality fundus photograph of an eye with cataract, cloudy lens, reduced clarity, medical ophthalmology image, detailed retinal view, clinical photography"
691_left.jpg,cataract,"high quality fundus photograph of an eye with cataract, cloudy lens, reduced clarity, medical ophthalmology image, detailed retinal view, clinical photography"
726_left.jpg,cataract,"high quality fundus photograph of an eye with cataract, cloudy lens, reduced clarity, medical ophthalmology image, detailed retinal view, clinical photography"
726_right.jpg,cataract,"high quality fundus photograph of an eye with cataract, cloudy lens, reduced clarity, medical ophthalmology image, detailed retinal view, clinical photography"
750_left.jpg,cataract,"high quality fundus photograph of an eye with cataract, cloudy lens, reduced clarity, medical ophthalmology image, detailed retinal view, clinical photography"
769_right.jpg,cataract,"high quality fundus photograph of an eye with cataract, cloudy lens, reduced clarity, medical ophthalmology image, detailed retinal view, clinical photography"
809_left.jpg,cataract,"high quality fundus photograph of an eye with cataract, cloudy lens, reduced clarity, medical ophthalmology image, detailed retinal view, clinical photography"
81_left.jpg,cataract,"high quality fundus photograph of an eye with cataract, cloudy lens, reduced clarity, medical ophthalmology image, detailed retinal view, clinical photography"
81_right.jpg,cataract,"high quality fundus photograph of an eye with cataract, cloudy lens, reduced clarity, medical ophthalmology image, detailed retinal view, clinical photography"
820_left.jpg,cataract,"high quality fundus photograph of an eye with cataract, cloudy lens, reduced clarity, medical ophthalmology image, detailed retinal view, clinical photography"
824_left.jpg,cataract,"high quality fundus photograph of an eye with cataract, cloudy lens, reduced clarity, medical ophthalmology image, detailed retinal view, clinical photography"
874_left.jpg,cataract,"high quality fundus photograph of an eye with cataract, cloudy lens, reduced clarity, medical ophthalmology image, detailed retinal view, clinical photography"
907_left.jpg,cataract,"high quality fundus photograph of an eye with cataract, cloudy lens, reduced clarity, medical ophthalmology image, detailed retinal view, clinical photography"
949_right.jpg,cataract,"high quality fundus photograph of an eye with cataract, cloudy lens, reduced clarity, medical ophthalmology image, detailed retinal view, clinical photography"
955_right.jpg,cataract,"high quality fundus photograph of an eye with cataract, cloudy lens, reduced clarity, medical ophthalmology image, detailed retinal view, clinical photography"
970_left.jpg,cataract,"high quality fundus photograph of an eye with cataract, cloudy lens, reduced clarity, medical ophthalmology image, detailed retinal view, clinical photography"
970_right.jpg,cataract,"high quality fundus photograph of an eye with cataract, cloudy lens, reduced clarity, medical ophthalmology image, detailed retinal view, clinical photography"
999_left.jpg,cataract,"high quality fundus photograph of an eye with cataract, cloudy lens, reduced clarity, medical ophthalmology image, detailed retinal view, clinical photography"
999_right.jpg,cataract,"high quality fundus photograph of an eye with cataract, cloudy lens, reduced clarity, medical ophthalmology image, detailed retinal view, clinical photography"
_0_4015166.jpg,cataract,"high quality fundus photograph of an eye with cataract, cloudy lens, reduced clarity, medical ophthalmology image, detailed retinal view, clinical photography"
_100_334408.jpg,cataract,"high quality fundus photograph of an eye with cataract, cloudy lens, reduced clarity, medical ophthalmology image, detailed retinal view, clinical photography"
_101_5139882.jpg,cataract,"high quality fundus photograph of an eye with cataract, cloudy lens, reduced clarity, medical ophthalmology image, detailed retinal view, clinical photography"
_101_709333.jpg,cataract,"high quality fundus photograph of an eye with cataract, cloudy lens, reduced clarity, medical ophthalmology image, detailed retinal view, clinical photography"
_102_1024926.jpg,cataract,"high quality fundus photograph of an eye with cataract, cloudy lens, reduced clarity, medical ophthalmology image, detailed retinal view, clinical photography"
_102_3990401.jpg,cataract,"high quality fundus photograph of an eye with cataract, cloudy lens, reduced clarity, medical ophthalmology image, detailed retinal view, clinical photography"
_103_5897328.jpg,cataract,"high quality fundus photograph of an eye with cataract, cloudy lens, reduced clarity, medical ophthalmology image, detailed retinal view, clinical photography"
_104_4607170.jpg,cataract,"high quality fundus photograph of an eye with cataract, cloudy lens, reduced clarity, medical ophthalmology image, detailed retinal view, clinical photography"
_105_5646774.jpg,cataract,"high quality fundus photograph of an eye with cataract, cloudy lens, reduced clarity, medical ophthalmology image, detailed retinal view, clinical photography"
_105_5956883.jpg,cataract,"high quality fundus photograph of an eye with cataract, cloudy lens, reduced clarity, medical ophthalmology image, detailed retinal view, clinical photography"
_106_5284713.jpg,cataract,"high quality fundus photograph of an eye with cataract, cloudy lens, reduced clarity, medical ophthalmology image, detailed retinal view, clinical photography"
_107_5060742.jpg,cataract,"high quality fundus photograph of an eye with cataract, cloudy lens, reduced clarity, medical ophthalmology image, detailed retinal view, clinical photography"
_108_750835.jpg,cataract,"high quality fundus photograph of an eye with cataract, cloudy lens, reduced clarity, medical ophthalmology image, detailed retinal view, clinical photography"
_108_8917257.jpg,cataract,"high quality fundus photograph of an eye with cataract, cloudy lens, reduced clarity, medical ophthalmology image, detailed retinal view, clinical photography"
_109_2006348.jpg,cataract,"high quality fundus photograph of an eye with cataract, cloudy lens, reduced clarity, medical ophthalmology image, detailed retinal view, clinical photography"
_109_2655056.jpg,cataract,"high quality fundus photograph of an eye with cataract, cloudy lens, reduced clarity, medical ophthalmology image, detailed retinal view, clinical photography"
_10_3215668.jpg,cataract,"high quality fundus photograph of an eye with cataract, cloudy lens, reduced clarity, medical ophthalmology image, detailed retinal view, clinical photography"
_110_5076150.jpg,cataract,"high quality fundus photograph of an eye with cataract, cloudy lens, reduced clarity, medical ophthalmology image, detailed retinal view, clinical photography"
_111_9826667.jpg,cataract,"high quality fundus photograph of an eye with cataract, cloudy lens, reduced clarity, medical ophthalmology image, detailed retinal view, clinical photography"
_112_3727502.jpg,cataract,"high quality fundus photograph of an eye with cataract, cloudy lens, reduced clarity, medical ophthalmology image, detailed retinal view, clinical photography"
_112_9621689.jpg,cataract,"high quality fundus photograph of an eye with cataract, cloudy lens, reduced clarity, medical ophthalmology image, detailed retinal view, clinical photography"
_113_1734230.jpg,cataract,"high quality fundus photograph of an eye with cataract, cloudy lens, reduced clarity, medical ophthalmology image, detailed retinal view, clinical photography"
_113_2699140.jpg,cataract,"high quality fundus photograph of an eye with cataract, cloudy lens, reduced clarity, medical ophthalmology image, detailed retinal view, clinical photography"
_114_3613830.jpg,cataract,"high quality fundus photograph of an eye with cataract, cloudy lens, reduced clarity, medical ophthalmology image, detailed retinal view, clinical photography"
_114_5711178.jpg,cataract,"high quality fundus photograph of an eye with cataract, cloudy lens, reduced clarity, medical ophthalmology image, detailed retinal view, clinical photography"
_114_9773152.jpg,cataract,"high quality fundus photograph of an eye with cataract, cloudy lens, reduced clarity, medical ophthalmology image, detailed retinal view, clinical photography"
_115_1763401.jpg,cataract,"high quality fundus photograph of an eye with cataract, cloudy lens, reduced clarity, medical ophthalmology image, detailed retinal view, clinical photography"
_115_6901151.jpg,cataract,"high quality fundus photograph of an eye with cataract, cloudy lens, reduced clarity, medical ophthalmology image, detailed retinal view, clinical photography"
_116_4683353.jpg,cataract,"high quality fundus photograph of an eye with cataract, cloudy lens, reduced clarity, medical ophthalmology image, detailed retinal view, clinical photography"
_117_6521529.jpg,cataract,"high quality fundus photograph of an eye with cataract, cloudy lens, reduced clarity, medical ophthalmology image, detailed retinal view, clinical photography"
_118_6296686.jpg,cataract,"high quality fundus photograph of an eye with cataract, cloudy lens, reduced clarity, medical ophthalmology image, detailed retinal view, clinical photography"
_119_6929742.jpg,cataract,"high quality fundus photograph of an eye with cataract, cloudy lens, reduced clarity, medical ophthalmology image, detailed retinal view, clinical photography"
_119_9887385.jpg,cataract,"high quality fundus photograph of an eye with cataract, cloudy lens, reduced clarity, medical ophthalmology image, detailed retinal view, clinical photography"
_11_7158929.jpg,cataract,"high quality fundus photograph of an eye with cataract, cloudy lens, reduced clarity, medical ophthalmology image, detailed retinal view, clinical photography"
_120_2375814.jpg,cataract,"high quality fundus photograph of an eye with cataract, cloudy lens, reduced clarity, medical ophthalmology image, detailed retinal view, clinical photography"
_120_3067914.jpg,cataract,"high quality fundus photograph of an eye with cataract, cloudy lens, reduced clarity, medical ophthalmology image, detailed retinal view, clinical photography"
_121_3847336.jpg,cataract,"high quality fundus photograph of an eye with cataract, cloudy lens, reduced clarity, medical ophthalmology image, detailed retinal view, clinical photography"
_121_5210506.jpg,cataract,"high quality fundus photograph of an eye with cataract, cloudy lens, reduced clarity, medical ophthalmology image, detailed retinal view, clinical photography"
_122_7237312.jpg,cataract,"high quality fundus photograph of an eye with cataract, cloudy lens, reduced clarity, medical ophthalmology image, detailed retinal view, clinical photography"
_123_8135331.jpg,cataract,"high quality fundus photograph of an eye with cataract, cloudy lens, reduced clarity, medical ophthalmology image, detailed retinal view, clinical photography"
_124_496149.jpg,cataract,"high quality fundus photograph of an eye with cataract, cloudy lens, reduced clarity, medical ophthalmology image, detailed retinal view, clinical photography"
_125_6571967.jpg,cataract,"high quality fundus photograph of an eye with cataract, cloudy lens, reduced clarity, medical ophthalmology image, detailed retinal view, clinical photography"
_126_1745653.jpg,cataract,"high quality fundus photograph of an eye with cataract, cloudy lens, reduced clarity, medical ophthalmology image, detailed retinal view, clinical photography"
_126_4964568.jpg,cataract,"high quality fundus photograph of an eye with cataract, cloudy lens, reduced clarity, medical ophthalmology image, detailed retinal view, clinical photography"
_127_2102071.jpg,cataract,"high quality fundus photograph of an eye with cataract, cloudy lens, reduced clarity, medical ophthalmology image, detailed retinal view, clinical photography"
_128_4502689.jpg,cataract,"high quality fundus photograph of an eye with cataract, cloudy lens, reduced clarity, medical ophthalmology image, detailed retinal view, clinical photography"
_129_3024383.jpg,cataract,"high quality fundus photograph of an eye with cataract, cloudy lens, reduced clarity, medical ophthalmology image, detailed retinal view, clinical photography"
_129_5296959.jpg,cataract,"high quality fundus photograph of an eye with cataract, cloudy lens, reduced clarity, medical ophthalmology image, detailed retinal view, clinical photography"
_12_5233869.jpg,cataract,"high quality fundus photograph of an eye with cataract, cloudy lens, reduced clarity, medical ophthalmology image, detailed retinal view, clinical photography"
_130_3561448.jpg,cataract,"high quality fundus photograph of an eye with cataract, cloudy lens, reduced clarity, medical ophthalmology image, detailed retinal view, clinical photography"
_130_7837321.jpg,cataract,"high quality fundus photograph of an eye with cataract, cloudy lens, reduced clarity, medical ophthalmology image, detailed retinal view, clinical photography"
_131_7587386.jpg,cataract,"high quality fundus photograph of an eye with cataract, cloudy lens, reduced clarity, medical ophthalmology image, detailed retinal view, clinical photography"
_131_863673.jpg,cataract,"high quality fundus photograph of an eye with cataract, cloudy lens, reduced clarity, medical ophthalmology image, detailed retinal view, clinical photography"
_132_7102134.jpg,cataract,"high quality fundus photograph of an eye with cataract, cloudy lens, reduced clarity, medical ophthalmology image, detailed retinal view, clinical photography"
_133_1300923.jpg,cataract,"high quality fundus photograph of an eye with cataract, cloudy lens, reduced clarity, medical ophthalmology image, detailed retinal view, clinical photography"
_134_4903477.jpg,cataract,"high quality fundus photograph of an eye with cataract, cloudy lens, reduced clarity, medical ophthalmology image, detailed retinal view, clinical photography"
_135_5639464.jpg,cataract,"high quality fundus photograph of an eye with cataract, cloudy lens, reduced clarity, medical ophthalmology image, detailed retinal view, clinical photography"
_135_7789155.jpg,cataract,"high quality fundus photograph of an eye with cataract, cloudy lens, reduced clarity, medical ophthalmology image, detailed retinal view, clinical photography"
_136_4030185.jpg,cataract,"high quality fundus photograph of an eye with cataract, cloudy lens, reduced clarity, medical ophthalmology image, detailed retinal view, clinical photography"
_137_7856304.jpg,cataract,"high quality fundus photograph of an eye with cataract, cloudy lens, reduced clarity, medical ophthalmology image, detailed retinal view, clinical photography"
_138_1949117.jpg,cataract,"high quality fundus photograph of an eye with cataract, cloudy lens, reduced clarity, medical ophthalmology image, detailed retinal view, clinical photography"
_139_583821.jpg,cataract,"high quality fundus photograph of an eye with cataract, cloudy lens, reduced clarity, medical ophthalmology image, detailed retinal view, clinical photography"
_13_3987009.jpg,cataract,"high quality fundus photograph of an eye with cataract, cloudy lens, reduced clarity, medical ophthalmology image, detailed retinal view, clinical photography"
_140_1534199.jpg,cataract,"high quality fundus photograph of an eye with cataract, cloudy lens, reduced clarity, medical ophthalmology image, detailed retinal view, clinical photography"
_141_3457945.jpg,cataract,"high quality fundus photograph of an eye with cataract, cloudy lens, reduced clarity, medical ophthalmology image, detailed retinal view, clinical photography"
_141_9740629.jpg,cataract,"high quality fundus photograph of an eye with cataract, cloudy lens, reduced clarity, medical ophthalmology image, detailed retinal view, clinical photography"
_142_7918627.jpg,cataract,"high quality fundus photograph of an eye with cataract, cloudy lens, reduced clarity, medical ophthalmology image, detailed retinal view, clinical photography"
_143_1247400.jpg,cataract,"high quality fundus photograph of an eye with cataract, cloudy lens, reduced clarity, medical ophthalmology image, detailed retinal view, clinical photography"
_143_9392801.jpg,cataract,"high quality fundus photograph of an eye with cataract, cloudy lens, reduced clarity, medical ophthalmology image, detailed retinal view, clinical photography"
_144_4907178.jpg,cataract,"high quality fundus photograph of an eye with cataract, cloudy lens, reduced clarity, medical ophthalmology image, detailed retinal view, clinical photography"
_144_6424765.jpg,cataract,"high quality fundus photograph of an eye with cataract, cloudy lens, reduced clarity, medical ophthalmology image, detailed retinal view, clinical photography"
_144_7061237.jpg,cataract,"high quality fundus photograph of an eye with cataract, cloudy lens, reduced clarity, medical ophthalmology image, detailed retinal view, clinical photography"
_145_6931784.jpg,cataract,"high quality fundus photograph of an eye with cataract, cloudy lens, reduced clarity, medical ophthalmology image, detailed retinal view, clinical photography"
_146_4268935.jpg,cataract,"high quality fundus photograph of an eye with cataract, cloudy lens, reduced clarity, medical ophthalmology image, detailed retinal view, clinical photography"
_146_5945090.jpg,cataract,"high quality fundus photograph of an eye with cataract, cloudy lens, reduced clarity, medical ophthalmology image, detailed retinal view, clinical photography"
_147_3710804.jpg,cataract,"high quality fundus photograph of an eye with cataract, cloudy lens, reduced clarity, medical ophthalmology image, detailed retinal view, clinical photography"
_147_3796034.jpg,cataract,"high quality fundus photograph of an eye with cataract, cloudy lens, reduced clarity, medical ophthalmology image, detailed retinal view, clinical photography"
_148_6795884.jpg,cataract,"high quality fundus photograph of an eye with cataract, cloudy lens, reduced clarity, medical ophthalmology image, detailed retinal view, clinical photography"
_149_3115900.jpg,cataract,"high quality fundus photograph of an eye with cataract, cloudy lens, reduced clarity, medical ophthalmology image, detailed retinal view, clinical photography"
_149_9419457.jpg,cataract,"high quality fundus photograph of an eye with cataract, cloudy lens, reduced clarity, medical ophthalmology image, detailed retinal view, clinical photography"
_14_7805520.jpg,cataract,"high quality fundus photograph of an eye with cataract, cloudy lens, reduced clarity, medical ophthalmology image, detailed retinal view, clinical photography"
_150_2517277.jpg,cataract,"high quality fundus photograph of an eye with cataract, cloudy lens, reduced clarity, medical ophthalmology image, detailed retinal view, clinical photography"
_150_8876899.jpg,cataract,"high quality fundus photograph of an eye with cataract, cloudy lens, reduced clarity, medical ophthalmology image, detailed retinal view, clinical photography"
_151_4262050.jpg,cataract,"high quality fundus photograph of an eye with cataract, cloudy lens, reduced clarity, medical ophthalmology image, detailed retinal view, clinical photography"
_151_5293593.jpg,cataract,"high quality fundus photograph of an eye with cataract, cloudy lens, reduced clarity, medical ophthalmology image, detailed retinal view, clinical photography"
_152_8894820.jpg,cataract,"high quality fundus photograph of an eye with cataract, cloudy lens, reduced clarity, medical ophthalmology image, detailed retinal view, clinical photography"
_152_9176638.jpg,cataract,"high quality fundus photograph of an eye with cataract, cloudy lens, reduced clarity, medical ophthalmology image, detailed retinal view, clinical photography"
_153_5085382.jpg,cataract,"high quality fundus photograph of an eye with cataract, cloudy lens, reduced clarity, medical ophthalmology image, detailed retinal view, clinical photography"
_154_1054490.jpg,cataract,"high quality fundus photograph of an eye with cataract, cloudy lens, reduced clarity, medical ophthalmology image, detailed retinal view, clinical photography"
_154_6316287.jpg,cataract,"high quality fundus photograph of an eye with cataract, cloudy lens, reduced clarity, medical ophthalmology image, detailed retinal view, clinical photography"
_155_2004552.jpg,cataract,"high quality fundus photograph of an eye with cataract, cloudy lens, reduced clarity, medical ophthalmology image, detailed retinal view, clinical photography"
_156_6418009.jpg,cataract,"high quality fundus photograph of an eye with cataract, cloudy lens, reduced clarity, medical ophthalmology image, detailed retinal view, clinical photography"
_157_2679833.jpg,cataract,"high quality fundus photograph of an eye with cataract, cloudy lens, reduced clarity, medical ophthalmology image, detailed retinal view, clinical photography"
_157_8093661.jpg,cataract,"high quality fundus photograph of an eye with cataract, cloudy lens, reduced clarity, medical ophthalmology image, detailed retinal view, clinical photography"
_158_2964657.jpg,cataract,"high quality fundus photograph of an eye with cataract, cloudy lens, reduced clarity, medical ophthalmology image, detailed retinal view, clinical photography"
_158_6990173.jpg,cataract,"high quality fundus photograph of an eye with cataract, cloudy lens, reduced clarity, medical ophthalmology image, detailed retinal view, clinical photography"
_159_1399279.jpg,cataract,"high quality fundus photograph of an eye with cataract, cloudy lens, reduced clarity, medical ophthalmology image, detailed retinal view, clinical photography"
_159_5245707.jpg,cataract,"high quality fundus photograph of an eye with cataract, cloudy lens, reduced clarity, medical ophthalmology image, detailed retinal view, clinical photography"
_159_8564797.jpg,cataract,"high quality fundus photograph of an eye with cataract, cloudy lens, reduced clarity, medical ophthalmology image, detailed retinal view, clinical photography"
_15_7471583.jpg,cataract,"high quality fundus photograph of an eye with cataract, cloudy lens, reduced clarity, medical ophthalmology image, detailed retinal view, clinical photography"
_160_9941636.jpg,cataract,"high quality fundus photograph of an eye with cataract, cloudy lens, reduced clarity, medical ophthalmology image, detailed retinal view, clinical photography"
_160_9986895.jpg,cataract,"high quality fundus photograph of an eye with cataract, cloudy lens, reduced clarity, medical ophthalmology image, detailed retinal view, clinical photography"
_161_3798587.jpg,cataract,"high quality fundus photograph of an eye with cataract, cloudy lens, reduced clarity, medical ophthalmology image, detailed retinal view, clinical photography"
_162_3096677.jpg,cataract,"high quality fundus photograph of an eye with cataract, cloudy lens, reduced clarity, medical ophthalmology image, detailed retinal view, clinical photography"
_162_3770706.jpg,cataract,"high quality fundus photograph of an eye with cataract, cloudy lens, reduced clarity, medical ophthalmology image, detailed retinal view, clinical photography"
_163_2414975.jpg,cataract,"high quality fundus photograph of an eye with cataract, cloudy lens, reduced clarity, medical ophthalmology image, detailed retinal view, clinical photography"
_163_6585488.jpg,cataract,"high quality fundus photograph of an eye with cataract, cloudy lens, reduced clarity, medical ophthalmology image, detailed retinal view, clinical photography"
_163_6979961.jpg,cataract,"high quality fundus photograph of an eye with cataract, cloudy lens, reduced clarity, medical ophthalmology image, detailed retinal view, clinical photography"
_164_4857097.jpg,cataract,"high quality fundus photograph of an eye with cataract, cloudy lens, reduced clarity, medical ophthalmology image, detailed retinal view, clinical photography"
_165_8028203.jpg,cataract,"high quality fundus photograph of an eye with cataract, cloudy lens, reduced clarity, medical ophthalmology image, detailed retinal view, clinical photography"
_166_6232447.jpg,cataract,"high quality fundus photograph of an eye with cataract, cloudy lens, reduced clarity, medical ophthalmology image, detailed retinal view, clinical photography"
_166_7102152.jpg,cataract,"high quality fundus photograph of an eye with cataract, cloudy lens, reduced clarity, medical ophthalmology image, detailed retinal view, clinical photography"
_167_2873590.jpg,cataract,"high quality fundus photograph of an eye with cataract, cloudy lens, reduced clarity, medical ophthalmology image, detailed retinal view, clinical photography"
_168_2726147.jpg,cataract,"high quality fundus photograph of an eye with cataract, cloudy lens, reduced clarity, medical ophthalmology image, detailed retinal view, clinical photography"
_168_4661031.jpg,cataract,"high quality fundus photograph of an eye with cataract, cloudy lens, reduced clarity, medical ophthalmology image, detailed retinal view, clinical photography"
_169_5886938.jpg,cataract,"high quality fundus photograph of an eye with cataract, cloudy lens, reduced clarity, medical ophthalmology image, detailed retinal view, clinical photography"
_16_1907643.jpg,cataract,"high quality fundus photograph of an eye with cataract, cloudy lens, reduced clarity, medical ophthalmology image, detailed retinal view, clinical photography"
_16_8423210.jpg,cataract,"high quality fundus photograph of an eye with cataract, cloudy lens, reduced clarity, medical ophthalmology image, detailed retinal view, clinical photography"
_170_1001041.jpg,cataract,"high quality fundus photograph of an eye with cataract, cloudy lens, reduced clarity, medical ophthalmology image, detailed retinal view, clinical photography"
_170_4585047.jpg,cataract,"high quality fundus photograph of an eye with cataract, cloudy lens, reduced clarity, medical ophthalmology image, detailed retinal view, clinical photography"
_170_5458800.jpg,cataract,"high quality fundus photograph of an eye with cataract, cloudy lens, reduced clarity, medical ophthalmology image, detailed retinal view, clinical photography"
_171_4298450.jpg,cataract,"high quality fundus photograph of an eye with cataract, cloudy lens, reduced clarity, medical ophthalmology image, detailed retinal view, clinical photography"
_171_5903297.jpg,cataract,"high quality fundus photograph of an eye with cataract, cloudy lens, reduced clarity, medical ophthalmology image, detailed retinal view, clinical photography"
_172_1350351.jpg,cataract,"high quality fundus photograph of an eye with cataract, cloudy lens, reduced clarity, medical ophthalmology image, detailed retinal view, clinical photography"
_172_4553386.jpg,cataract,"high quality fundus photograph of an eye with cataract, cloudy lens, reduced clarity, medical ophthalmology image, detailed retinal view, clinical photography"
_172_5595526.jpg,cataract,"high quality fundus photograph of an eye with cataract, cloudy lens, reduced clarity, medical ophthalmology image, detailed retinal view, clinical photography"
_173_6477739.jpg,cataract,"high quality fundus photograph of an eye with cataract, cloudy lens, reduced clarity, medical ophthalmology image, detailed retinal view, clinical photography"
_173_9178799.jpg,cataract,"high quality fundus photograph of an eye with cataract, cloudy lens, reduced clarity, medical ophthalmology image, detailed retinal view, clinical photography"
_174_1289707.jpg,cataract,"high quality fundus photograph of an eye with cataract, cloudy lens, reduced clarity, medical ophthalmology image, detailed retinal view, clinical photography"
_174_2373322.jpg,cataract,"high quality fundus photograph of an eye with cataract, cloudy lens, reduced clarity, medical ophthalmology image, detailed retinal view, clinical photography"
_175_2515467.jpg,cataract,"high quality fundus photograph of an eye with cataract, cloudy lens, reduced clarity, medical ophthalmology image, detailed retinal view, clinical photography"
_175_4238344.jpg,cataract,"high quality fundus photograph of an eye with cataract, cloudy lens, reduced clarity, medical ophthalmology image, detailed retinal view, clinical photography"
_176_2398738.jpg,cataract,"high quality fundus photograph of an eye with cataract, cloudy lens, reduced clarity, medical ophthalmology image, detailed retinal view, clinical photography"
_176_4641501.jpg,cataract,"high quality fundus photograph of an eye with cataract, cloudy lens, reduced clarity, medical ophthalmology image, detailed retinal view, clinical photography"
_176_7840976.jpg,cataract,"high quality fundus photograph of an eye with cataract, cloudy lens, reduced clarity, medical ophthalmology image, detailed retinal view, clinical photography"
_177_2299576.jpg,cataract,"high quality fundus photograph of an eye with cataract, cloudy lens, reduced clarity, medical ophthalmology image, detailed retinal view, clinical photography"
_178_8645920.jpg,cataract,"high quality fundus photograph of an eye with cataract, cloudy lens, reduced clarity, medical ophthalmology image, detailed retinal view, clinical photography"
_179_3417628.jpg,cataract,"high quality fundus photograph of an eye with cataract, cloudy lens, reduced clarity, medical ophthalmology image, detailed retinal view, clinical photography"
_17_1497593.jpg,cataract,"high quality fundus photograph of an eye with cataract, cloudy lens, reduced clarity, medical ophthalmology image, detailed retinal view, clinical photography"
_17_6538881.jpg,cataract,"high quality fundus photograph of an eye with cataract, cloudy lens, reduced clarity, medical ophthalmology image, detailed retinal view, clinical photography"
_180_5849178.jpg,cataract,"high quality fundus photograph of an eye with cataract, cloudy lens, reduced clarity, medical ophthalmology image, detailed retinal view, clinical photography"
_180_8003252.jpg,cataract,"high quality fundus photograph of an eye with cataract, cloudy lens, reduced clarity, medical ophthalmology image, detailed retinal view, clinical photography"
_181_2009794.jpg,cataract,"high quality fundus photograph of an eye with cataract, cloudy lens, reduced clarity, medical ophthalmology image, detailed retinal view, clinical photography"
_181_5482893.jpg,cataract,"high quality fundus photograph of an eye with cataract, cloudy lens, reduced clarity, medical ophthalmology image, detailed retinal view, clinical photography"
_182_8895927.jpg,cataract,"high quality fundus photograph of an eye with cataract, cloudy lens, reduced clarity, medical ophthalmology image, detailed retinal view, clinical photography"
_182_9646286.jpg,cataract,"high quality fundus photograph of an eye with cataract, cloudy lens, reduced clarity, medical ophthalmology image, detailed retinal view, clinical photography"
_183_2695432.jpg,cataract,"high quality fundus photograph of an eye with cataract, cloudy lens, reduced clarity, medical ophthalmology image, detailed retinal view, clinical photography"
_183_2869065.jpg,cataract,"high quality fundus photograph of an eye with cataract, cloudy lens, reduced clarity, medical ophthalmology image, detailed retinal view, clinical photography"
_184_5733369.jpg,cataract,"high quality fundus photograph of an eye with cataract, cloudy lens, reduced clarity, medical ophthalmology image, detailed retinal view, clinical photography"
_184_5953446.jpg,cataract,"high quality fundus photograph of an eye with cataract, cloudy lens, reduced clarity, medical ophthalmology image, detailed retinal view, clinical photography"
_185_1841552.jpg,cataract,"high quality fundus photograph of an eye with cataract, cloudy lens, reduced clarity, medical ophthalmology image, detailed retinal view, clinical photography"
_185_7271854.jpg,cataract,"high quality fundus photograph of an eye with cataract, cloudy lens, reduced clarity, medical ophthalmology image, detailed retinal view, clinical photography"
_186_7038738.jpg,cataract,"high quality fundus photograph of an eye with cataract, cloudy lens, reduced clarity, medical ophthalmology image, detailed retinal view, clinical photography"
_187_1814280.jpg,cataract,"high quality fundus photograph of an eye with cataract, cloudy lens, reduced clarity, medical ophthalmology image, detailed retinal view, clinical photography"
_187_5549549.jpg,cataract,"high quality fundus photograph of an eye with cataract, cloudy lens, reduced clarity, medical ophthalmology image, detailed retinal view, clinical photography"
_188_5482423.jpg,cataract,"high quality fundus photograph of an eye with cataract, cloudy lens, reduced clarity, medical ophthalmology image, detailed retinal view, clinical photography"
_189_1773149.jpg,cataract,"high quality fundus photograph of an eye with cataract, cloudy lens, reduced clarity, medical ophthalmology image, detailed retinal view, clinical photography"
_189_5910645.jpg,cataract,"high quality fundus photograph of an eye with cataract, cloudy lens, reduced clarity, medical ophthalmology image, detailed retinal view, clinical photography"
_18_3816222.jpg,cataract,"high quality fundus photograph of an eye with cataract, cloudy lens, reduced clarity, medical ophthalmology image, detailed retinal view, clinical photography"
_18_952924.jpg,cataract,"high quality fundus photograph of an eye with cataract, cloudy lens, reduced clarity, medical ophthalmology image, detailed retinal view, clinical photography"
_190_3033991.jpg,cataract,"high quality fundus photograph of an eye with cataract, cloudy lens, reduced clarity, medical ophthalmology image, detailed retinal view, clinical photography"
_190_7244239.jpg,cataract,"high quality fundus photograph of an eye with cataract, cloudy lens, reduced clarity, medical ophthalmology image, detailed retinal view, clinical photography"
_191_9356535.jpg,cataract,"high quality fundus photograph of an eye with cataract, cloudy lens, reduced clarity, medical ophthalmology image, detailed retinal view, clinical photography"
_192_7851600.jpg,cataract,"high quality fundus photograph of an eye with cataract, cloudy lens, reduced clarity, medical ophthalmology image, detailed retinal view, clinical photography"
_193_4841605.jpg,cataract,"high quality fundus photograph of an eye with cataract, cloudy lens, reduced clarity, medical ophthalmology image, detailed retinal view, clinical photography"
_193_6483689.jpg,cataract,"high quality fundus photograph of an eye with cataract, cloudy lens, reduced clarity, medical ophthalmology image, detailed retinal view, clinical photography"
_194_6438145.jpg,cataract,"high quality fundus photograph of an eye with cataract, cloudy lens, reduced clarity, medical ophthalmology image, detailed retinal view, clinical photography"
_195_1750450.jpg,cataract,"high quality fundus photograph of an eye with cataract, cloudy lens, reduced clarity, medical ophthalmology image, detailed retinal view, clinical photography"
_195_3247880.jpg,cataract,"high quality fundus photograph of an eye with cataract, cloudy lens, reduced clarity, medical ophthalmology image, detailed retinal view, clinical photography"
_196_4818116.jpg,cataract,"high quality fundus photograph of an eye with cataract, cloudy lens, reduced clarity, medical ophthalmology image, detailed retinal view, clinical photography"
_196_6946219.jpg,cataract,"high quality fundus photograph of an eye with cataract, cloudy lens, reduced clarity, medical ophthalmology image, detailed retinal view, clinical photography"
_197_2029104.jpg,cataract,"high quality fundus photograph of an eye with cataract, cloudy lens, reduced clarity, medical ophthalmology image, detailed retinal view, clinical photography"
_197_5321234.jpg,cataract,"high quality fundus photograph of an eye with cataract, cloudy lens, reduced clarity, medical ophthalmology image, detailed retinal view, clinical photography"
_198_3243264.jpg,cataract,"high quality fundus photograph of an eye with cataract, cloudy lens, reduced clarity, medical ophthalmology image, detailed retinal view, clinical photography"
_198_3804403.jpg,cataract,"high quality fundus photograph of an eye with cataract, cloudy lens, reduced clarity, medical ophthalmology image, detailed retinal view, clinical photography"
_198_6027510.jpg,cataract,"high quality fundus photograph of an eye with cataract, cloudy lens, reduced clarity, medical ophthalmology image, detailed retinal view, clinical photography"
_199_2279189.jpg,cataract,"high quality fundus photograph of an eye with cataract, cloudy lens, reduced clarity, medical ophthalmology image, detailed retinal view, clinical photography"
_19_9976222.jpg,cataract,"high quality fundus photograph of an eye with cataract, cloudy lens, reduced clarity, medical ophthalmology image, detailed retinal view, clinical photography"
_1_5346540.jpg,cataract,"high quality fundus photograph of an eye with cataract, cloudy lens, reduced clarity, medical ophthalmology image, detailed retinal view, clinical photography"
_1_7703314.jpg,cataract,"high quality fundus photograph of an eye with cataract, cloudy lens, reduced clarity, medical ophthalmology image, detailed retinal view, clinical photography"
_200_9649683.jpg,cataract,"high quality fundus photograph of an eye with cataract, cloudy lens, reduced clarity, medical ophthalmology image, detailed retinal view, clinical photography"
_201_2875079.jpg,cataract,"high quality fundus photograph of an eye with cataract, cloudy lens, reduced clarity, medical ophthalmology image, detailed retinal view, clinical photography"
_201_841062.jpg,cataract,"high quality fundus photograph of an eye with cataract, cloudy lens, reduced clarity, medical ophthalmology image, detailed retinal view, clinical photography"
_202_4720633.jpg,cataract,"high quality fundus photograph of an eye with cataract, cloudy lens, reduced clarity, medical ophthalmology image, detailed retinal view, clinical photography"
_203_3825515.jpg,cataract,"high quality fundus photograph of an eye with cataract, cloudy lens, reduced clarity, medical ophthalmology image, detailed retinal view, clinical photography"
_203_6969732.jpg,cataract,"high quality fundus photograph of an eye with cataract, cloudy lens, reduced clarity, medical ophthalmology image, detailed retinal view, clinical photography"
_204_5979635.jpg,cataract,"high quality fundus photograph of an eye with cataract, cloudy lens, reduced clarity, medical ophthalmology image, detailed retinal view, clinical photography"
_204_6939524.jpg,cataract,"high quality fundus photograph of an eye with cataract, cloudy lens, reduced clarity, medical ophthalmology image, detailed retinal view, clinical photography"
_205_1775772.jpg,cataract,"high quality fundus photograph of an eye with cataract, cloudy lens, reduced clarity, medical ophthalmology image, detailed retinal view, clinical photography"
_206_4468888.jpg,cataract,"high quality fundus photograph of an eye with cataract, cloudy lens, reduced clarity, medical ophthalmology image, detailed retinal view, clinical photography"
_206_6210252.jpg,cataract,"high quality fundus photograph of an eye with cataract, cloudy lens, reduced clarity, medical ophthalmology image, detailed retinal view, clinical photography"
_207_6945490.jpg,cataract,"high quality fundus photograph of an eye with cataract, cloudy lens, reduced clarity, medical ophthalmology image, detailed retinal view, clinical photography"
_207_8213037.jpg,cataract,"high quality fundus photograph of an eye with cataract, cloudy lens, reduced clarity, medical ophthalmology image, detailed retinal view, clinical photography"
_208_168871.jpg,cataract,"high quality fundus photograph of an eye with cataract, cloudy lens, reduced clarity, medical ophthalmology image, detailed retinal view, clinical photography"
_208_2337200.jpg,cataract,"high quality fundus photograph of an eye with cataract, cloudy lens, reduced clarity, medical ophthalmology image, detailed retinal view, clinical photography"
_209_2468249.jpg,cataract,"high quality fundus photograph of an eye with cataract, cloudy lens, reduced clarity, medical ophthalmology image, detailed retinal view, clinical photography"
_209_4208693.jpg,cataract,"high quality fundus photograph of an eye with cataract, cloudy lens, reduced clarity, medical ophthalmology image, detailed retinal view, clinical photography"
_20_6629557.jpg,cataract,"high quality fundus photograph of an eye with cataract, cloudy lens, reduced clarity, medical ophthalmology image, detailed retinal view, clinical photography"
_210_8722439.jpg,cataract,"high quality fundus photograph of an eye with cataract, cloudy lens, reduced clarity, medical ophthalmology image, detailed retinal view, clinical photography"
_211_3296609.jpg,cataract,"high quality fundus photograph of an eye with cataract, cloudy lens, reduced clarity, medical ophthalmology image, detailed retinal view, clinical photography"
_211_9288352.jpg,cataract,"high quality fundus photograph of an eye with cataract, cloudy lens, reduced clarity, medical ophthalmology image, detailed retinal view, clinical photography"
_212_7340392.jpg,cataract,"high quality fundus photograph of an eye with cataract, cloudy lens, reduced clarity, medical ophthalmology image, detailed retinal view, clinical photography"
_212_8423506.jpg,cataract,"high quality fundus photograph of an eye with cataract, cloudy lens, reduced clarity, medical ophthalmology image, detailed retinal view, clinical photography"
_213_1709362.jpg,cataract,"high quality fundus photograph of an eye with cataract, cloudy lens, reduced clarity, medical ophthalmology image, detailed retinal view, clinical photography"
_214_267241.jpg,cataract,"high quality fundus photograph of an eye with cataract, cloudy lens, reduced clarity, medical ophthalmology image, detailed retinal view, clinical photography"
_214_5569507.jpg,cataract,"high quality fundus photograph of an eye with cataract, cloudy lens, reduced clarity, medical ophthalmology image, detailed retinal view, clinical photography"
_215_3764172.jpg,cataract,"high quality fundus photograph of an eye with cataract, cloudy lens, reduced clarity, medical ophthalmology image, detailed retinal view, clinical photography"
_216_7774590.jpg,cataract,"high quality fundus photograph of an eye with cataract, cloudy lens, reduced clarity, medical ophthalmology image, detailed retinal view, clinical photography"
_217_6662129.jpg,cataract,"high quality fundus photograph of an eye with cataract, cloudy lens, reduced clarity, medical ophthalmology image, detailed retinal view, clinical photography"
_217_8865645.jpg,cataract,"high quality fundus photograph of an eye with cataract, cloudy lens, reduced clarity, medical ophthalmology image, detailed retinal view, clinical photography"
_218_2512305.jpg,cataract,"high quality fundus photograph of an eye with cataract, cloudy lens, reduced clarity, medical ophthalmology image, detailed retinal view, clinical photography"
_218_687151.jpg,cataract,"high quality fundus photograph of an eye with cataract, cloudy lens, reduced clarity, medical ophthalmology image, detailed retinal view, clinical photography"
_219_4968838.jpg,cataract,"high quality fundus photograph of an eye with cataract, cloudy lens, reduced clarity, medical ophthalmology image, detailed retinal view, clinical photography"
_21_4533748.jpg,cataract,"high quality fundus photograph of an eye with cataract, cloudy lens, reduced clarity, medical ophthalmology image, detailed retinal view, clinical photography"
_21_8755311.jpg,cataract,"high quality fundus photograph of an eye with cataract, cloudy lens, reduced clarity, medical ophthalmology image, detailed retinal view, clinical photography"
_220_2113285.jpg,cataract,"high quality fundus photograph of an eye with cataract, cloudy lens, reduced clarity, medical ophthalmology image, detailed retinal view, clinical photography"
_221_6907746.jpg,cataract,"high quality fundus photograph of an eye with cataract, cloudy lens, reduced clarity, medical ophthalmology image, detailed retinal view, clinical photography"
_221_9234991.jpg,cataract,"high quality fundus photograph of an eye with cataract, cloudy lens, reduced clarity, medical ophthalmology image, detailed retinal view, clinical photography"
_222_7343969.jpg,cataract,"high quality fundus photograph of an eye with cataract, cloudy lens, reduced clarity, medical ophthalmology image, detailed retinal view, clinical photography"
_223_4290439.jpg,cataract,"high quality fundus photograph of an eye with cataract, cloudy lens, reduced clarity, medical ophthalmology image, detailed retinal view, clinical photography"
_224_4070697.jpg,cataract,"high quality fundus photograph of an eye with cataract, cloudy lens, reduced clarity, medical ophthalmology image, detailed retinal view, clinical photography"
_224_4837152.jpg,cataract,"high quality fundus photograph of an eye with cataract, cloudy lens, reduced clarity, medical ophthalmology image, detailed retinal view, clinical photography"
_225_8520.jpg,cataract,"high quality fundus photograph of an eye with cataract, cloudy lens, reduced clarity, medical ophthalmology image, detailed retinal view, clinical photography"
_226_4234312.jpg,cataract,"high quality fundus photograph of an eye with cataract, cloudy lens, reduced clarity, medical ophthalmology image, detailed retinal view, clinical photography"
_227_1163752.jpg,cataract,"high quality fundus photograph of an eye with cataract, cloudy lens, reduced clarity, medical ophthalmology image, detailed retinal view, clinical photography"
_227_498752.jpg,cataract,"high quality fundus photograph of an eye with cataract, cloudy lens, reduced clarity, medical ophthalmology image, detailed retinal view, clinical photography"
_227_9889754.jpg,cataract,"high quality fundus photograph of an eye with cataract, cloudy lens, reduced clarity, medical ophthalmology image, detailed retinal view, clinical photography"
_228_2229739.jpg,cataract,"high quality fundus photograph of an eye with cataract, cloudy lens, reduced clarity, medical ophthalmology image, detailed retinal view, clinical photography"
_228_4231065.jpg,cataract,"high quality fundus photograph of an eye with cataract, cloudy lens, reduced clarity, medical ophthalmology image, detailed retinal view, clinical photography"
_229_5185520.jpg,cataract,"high quality fundus photograph of an eye with cataract, cloudy lens, reduced clarity, medical ophthalmology image, detailed retinal view, clinical photography"
_22_2368616.jpg,cataract,"high quality fundus photograph of an eye with cataract, cloudy lens, reduced clarity, medical ophthalmology image, detailed retinal view, clinical photography"
_22_9724179.jpg,cataract,"high quality fundus photograph of an eye with cataract, cloudy lens, reduced clarity, medical ophthalmology image, detailed retinal view, clinical photography"
_230_7976367.jpg,cataract,"high quality fundus photograph of an eye with cataract, cloudy lens, reduced clarity, medical ophthalmology image, detailed retinal view, clinical photography"
_230_9762004.jpg,cataract,"high quality fundus photograph of an eye with cataract, cloudy lens, reduced clarity, medical ophthalmology image, detailed retinal view, clinical photography"
_231_3245768.jpg,cataract,"high quality fundus photograph of an eye with cataract, cloudy lens, reduced clarity, medical ophthalmology image, detailed retinal view, clinical photography"
_232_6943070.jpg,cataract,"high quality fundus photograph of an eye with cataract, cloudy lens, reduced clarity, medical ophthalmology image, detailed retinal view, clinical photography"
_233_8101340.jpg,cataract,"high quality fundus photograph of an eye with cataract, cloudy lens, reduced clarity, medical ophthalmology image, detailed retinal view, clinical photography"
_233_9763374.jpg,cataract,"high quality fundus photograph of an eye with cataract, cloudy lens, reduced clarity, medical ophthalmology image, detailed retinal view, clinical photography"
_234_579953.jpg,cataract,"high quality fundus photograph of an eye with cataract, cloudy lens, reduced clarity, medical ophthalmology image, detailed retinal view, clinical photography"
_235_2122461.jpg,cataract,"high quality fundus photograph of an eye with cataract, cloudy lens, reduced clarity, medical ophthalmology image, detailed retinal view, clinical photography"
_236_9551809.jpg,cataract,"high quality fundus photograph of an eye with cataract, cloudy lens, reduced clarity, medical ophthalmology image, detailed retinal view, clinical photography"
_237_8444315.jpg,cataract,"high quality fundus photograph of an eye with cataract, cloudy lens, reduced clarity, medical ophthalmology image, detailed retinal view, clinical photography"
_237_9130201.jpg,cataract,"high quality fundus photograph of an eye with cataract, cloudy lens, reduced clarity, medical ophthalmology image, detailed retinal view, clinical photography"
_238_358899.jpg,cataract,"high quality fundus photograph of an eye with cataract, cloudy lens, reduced clarity, medical ophthalmology image, detailed retinal view, clinical photography"
_238_5389628.jpg,cataract,"high quality fundus photograph of an eye with cataract, cloudy lens, reduced clarity, medical ophthalmology image, detailed retinal view, clinical photography"
_238_9445598.jpg,cataract,"high quality fundus photograph of an eye with cataract, cloudy lens, reduced clarity, medical ophthalmology image, detailed retinal view, clinical photography"
_239_3022913.jpg,cataract,"high quality fundus photograph of an eye with cataract, cloudy lens, reduced clarity, medical ophthalmology image, detailed retinal view, clinical photography"
_23_4636959.jpg,cataract,"high quality fundus photograph of an eye with cataract, cloudy lens, reduced clarity, medical ophthalmology image, detailed retinal view, clinical photography"
_23_5187079.jpg,cataract,"high quality fundus photograph of an eye with cataract, cloudy lens, reduced clarity, medical ophthalmology image, detailed retinal view, clinical photography"
_23_9533792.jpg,cataract,"high quality fundus photograph of an eye with cataract, cloudy lens, reduced clarity, medical ophthalmology image, detailed retinal view, clinical photography"
_240_4981563.jpg,cataract,"high quality fundus photograph of an eye with cataract, cloudy lens, reduced clarity, medical ophthalmology image, detailed retinal view, clinical photography"
_241_6604562.jpg,cataract,"high quality fundus photograph of an eye with cataract, cloudy lens, reduced clarity, medical ophthalmology image, detailed retinal view, clinical photography"
_241_7236668.jpg,cataract,"high quality fundus photograph of an eye with cataract, cloudy lens, reduced clarity, medical ophthalmology image, detailed retinal view, clinical photography"
_242_3038184.jpg,cataract,"high quality fundus photograph of an eye with cataract, cloudy lens, reduced clarity, medical ophthalmology image, detailed retinal view, clinical photography"
_242_7073642.jpg,cataract,"high quality fundus photograph of an eye with cataract, cloudy lens, reduced clarity, medical ophthalmology image, detailed retinal view, clinical photography"
_243_1070648.jpg,cataract,"high quality fundus photograph of an eye with cataract, cloudy lens, reduced clarity, medical ophthalmology image, detailed retinal view, clinical photography"
_243_5311552.jpg,cataract,"high quality fundus photograph of an eye with cataract, cloudy lens, reduced clarity, medical ophthalmology image, detailed retinal view, clinical photography"
_244_3481752.jpg,cataract,"high quality fundus photograph of an eye with cataract, cloudy lens, reduced clarity, medical ophthalmology image, detailed retinal view, clinical photography"
_244_5451565.jpg,cataract,"high quality fundus photograph of an eye with cataract, cloudy lens, reduced clarity, medical ophthalmology image, detailed retinal view, clinical photography"
_245_498355.jpg,cataract,"high quality fundus photograph of an eye with cataract, cloudy lens, reduced clarity, medical ophthalmology image, detailed retinal view, clinical photography"
_245_5686342.jpg,cataract,"high quality fundus photograph of an eye with cataract, cloudy lens, reduced clarity, medical ophthalmology image, detailed retinal view, clinical photography"
_245_789720.jpg,cataract,"high quality fundus photograph of an eye with cataract, cloudy lens, reduced clarity, medical ophthalmology image, detailed retinal view, clinical photography"
_246_8777337.jpg,cataract,"high quality fundus photograph of an eye with cataract, cloudy lens, reduced clarity, medical ophthalmology image, detailed retinal view, clinical photography"
_247_7009710.jpg,cataract,"high quality fundus photograph of an eye with cataract, cloudy lens, reduced clarity, medical ophthalmology image, detailed retinal view, clinical photography"
_247_9509040.jpg,cataract,"high quality fundus photograph of an eye with cataract, cloudy lens, reduced clarity, medical ophthalmology image, detailed retinal view, clinical photography"
_248_3607543.jpg,cataract,"high quality fundus photograph of an eye with cataract, cloudy lens, reduced clarity, medical ophthalmology image, detailed retinal view, clinical photography"
_248_8765348.jpg,cataract,"high quality fundus photograph of an eye with cataract, cloudy lens, reduced clarity, medical ophthalmology image, detailed retinal view, clinical photography"
_249_4807123.jpg,cataract,"high quality fundus photograph of an eye with cataract, cloudy lens, reduced clarity, medical ophthalmology image, detailed retinal view, clinical photography"
_24_6096407.jpg,cataract,"high quality fundus photograph of an eye with cataract, cloudy lens, reduced clarity, medical ophthalmology image, detailed retinal view, clinical photography"
_24_8522038.jpg,cataract,"high quality fundus photograph of an eye with cataract, cloudy lens, reduced clarity, medical ophthalmology image, detailed retinal view, clinical photography"
_250_4727436.jpg,cataract,"high quality fundus photograph of an eye with cataract, cloudy lens, reduced clarity, medical ophthalmology image, detailed retinal view, clinical photography"
_251_1089143.jpg,cataract,"high quality fundus photograph of an eye with cataract, cloudy lens, reduced clarity, medical ophthalmology image, detailed retinal view, clinical photography"
_251_6299381.jpg,cataract,"high quality fundus photograph of an eye with cataract, cloudy lens, reduced clarity, medical ophthalmology image, detailed retinal view, clinical photography"
_252_4692803.jpg,cataract,"high quality fundus photograph of an eye with cataract, cloudy lens, reduced clarity, medical ophthalmology image, detailed retinal view, clinical photography"
_252_5300307.jpg,cataract,"high quality fundus photograph of an eye with cataract, cloudy lens, reduced clarity, medical ophthalmology image, detailed retinal view, clinical photography"
_253_1359558.jpg,cataract,"high quality fundus photograph of an eye with cataract, cloudy lens, reduced clarity, medical ophthalmology image, detailed retinal view, clinical photography"
_253_643151.jpg,cataract,"high quality fundus photograph of an eye with cataract, cloudy lens, reduced clarity, medical ophthalmology image, detailed retinal view, clinical photography"
_254_1206508.jpg,cataract,"high quality fundus photograph of an eye with cataract, cloudy lens, reduced clarity, medical ophthalmology image, detailed retinal view, clinical photography"
_254_9630074.jpg,cataract,"high quality fundus photograph of an eye with cataract, cloudy lens, reduced clarity, medical ophthalmology image, detailed retinal view, clinical photography"
_255_7810419.jpg,cataract,"high quality fundus photograph of an eye with cataract, cloudy lens, reduced clarity, medical ophthalmology image, detailed retinal view, clinical photography"
_256_5928804.jpg,cataract,"high quality fundus photograph of an eye with cataract, cloudy lens, reduced clarity, medical ophthalmology image, detailed retinal view, clinical photography"
_257_8575584.jpg,cataract,"high quality fundus photograph of an eye with cataract, cloudy lens, reduced clarity, medical ophthalmology image, detailed retinal view, clinical photography"
_257_9976187.jpg,cataract,"high quality fundus photograph of an eye with cataract, cloudy lens, reduced clarity, medical ophthalmology image, detailed retinal view, clinical photography"
_258_1685319.jpg,cataract,"high quality fundus photograph of an eye with cataract, cloudy lens, reduced clarity, medical ophthalmology image, detailed retinal view, clinical photography"
_258_9144081.jpg,cataract,"high quality fundus photograph of an eye with cataract, cloudy lens, reduced clarity, medical ophthalmology image, detailed retinal view, clinical photography"
_259_2170334.jpg,cataract,"high quality fundus photograph of an eye with cataract, cloudy lens, reduced clarity, medical ophthalmology image, detailed retinal view, clinical photography"
_259_9554919.jpg,cataract,"high quality fundus photograph of an eye with cataract, cloudy lens, reduced clarity, medical ophthalmology image, detailed retinal view, clinical photography"
_25_4707227.jpg,cataract,"high quality fundus photograph of an eye with cataract, cloudy lens, reduced clarity, medical ophthalmology image, detailed retinal view, clinical photography"
_260_4628277.jpg,cataract,"high quality fundus photograph of an eye with cataract, cloudy lens, reduced clarity, medical ophthalmology image, detailed retinal view, clinical photography"
_261_1001819.jpg,cataract,"high quality fundus photograph of an eye with cataract, cloudy lens, reduced clarity, medical ophthalmology image, detailed retinal view, clinical photography"
_262_2214906.jpg,cataract,"high quality fundus photograph of an eye with cataract, cloudy lens, reduced clarity, medical ophthalmology image, detailed retinal view, clinical photography"
_262_7895370.jpg,cataract,"high quality fundus photograph of an eye with cataract, cloudy lens, reduced clarity, medical ophthalmology image, detailed retinal view, clinical photography"
_263_7022799.jpg,cataract,"high quality fundus photograph of an eye with cataract, cloudy lens, reduced clarity, medical ophthalmology image, detailed retinal view, clinical photography"
_263_9418780.jpg,cataract,"high quality fundus photograph of an eye with cataract, cloudy lens, reduced clarity, medical ophthalmology image, detailed retinal view, clinical photography"
_264_422425.jpg,cataract,"high quality fundus photograph of an eye with cataract, cloudy lens, reduced clarity, medical ophthalmology image, detailed retinal view, clinical photography"
_264_4584815.jpg,cataract,"high quality fundus photograph of an eye with cataract, cloudy lens, reduced clarity, medical ophthalmology image, detailed retinal view, clinical photography"
_265_7470675.jpg,cataract,"high quality fundus photograph of an eye with cataract, cloudy lens, reduced clarity, medical ophthalmology image, detailed retinal view, clinical photography"
_266_5676850.jpg,cataract,"high quality fundus photograph of an eye with cataract, cloudy lens, reduced clarity, medical ophthalmology image, detailed retinal view, clinical photography"
_267_6890587.jpg,cataract,"high quality fundus photograph of an eye with cataract, cloudy lens, reduced clarity, medical ophthalmology image, detailed retinal view, clinical photography"
_267_7559168.jpg,cataract,"high quality fundus photograph of an eye with cataract, cloudy lens, reduced clarity, medical ophthalmology image, detailed retinal view, clinical photography"
_268_113112.jpg,cataract,"high quality fundus photograph of an eye with cataract, cloudy lens, reduced clarity, medical ophthalmology image, detailed retinal view, clinical photography"
_268_8496846.jpg,cataract,"high quality fundus photograph of an eye with cataract, cloudy lens, reduced clarity, medical ophthalmology image, detailed retinal view, clinical photography"
_269_2821321.jpg,cataract,"high quality fundus photograph of an eye with cataract, cloudy lens, reduced clarity, medical ophthalmology image, detailed retinal view, clinical photography"
_269_5232883.jpg,cataract,"high quality fundus photograph of an eye with cataract, cloudy lens, reduced clarity, medical ophthalmology image, detailed retinal view, clinical photography"
_26_1879474.jpg,cataract,"high quality fundus photograph of an eye with cataract, cloudy lens, reduced clarity, medical ophthalmology image, detailed retinal view, clinical photography"
_26_2782553.jpg,cataract,"high quality fundus photograph of an eye with cataract, cloudy lens, reduced clarity, medical ophthalmology image, detailed retinal view, clinical photography"
_270_58393.jpg,cataract,"high quality fundus photograph of an eye with cataract, cloudy lens, reduced clarity, medical ophthalmology image, detailed retinal view, clinical photography"
_270_651748.jpg,cataract,"high quality fundus photograph of an eye with cataract, cloudy lens, reduced clarity, medical ophthalmology image, detailed retinal view, clinical photography"
_270_9344899.jpg,cataract,"high quality fundus photograph of an eye with cataract, cloudy lens, reduced clarity, medical ophthalmology image, detailed retinal view, clinical photography"
_271_8355519.jpg,cataract,"high quality fundus photograph of an eye with cataract, cloudy lens, reduced clarity, medical ophthalmology image, detailed retinal view, clinical photography"
_272_4578328.jpg,cataract,"high quality fundus photograph of an eye with cataract, cloudy lens, reduced clarity, medical ophthalmology image, detailed retinal view, clinical photography"
_272_7270483.jpg,cataract,"high quality fundus photograph of an eye with cataract, cloudy lens, reduced clarity, medical ophthalmology image, detailed retinal view, clinical photography"
_273_7267841.jpg,cataract,"high quality fundus photograph of an eye with cataract, cloudy lens, reduced clarity, medical ophthalmology image, detailed retinal view, clinical photography"
_273_9043733.jpg,cataract,"high quality fundus photograph of an eye with cataract, cloudy lens, reduced clarity, medical ophthalmology image, detailed retinal view, clinical photography"
_274_6913203.jpg,cataract,"high quality fundus photograph of an eye with cataract, cloudy lens, reduced clarity, medical ophthalmology image, detailed retinal view, clinical photography"
_274_8144937.jpg,cataract,"high quality fundus photograph of an eye with cataract, cloudy lens, reduced clarity, medical ophthalmology image, detailed retinal view, clinical photography"
_275_3439882.jpg,cataract,"high quality fundus photograph of an eye with cataract, cloudy lens, reduced clarity, medical ophthalmology image, detailed retinal view, clinical photography"
_276_1796806.jpg,cataract,"high quality fundus photograph of an eye with cataract, cloudy lens, reduced clarity, medical ophthalmology image, detailed retinal view, clinical photography"
_277_8311217.jpg,cataract,"high quality fundus photograph of an eye with cataract, cloudy lens, reduced clarity, medical ophthalmology image, detailed retinal view, clinical photography"
_277_9501088.jpg,cataract,"high quality fundus photograph of an eye with cataract, cloudy lens, reduced clarity, medical ophthalmology image, detailed retinal view, clinical photography"
_278_248700.jpg,cataract,"high quality fundus photograph of an eye with cataract, cloudy lens, reduced clarity, medical ophthalmology image, detailed retinal view, clinical photography"
_278_8657701.jpg,cataract,"high quality fundus photograph of an eye with cataract, cloudy lens, reduced clarity, medical ophthalmology image, detailed retinal view, clinical photography"
_279_2310498.jpg,cataract,"high quality fundus photograph of an eye with cataract, cloudy lens, reduced clarity, medical ophthalmology image, detailed retinal view, clinical photography"
_279_4656331.jpg,cataract,"high quality fundus photograph of an eye with cataract, cloudy lens, reduced clarity, medical ophthalmology image, detailed retinal view, clinical photography"
_27_6695157.jpg,cataract,"high quality fundus photograph of an eye with cataract, cloudy lens, reduced clarity, medical ophthalmology image, detailed retinal view, clinical photography"
_280_4533213.jpg,cataract,"high quality fundus photograph of an eye with cataract, cloudy lens, reduced clarity, medical ophthalmology image, detailed retinal view, clinical photography"
_280_7714585.jpg,cataract,"high quality fundus photograph of an eye with cataract, cloudy lens, reduced clarity, medical ophthalmology image, detailed retinal view, clinical photography"
_281_5275221.jpg,cataract,"high quality fundus photograph of an eye with cataract, cloudy lens, reduced clarity, medical ophthalmology image, detailed retinal view, clinical photography"
_282_3209093.jpg,cataract,"high quality fundus photograph of an eye with cataract, cloudy lens, reduced clarity, medical ophthalmology image, detailed retinal view, clinical photography"
_282_3503490.jpg,cataract,"high quality fundus photograph of an eye with cataract, cloudy lens, reduced clarity, medical ophthalmology image, detailed retinal view, clinical photography"
_283_4908640.jpg,cataract,"high quality fundus photograph of an eye with cataract, cloudy lens, reduced clarity, medical ophthalmology image, detailed retinal view, clinical photography"
_283_6068531.jpg,cataract,"high quality fundus photograph of an eye with cataract, cloudy lens, reduced clarity, medical ophthalmology image, detailed retinal view, clinical photography"
_284_7380745.jpg,cataract,"high quality fundus photograph of an eye with cataract, cloudy lens, reduced clarity, medical ophthalmology image, detailed retinal view, clinical photography"
_285_4325184.jpg,cataract,"high quality fundus photograph of an eye with cataract, cloudy lens, reduced clarity, medical ophthalmology image, detailed retinal view, clinical photography"
_286_6140741.jpg,cataract,"high quality fundus photograph of an eye with cataract, cloudy lens, reduced clarity, medical ophthalmology image, detailed retinal view, clinical photography"
_287_401023.jpg,cataract,"high quality fundus photograph of an eye with cataract, cloudy lens, reduced clarity, medical ophthalmology image, detailed retinal view, clinical photography"
_287_8846352.jpg,cataract,"high quality fundus photograph of an eye with cataract, cloudy lens, reduced clarity, medical ophthalmology image, detailed retinal view, clinical photography"
_288_8210584.jpg,cataract,"high quality fundus photograph of an eye with cataract, cloudy lens, reduced clarity, medical ophthalmology image, detailed retinal view, clinical photography"
_288_9182789.jpg,cataract,"high quality fundus photograph of an eye with cataract, cloudy lens, reduced clarity, medical ophthalmology image, detailed retinal view, clinical photography"
_289_683957.jpg,cataract,"high quality fundus photograph of an eye with cataract, cloudy lens, reduced clarity, medical ophthalmology image, detailed retinal view, clinical photography"
_289_7475172.jpg,cataract,"high quality fundus photograph of an eye with cataract, cloudy lens, reduced clarity, medical ophthalmology image, detailed retinal view, clinical photography"
_28_8675632.jpg,cataract,"high quality fundus photograph of an eye with cataract, cloudy lens, reduced clarity, medical ophthalmology image, detailed retinal view, clinical photography"
_290_9207731.jpg,cataract,"high quality fundus photograph of an eye with cataract, cloudy lens, reduced clarity, medical ophthalmology image, detailed retinal view, clinical photography"
_291_9986876.jpg,cataract,"high quality fundus photograph of an eye with cataract, cloudy lens, reduced clarity, medical ophthalmology image, detailed retinal view, clinical photography"
_292_2084855.jpg,cataract,"high quality fundus photograph of an eye with cataract, cloudy lens, reduced clarity, medical ophthalmology image, detailed retinal view, clinical photography"
_292_4314144.jpg,cataract,"high quality fundus photograph of an eye with cataract, cloudy lens, reduced clarity, medical ophthalmology image, detailed retinal view, clinical photography"
_292_8455118.jpg,cataract,"high quality fundus photograph of an eye with cataract, cloudy lens, reduced clarity, medical ophthalmology image, detailed retinal view, clinical photography"
_293_1732996.jpg,cataract,"high quality fundus photograph of an eye with cataract, cloudy lens, reduced clarity, medical ophthalmology image, detailed retinal view, clinical photography"
_294_2444042.jpg,cataract,"high quality fundus photograph of an eye with cataract, cloudy lens, reduced clarity, medical ophthalmology image, detailed retinal view, clinical photography"
_294_4497450.jpg,cataract,"high quality fundus photograph of an eye with cataract, cloudy lens, reduced clarity, medical ophthalmology image, detailed retinal view, clinical photography"
_295_4841360.jpg,cataract,"high quality fundus photograph of an eye with cataract, cloudy lens, reduced clarity, medical ophthalmology image, detailed retinal view, clinical photography"
_295_558295.jpg,cataract,"high quality fundus photograph of an eye with cataract, cloudy lens, reduced clarity, medical ophthalmology image, detailed retinal view, clinical photography"
_295_8218216.jpg,cataract,"high quality fundus photograph of an eye with cataract, cloudy lens, reduced clarity, medical ophthalmology image, detailed retinal view, clinical photography"
_296_3277370.jpg,cataract,"high quality fundus photograph of an eye with cataract, cloudy lens, reduced clarity, medical ophthalmology image, detailed retinal view, clinical photography"
_297_3925010.jpg,cataract,"high quality fundus photograph of an eye with cataract, cloudy lens, reduced clarity, medical ophthalmology image, detailed retinal view, clinical photography"
_298_5577948.jpg,cataract,"high quality fundus photograph of an eye with cataract, cloudy lens, reduced clarity, medical ophthalmology image, detailed retinal view, clinical photography"
_298_9693365.jpg,cataract,"high quality fundus photograph of an eye with cataract, cloudy lens, reduced clarity, medical ophthalmology image, detailed retinal view, clinical photography"
_299_8679417.jpg,cataract,"high quality fundus photograph of an eye with cataract, cloudy lens, reduced clarity, medical ophthalmology image, detailed retinal view, clinical photography"
_29_5190417.jpg,cataract,"high quality fundus photograph of an eye with cataract, cloudy lens, reduced clarity, medical ophthalmology image, detailed retinal view, clinical photography"
_2_1600849.jpg,cataract,"high quality fundus photograph of an eye with cataract, cloudy lens, reduced clarity, medical ophthalmology image, detailed retinal view, clinical photography"
_2_5883027.jpg,cataract,"high quality fundus photograph of an eye with cataract, cloudy lens, reduced clarity, medical ophthalmology image, detailed retinal view, clinical photography"
_2_8900343.jpg,cataract,"high quality fundus photograph of an eye with cataract, cloudy lens, reduced clarity, medical ophthalmology image, detailed retinal view, clinical photography"
_300_1946959.jpg,cataract,"high quality fundus photograph of an eye with cataract, cloudy lens, reduced clarity, medical ophthalmology image, detailed retinal view, clinical photography"
_301_5387162.jpg,cataract,"high quality fundus photograph of an eye with cataract, cloudy lens, reduced clarity, medical ophthalmology image, detailed retinal view, clinical photography"
_302_3915909.jpg,cataract,"high quality fundus photograph of an eye with cataract, cloudy lens, reduced clarity, medical ophthalmology image, detailed retinal view, clinical photography"
_302_822867.jpg,cataract,"high quality fundus photograph of an eye with cataract, cloudy lens, reduced clarity, medical ophthalmology image, detailed retinal view, clinical photography"
_303_1474676.jpg,cataract,"high quality fundus photograph of an eye with cataract, cloudy lens, reduced clarity, medical ophthalmology image, detailed retinal view, clinical photography"
_304_4376168.jpg,cataract,"high quality fundus photograph of an eye with cataract, cloudy lens, reduced clarity, medical ophthalmology image, detailed retinal view, clinical photography"
_305_58584.jpg,cataract,"high quality fundus photograph of an eye with cataract, cloudy lens, reduced clarity, medical ophthalmology image, detailed retinal view, clinical photography"
_305_9499345.jpg,cataract,"high quality fundus photograph of an eye with cataract, cloudy lens, reduced clarity, medical ophthalmology image, detailed retinal view, clinical photography"
_306_8888195.jpg,cataract,"high quality fundus photograph of an eye with cataract, cloudy lens, reduced clarity, medical ophthalmology image, detailed retinal view, clinical photography"
_307_2047689.jpg,cataract,"high quality fundus photograph of an eye with cataract, cloudy lens, reduced clarity, medical ophthalmology image, detailed retinal view, clinical photography"
_307_7425412.jpg,cataract,"high quality fundus photograph of an eye with cataract, cloudy lens, reduced clarity, medical ophthalmology image, detailed retinal view, clinical photography"
_308_4657236.jpg,cataract,"high quality fundus photograph of an eye with cataract, cloudy lens, reduced clarity, medical ophthalmology image, detailed retinal view, clinical photography"
_309_9754398.jpg,cataract,"high quality fundus photograph of an eye with cataract, cloudy lens, reduced clarity, medical ophthalmology image, detailed retinal view, clinical photography"
_30_4231084.jpg,cataract,"high quality fundus photograph of an eye with cataract, cloudy lens, reduced clarity, medical ophthalmology image, detailed retinal view, clinical photography"
_30_8983681.jpg,cataract,"high quality fundus photograph of an eye with cataract, cloudy lens, reduced clarity, medical ophthalmology image, detailed retinal view, clinical photography"
_310_7977481.jpg,cataract,"high quality fundus photograph of an eye with cataract, cloudy lens, reduced clarity, medical ophthalmology image, detailed retinal view, clinical photography"
_311_3993772.jpg,cataract,"high quality fundus photograph of an eye with cataract, cloudy lens, reduced clarity, medical ophthalmology image, detailed retinal view, clinical photography"
_311_4402042.jpg,cataract,"high quality fundus photograph of an eye with cataract, cloudy lens, reduced clarity, medical ophthalmology image, detailed retinal view, clinical photography"
_312_2543225.jpg,cataract,"high quality fundus photograph of an eye with cataract, cloudy lens, reduced clarity, medical ophthalmology image, detailed retinal view, clinical photography"
_312_2776118.jpg,cataract,"high quality fundus photograph of an eye with cataract, cloudy lens, reduced clarity, medical ophthalmology image, detailed retinal view, clinical photography"
_313_6548836.jpg,cataract,"high quality fundus photograph of an eye with cataract, cloudy lens, reduced clarity, medical ophthalmology image, detailed retinal view, clinical photography"
_314_3594023.jpg,cataract,"high quality fundus photograph of an eye with cataract, cloudy lens, reduced clarity, medical ophthalmology image, detailed retinal view, clinical photography"
_314_8133392.jpg,cataract,"high quality fundus photograph of an eye with cataract, cloudy lens, reduced clarity, medical ophthalmology image, detailed retinal view, clinical photography"
_314_8935717.jpg,cataract,"high quality fundus photograph of an eye with cataract, cloudy lens, reduced clarity, medical ophthalmology image, detailed retinal view, clinical photography"
_315_1312896.jpg,cataract,"high quality fundus photograph of an eye with cataract, cloudy lens, reduced clarity, medical ophthalmology image, detailed retinal view, clinical photography"
_315_3140714.jpg,cataract,"high quality fundus photograph of an eye with cataract, cloudy lens, reduced clarity, medical ophthalmology image, detailed retinal view, clinical photography"
_316_2112344.jpg,cataract,"high quality fundus photograph of an eye with cataract, cloudy lens, reduced clarity, medical ophthalmology image, detailed retinal view, clinical photography"
_317_4205093.jpg,cataract,"high quality fundus photograph of an eye with cataract, cloudy lens, reduced clarity, medical ophthalmology image, detailed retinal view, clinical photography"
_318_4106741.jpg,cataract,"high quality fundus photograph of an eye with cataract, cloudy lens, reduced clarity, medical ophthalmology image, detailed retinal view, clinical photography"
_319_3184825.jpg,cataract,"high quality fundus photograph of an eye with cataract, cloudy lens, reduced clarity, medical ophthalmology image, detailed retinal view, clinical photography"
_319_3822227.jpg,cataract,"high quality fundus photograph of an eye with cataract, cloudy lens, reduced clarity, medical ophthalmology image, detailed retinal view, clinical photography"
_31_5635423.jpg,cataract,"high quality fundus photograph of an eye with cataract, cloudy lens, reduced clarity, medical ophthalmology image, detailed retinal view, clinical photography"
_31_8523261.jpg,cataract,"high quality fundus photograph of an eye with cataract, cloudy lens, reduced clarity, medical ophthalmology image, detailed retinal view, clinical photography"
_320_6448598.jpg,cataract,"high quality fundus photograph of an eye with cataract, cloudy lens, reduced clarity, medical ophthalmology image, detailed retinal view, clinical photography"
_321_2144914.jpg,cataract,"high quality fundus photograph of an eye with cataract, cloudy lens, reduced clarity, medical ophthalmology image, detailed retinal view, clinical photography"
_321_6270889.jpg,cataract,"high quality fundus photograph of an eye with cataract, cloudy lens, reduced clarity, medical ophthalmology image, detailed retinal view, clinical photography"
_322_2685252.jpg,cataract,"high quality fundus photograph of an eye with cataract, cloudy lens, reduced clarity, medical ophthalmology image, detailed retinal view, clinical photography"
_323_1448180.jpg,cataract,"high quality fundus photograph of an eye with cataract, cloudy lens, reduced clarity, medical ophthalmology image, detailed retinal view, clinical photography"
_323_2492245.jpg,cataract,"high quality fundus photograph of an eye with cataract, cloudy lens, reduced clarity, medical ophthalmology image, detailed retinal view, clinical photography"
_324_9920354.jpg,cataract,"high quality fundus photograph of an eye with cataract, cloudy lens, reduced clarity, medical ophthalmology image, detailed retinal view, clinical photography"
_325_168910.jpg,cataract,"high quality fundus photograph of an eye with cataract, cloudy lens, reduced clarity, medical ophthalmology image, detailed retinal view, clinical photography"
_326_1274700.jpg,cataract,"high quality fundus photograph of an eye with cataract, cloudy lens, reduced clarity, medical ophthalmology image, detailed retinal view, clinical photography"
_326_3620282.jpg,cataract,"high quality fundus photograph of an eye with cataract, cloudy lens, reduced clarity, medical ophthalmology image, detailed retinal view, clinical photography"
_326_3940502.jpg,cataract,"high quality fundus photograph of an eye with cataract, cloudy lens, reduced clarity, medical ophthalmology image, detailed retinal view, clinical photography"
_327_3715152.jpg,cataract,"high quality fundus photograph of an eye with cataract, cloudy lens, reduced clarity, medical ophthalmology image, detailed retinal view, clinical photography"
_328_3269333.jpg,cataract,"high quality fundus photograph of an eye with cataract, cloudy lens, reduced clarity, medical ophthalmology image, detailed retinal view, clinical photography"
_329_4545620.jpg,cataract,"high quality fundus photograph of an eye with cataract, cloudy lens, reduced clarity, medical ophthalmology image, detailed retinal view, clinical photography"
_329_5467190.jpg,cataract,"high quality fundus photograph of an eye with cataract, cloudy lens, reduced clarity, medical ophthalmology image, detailed retinal view, clinical photography"
_32_9062172.jpg,cataract,"high quality fundus photograph of an eye with cataract, cloudy lens, reduced clarity, medical ophthalmology image, detailed retinal view, clinical photography"
_32_9153320.jpg,cataract,"high quality fundus photograph of an eye with cataract, cloudy lens, reduced clarity, medical ophthalmology image, detailed retinal view, clinical photography"
_330_5478095.jpg,cataract,"high quality fundus photograph of an eye with cataract, cloudy lens, reduced clarity, medical ophthalmology image, detailed retinal view, clinical photography"
_330_7361630.jpg,cataract,"high quality fundus photograph of an eye with cataract, cloudy lens, reduced clarity, medical ophthalmology image, detailed retinal view, clinical photography"
_331_2978484.jpg,cataract,"high quality fundus photograph of an eye with cataract, cloudy lens, reduced clarity, medical ophthalmology image, detailed retinal view, clinical photography"
_332_5964742.jpg,cataract,"high quality fundus photograph of an eye with cataract, cloudy lens, reduced clarity, medical ophthalmology image, detailed retinal view, clinical photography"
_332_7698256.jpg,cataract,"high quality fundus photograph of an eye with cataract, cloudy lens, reduced clarity, medical ophthalmology image, detailed retinal view, clinical photography"
_332_9730811.jpg,cataract,"high quality fundus photograph of an eye with cataract, cloudy lens, reduced clarity, medical ophthalmology image, detailed retinal view, clinical photography"
_333_2805221.jpg,cataract,"high quality fundus photograph of an eye with cataract, cloudy lens, reduced clarity, medical ophthalmology image, detailed retinal view, clinical photography"
_333_4052700.jpg,cataract,"high quality fundus photograph of an eye with cataract, cloudy lens, reduced clarity, medical ophthalmology image, detailed retinal view, clinical photography"
_334_1360238.jpg,cataract,"high quality fundus photograph of an eye with cataract, cloudy lens, reduced clarity, medical ophthalmology image, detailed retinal view, clinical photography"
_334_6427863.jpg,cataract,"high quality fundus photograph of an eye with cataract, cloudy lens, reduced clarity, medical ophthalmology image, detailed retinal view, clinical photography"
_335_2109396.jpg,cataract,"high quality fundus photograph of an eye with cataract, cloudy lens, reduced clarity, medical ophthalmology image, detailed retinal view, clinical photography"
_335_9176239.jpg,cataract,"high quality fundus photograph of an eye with cataract, cloudy lens, reduced clarity, medical ophthalmology image, detailed retinal view, clinical photography"
_336_8535989.jpg,cataract,"high quality fundus photograph of an eye with cataract, cloudy lens, reduced clarity, medical ophthalmology image, detailed retinal view, clinical photography"
_337_6800255.jpg,cataract,"high quality fundus photograph of an eye with cataract, cloudy lens, reduced clarity, medical ophthalmology image, detailed retinal view, clinical photography"
_338_6734383.jpg,cataract,"high quality fundus photograph of an eye with cataract, cloudy lens, reduced clarity, medical ophthalmology image, detailed retinal view, clinical photography"
_339_9106724.jpg,cataract,"high quality fundus photograph of an eye with cataract, cloudy lens, reduced clarity, medical ophthalmology image, detailed retinal view, clinical photography"
_33_692344.jpg,cataract,"high quality fundus photograph of an eye with cataract, cloudy lens, reduced clarity, medical ophthalmology image, detailed retinal view, clinical photography"
_340_3239094.jpg,cataract,"high quality fundus photograph of an eye with cataract, cloudy lens, reduced clarity, medical ophthalmology image, detailed retinal view, clinical photography"
_341_8692985.jpg,cataract,"high quality fundus photograph of an eye with cataract, cloudy lens, reduced clarity, medical ophthalmology image, detailed retinal view, clinical photography"
_342_2775386.jpg,cataract,"high quality fundus photograph of an eye with cataract, cloudy lens, reduced clarity, medical ophthalmology image, detailed retinal view, clinical photography"
_343_2631213.jpg,cataract,"high quality fundus photograph of an eye with cataract, cloudy lens, reduced clarity, medical ophthalmology image, detailed retinal view, clinical photography"
_344_5181730.jpg,cataract,"high quality fundus photograph of an eye with cataract, cloudy lens, reduced clarity, medical ophthalmology image, detailed retinal view, clinical photography"
_345_2495680.jpg,cataract,"high quality fundus photograph of an eye with cataract, cloudy lens, reduced clarity, medical ophthalmology image, detailed retinal view, clinical photography"
_345_8957256.jpg,cataract,"high quality fundus photograph of an eye with cataract, cloudy lens, reduced clarity, medical ophthalmology image, detailed retinal view, clinical photography"
_346_6209704.jpg,cataract,"high quality fundus photograph of an eye with cataract, cloudy lens, reduced clarity, medical ophthalmology image, detailed retinal view, clinical photography"
_347_6987666.jpg,cataract,"high quality fundus photograph of an eye with cataract, cloudy lens, reduced clarity, medical ophthalmology image, detailed retinal view, clinical photography"
_347_7413999.jpg,cataract,"high quality fundus photograph of an eye with cataract, cloudy lens, reduced clarity, medical ophthalmology image, detailed retinal view, clinical photography"
_348_8120738.jpg,cataract,"high quality fundus photograph of an eye with cataract, cloudy lens, reduced clarity, medical ophthalmology image, detailed retinal view, clinical photography"
_349_2751142.jpg,cataract,"high quality fundus photograph of an eye with cataract, cloudy lens, reduced clarity, medical ophthalmology image, detailed retinal view, clinical photography"
_349_4292233.jpg,cataract,"high quality fundus photograph of an eye with cataract, cloudy lens, reduced clarity, medical ophthalmology image, detailed retinal view, clinical photography"
_34_2026427.jpg,cataract,"high quality fundus photograph of an eye with cataract, cloudy lens, reduced clarity, medical ophthalmology image, detailed retinal view, clinical photography"
_34_2290989.jpg,cataract,"high quality fundus photograph of an eye with cataract, cloudy lens, reduced clarity, medical ophthalmology image, detailed retinal view, clinical photography"
_350_1666948.jpg,cataract,"high quality fundus photograph of an eye with cataract, cloudy lens, reduced clarity, medical ophthalmology image, detailed retinal view, clinical photography"
_350_7541734.jpg,cataract,"high quality fundus photograph of an eye with cataract, cloudy lens, reduced clarity, medical ophthalmology image, detailed retinal view, clinical photography"
_351_5778657.jpg,cataract,"high quality fundus photograph of an eye with cataract, cloudy lens, reduced clarity, medical ophthalmology image, detailed retinal view, clinical photography"
_351_7651498.jpg,cataract,"high quality fundus photograph of an eye with cataract, cloudy lens, reduced clarity, medical ophthalmology image, detailed retinal view, clinical photography"
_352_2938767.jpg,cataract,"high quality fundus photograph of an eye with cataract, cloudy lens, reduced clarity, medical ophthalmology image, detailed retinal view, clinical photography"
_352_5217565.jpg,cataract,"high quality fundus photograph of an eye with cataract, cloudy lens, reduced clarity, medical ophthalmology image, detailed retinal view, clinical photography"
_353_3624065.jpg,cataract,"high quality fundus photograph of an eye with cataract, cloudy lens, reduced clarity, medical ophthalmology image, detailed retinal view, clinical photography"
_353_8002933.jpg,cataract,"high quality fundus photograph of an eye with cataract, cloudy lens, reduced clarity, medical ophthalmology image, detailed retinal view, clinical photography"
_354_5293531.jpg,cataract,"high quality fundus photograph of an eye with cataract, cloudy lens, reduced clarity, medical ophthalmology image, detailed retinal view, clinical photography"
_355_6490108.jpg,cataract,"high quality fundus photograph of an eye with cataract, cloudy lens, reduced clarity, medical ophthalmology image, detailed retinal view, clinical photography"
_356_7744260.jpg,cataract,"high quality fundus photograph of an eye with cataract, cloudy lens, reduced clarity, medical ophthalmology image, detailed retinal view, clinical photography"
_356_8261086.jpg,cataract,"high quality fundus photograph of an eye with cataract, cloudy lens, reduced clarity, medical ophthalmology image, detailed retinal view, clinical photography"
_357_8304812.jpg,cataract,"high quality fundus photograph of an eye with cataract, cloudy lens, reduced clarity, medical ophthalmology image, detailed retinal view, clinical photography"
_358_1004212.jpg,cataract,"high quality fundus photograph of an eye with cataract, cloudy lens, reduced clarity, medical ophthalmology image, detailed retinal view, clinical photography"
_358_2608507.jpg,cataract,"high quality fundus photograph of an eye with cataract, cloudy lens, reduced clarity, medical ophthalmology image, detailed retinal view, clinical photography"
_359_2555267.jpg,cataract,"high quality fundus photograph of an eye with cataract, cloudy lens, reduced clarity, medical ophthalmology image, detailed retinal view, clinical photography"
_359_6265965.jpg,cataract,"high quality fundus photograph of an eye with cataract, cloudy lens, reduced clarity, medical ophthalmology image, detailed retinal view, clinical photography"
_35_3480407.jpg,cataract,"high quality fundus photograph of an eye with cataract, cloudy lens, reduced clarity, medical ophthalmology image, detailed retinal view, clinical photography"
_360_3983039.jpg,cataract,"high quality fundus photograph of an eye with cataract, cloudy lens, reduced clarity, medical ophthalmology image, detailed retinal view, clinical photography"
_361_2261122.jpg,cataract,"high quality fundus photograph of an eye with cataract, cloudy lens, reduced clarity, medical ophthalmology image, detailed retinal view, clinical photography"
_361_423366.jpg,cataract,"high quality fundus photograph of an eye with cataract, cloudy lens, reduced clarity, medical ophthalmology image, detailed retinal view, clinical photography"
_362_4801225.jpg,cataract,"high quality fundus photograph of an eye with cataract, cloudy lens, reduced clarity, medical ophthalmology image, detailed retinal view, clinical photography"
_362_9739218.jpg,cataract,"high quality fundus photograph of an eye with cataract, cloudy lens, reduced clarity, medical ophthalmology image, detailed retinal view, clinical photography"
_363_2736933.jpg,cataract,"high quality fundus photograph of an eye with cataract, cloudy lens, reduced clarity, medical ophthalmology image, detailed retinal view, clinical photography"
_363_7332544.jpg,cataract,"high quality fundus photograph of an eye with cataract, cloudy lens, reduced clarity, medical ophthalmology image, detailed retinal view, clinical photography"
_364_9397731.jpg,cataract,"high quality fundus photograph of an eye with cataract, cloudy lens, reduced clarity, medical ophthalmology image, detailed retinal view, clinical photography"
_365_6266228.jpg,cataract,"high quality fundus photograph of an eye with cataract, cloudy lens, reduced clarity, medical ophthalmology image, detailed retinal view, clinical photography"
_365_8356754.jpg,cataract,"high quality fundus photograph of an eye with cataract, cloudy lens, reduced clarity, medical ophthalmology image, detailed retinal view, clinical photography"
_366_1717014.jpg,cataract,"high quality fundus photograph of an eye with cataract, cloudy lens, reduced clarity, medical ophthalmology image, detailed retinal view, clinical photography"
_366_983964.jpg,cataract,"high quality fundus photograph of an eye with cataract, cloudy lens, reduced clarity, medical ophthalmology image, detailed retinal view, clinical photography"
_367_2864412.jpg,cataract,"high quality fundus photograph of an eye with cataract, cloudy lens, reduced clarity, medical ophthalmology image, detailed retinal view, clinical photography"
_367_9940827.jpg,cataract,"high quality fundus photograph of an eye with cataract, cloudy lens, reduced clarity, medical ophthalmology image, detailed retinal view, clinical photography"
_368_3722136.jpg,cataract,"high quality fundus photograph of an eye with cataract, cloudy lens, reduced clarity, medical ophthalmology image, detailed retinal view, clinical photography"
_368_8153741.jpg,cataract,"high quality fundus photograph of an eye with cataract, cloudy lens, reduced clarity, medical ophthalmology image, detailed retinal view, clinical photography"
_369_7001529.jpg,cataract,"high quality fundus photograph of an eye with cataract, cloudy lens, reduced clarity, medical ophthalmology image, detailed retinal view, clinical photography"
_36_1799809.jpg,cataract,"high quality fundus photograph of an eye with cataract, cloudy lens, reduced clarity, medical ophthalmology image, detailed retinal view, clinical photography"
_36_5599796.jpg,cataract,"high quality fundus photograph of an eye with cataract, cloudy lens, reduced clarity, medical ophthalmology image, detailed retinal view, clinical photography"
_370_1424453.jpg,cataract,"high quality fundus photograph of an eye with cataract, cloudy lens, reduced clarity, medical ophthalmology image, detailed retinal view, clinical photography"
_370_5205357.jpg,cataract,"high quality fundus photograph of an eye with cataract, cloudy lens, reduced clarity, medical ophthalmology image, detailed retinal view, clinical photography"
_371_8717830.jpg,cataract,"high quality fundus photograph of an eye with cataract, cloudy lens, reduced clarity, medical ophthalmology image, detailed retinal view, clinical photography"
_372_5630593.jpg,cataract,"high quality fundus photograph of an eye with cataract, cloudy lens, reduced clarity, medical ophthalmology image, detailed retinal view, clinical photography"
_373_4029422.jpg,cataract,"high quality fundus photograph of an eye with cataract, cloudy lens, reduced clarity, medical ophthalmology image, detailed retinal view, clinical photography"
_374_3493833.jpg,cataract,"high quality fundus photograph of an eye with cataract, cloudy lens, reduced clarity, medical ophthalmology image, detailed retinal view, clinical photography"
_374_8613138.jpg,cataract,"high quality fundus photograph of an eye with cataract, cloudy lens, reduced clarity, medical ophthalmology image, detailed retinal view, clinical photography"
_375_8898265.jpg,cataract,"high quality fundus photograph of an eye with cataract, cloudy lens, reduced clarity, medical ophthalmology image, detailed retinal view, clinical photography"
_375_9227285.jpg,cataract,"high quality fundus photograph of an eye with cataract, cloudy lens, reduced clarity, medical ophthalmology image, detailed retinal view, clinical photography"
_376_9321900.jpg,cataract,"high quality fundus photograph of an eye with cataract, cloudy lens, reduced clarity, medical ophthalmology image, detailed retinal view, clinical photography"
_377_1993330.jpg,cataract,"high quality fundus photograph of an eye with cataract, cloudy lens, reduced clarity, medical ophthalmology image, detailed retinal view, clinical photography"
_378_2183024.jpg,cataract,"high quality fundus photograph of an eye with cataract, cloudy lens, reduced clarity, medical ophthalmology image, detailed retinal view, clinical photography"
_378_7653956.jpg,cataract,"high quality fundus photograph of an eye with cataract, cloudy lens, reduced clarity, medical ophthalmology image, detailed retinal view, clinical photography"
_379_3919297.jpg,cataract,"high quality fundus photograph of an eye with cataract, cloudy lens, reduced clarity, medical ophthalmology image, detailed retinal view, clinical photography"
_379_8385603.jpg,cataract,"high quality fundus photograph of an eye with cataract, cloudy lens, reduced clarity, medical ophthalmology image, detailed retinal view, clinical photography"
_37_7526265.jpg,cataract,"high quality fundus photograph of an eye with cataract, cloudy lens, reduced clarity, medical ophthalmology image, detailed retinal view, clinical photography"
_37_8896673.jpg,cataract,"high quality fundus photograph of an eye with cataract, cloudy lens, reduced clarity, medical ophthalmology image, detailed retinal view, clinical photography"
_380_7004130.jpg,cataract,"high quality fundus photograph of an eye with cataract, cloudy lens, reduced clarity, medical ophthalmology image, detailed retinal view, clinical photography"
_380_8765246.jpg,cataract,"high quality fundus photograph of an eye with cataract, cloudy lens, reduced clarity, medical ophthalmology image, detailed retinal view, clinical photography"
_381_5407671.jpg,cataract,"high quality fundus photograph of an eye with cataract, cloudy lens, reduced clarity, medical ophthalmology image, detailed retinal view, clinical photography"
_381_6039460.jpg,cataract,"high quality fundus photograph of an eye with cataract, cloudy lens, reduced clarity, medical ophthalmology image, detailed retinal view, clinical photography"
_382_1061054.jpg,cataract,"high quality fundus photograph of an eye with cataract, cloudy lens, reduced clarity, medical ophthalmology image, detailed retinal view, clinical photography"
_383_4165819.jpg,cataract,"high quality fundus photograph of an eye with cataract, cloudy lens, reduced clarity, medical ophthalmology image, detailed retinal view, clinical photography"
_384_4668888.jpg,cataract,"high quality fundus photograph of an eye with cataract, cloudy lens, reduced clarity, medical ophthalmology image, detailed retinal view, clinical photography"
_385_4113427.jpg,cataract,"high quality fundus photograph of an eye with cataract, cloudy lens, reduced clarity, medical ophthalmology image, detailed retinal view, clinical photography"
_386_4269538.jpg,cataract,"high quality fundus photograph of an eye with cataract, cloudy lens, reduced clarity, medical ophthalmology image, detailed retinal view, clinical photography"
_387_449073.jpg,cataract,"high quality fundus photograph of an eye with cataract, cloudy lens, reduced clarity, medical ophthalmology image, detailed retinal view, clinical photography"
_388_2242538.jpg,cataract,"high quality fundus photograph of an eye with cataract, cloudy lens, reduced clarity, medical ophthalmology image, detailed retinal view, clinical photography"
_389_2605189.jpg,cataract,"high quality fundus photograph of an eye with cataract, cloudy lens, reduced clarity, medical ophthalmology image, detailed retinal view, clinical photography"
_38_5463921.jpg,cataract,"high quality fundus photograph of an eye with cataract, cloudy lens, reduced clarity, medical ophthalmology image, detailed retinal view, clinical photography"
_390_1354382.jpg,cataract,"high quality fundus photograph of an eye with cataract, cloudy lens, reduced clarity, medical ophthalmology image, detailed retinal view, clinical photography"
_390_5561281.jpg,cataract,"high quality fundus photograph of an eye with cataract, cloudy lens, reduced clarity, medical ophthalmology image, detailed retinal view, clinical photography"
_391_2115124.jpg,cataract,"high quality fundus photograph of an eye with cataract, cloudy lens, reduced clarity, medical ophthalmology image, detailed retinal view, clinical photography"
_391_3026815.jpg,cataract,"high quality fundus photograph of an eye with cataract, cloudy lens, reduced clarity, medical ophthalmology image, detailed retinal view, clinical photography"
_392_3084035.jpg,cataract,"high quality fundus photograph of an eye with cataract, cloudy lens, reduced clarity, medical ophthalmology image, detailed retinal view, clinical photography"
_392_7918570.jpg,cataract,"high quality fundus photograph of an eye with cataract, cloudy lens, reduced clarity, medical ophthalmology image, detailed retinal view, clinical photography"
_393_746807.jpg,cataract,"high quality fundus photograph of an eye with cataract, cloudy lens, reduced clarity, medical ophthalmology image, detailed retinal view, clinical photography"
_394_1321417.jpg,cataract,"high quality fundus photograph of an eye with cataract, cloudy lens, reduced clarity, medical ophthalmology image, detailed retinal view, clinical photography"
_394_4972049.jpg,cataract,"high quality fundus photograph of an eye with cataract, cloudy lens, reduced clarity, medical ophthalmology image, detailed retinal view, clinical photography"
_395_8303850.jpg,cataract,"high quality fundus photograph of an eye with cataract, cloudy lens, reduced clarity, medical ophthalmology image, detailed retinal view, clinical photography"
_396_4783302.jpg,cataract,"high quality fundus photograph of an eye with cataract, cloudy lens, reduced clarity, medical ophthalmology image, detailed retinal view, clinical photography"
_396_6097231.jpg,cataract,"high quality fundus photograph of an eye with cataract, cloudy lens, reduced clarity, medical ophthalmology image, detailed retinal view, clinical photography"
_397_8948757.jpg,cataract,"high quality fundus photograph of an eye with cataract, cloudy lens, reduced clarity, medical ophthalmology image, detailed retinal view, clinical photography"
_398_329081.jpg,cataract,"high quality fundus photograph of an eye with cataract, cloudy lens, reduced clarity, medical ophthalmology image, detailed retinal view, clinical photography"
_398_8365643.jpg,cataract,"high quality fundus photograph of an eye with cataract, cloudy lens, reduced clarity, medical ophthalmology image, detailed retinal view, clinical photography"
_399_6667595.jpg,cataract,"high quality fundus photograph of an eye with cataract, cloudy lens, reduced clarity, medical ophthalmology image, detailed retinal view, clinical photography"
_39_9762209.jpg,cataract,"high quality fundus photograph of an eye with cataract, cloudy lens, reduced clarity, medical ophthalmology image, detailed retinal view, clinical photography"
_39_9936846.jpg,cataract,"high quality fundus photograph of an eye with cataract, cloudy lens, reduced clarity, medical ophthalmology image, detailed retinal view, clinical photography"
_3_4674992.jpg,cataract,"high quality fundus photograph of an eye with cataract, cloudy lens, reduced clarity, medical ophthalmology image, detailed retinal view, clinical photography"
_400_7591244.jpg,cataract,"high quality fundus photograph of an eye with cataract, cloudy lens, reduced clarity, medical ophthalmology image, detailed retinal view, clinical photography"
_400_7969437.jpg,cataract,"high quality fundus photograph of an eye with cataract, cloudy lens, reduced clarity, medical ophthalmology image, detailed retinal view, clinical photography"
_40_3866061.jpg,cataract,"high quality fundus photograph of an eye with cataract, cloudy lens, reduced clarity, medical ophthalmology image, detailed retinal view, clinical photography"
_40_4103987.jpg,cataract,"high quality fundus photograph of an eye with cataract, cloudy lens, reduced clarity, medical ophthalmology image, detailed retinal view, clinical photography"
_41_6704276.jpg,cataract,"high quality fundus photograph of an eye with cataract, cloudy lens, reduced clarity, medical ophthalmology image, detailed retinal view, clinical photography"
_41_7645755.jpg,cataract,"high quality fundus photograph of an eye with cataract, cloudy lens, reduced clarity, medical ophthalmology image, detailed retinal view, clinical photography"
_42_7486921.jpg,cataract,"high quality fundus photograph of an eye with cataract, cloudy lens, reduced clarity, medical ophthalmology image, detailed retinal view, clinical photography"
_42_9949990.jpg,cataract,"high quality fundus photograph of an eye with cataract, cloudy lens, reduced clarity, medical ophthalmology image, detailed retinal view, clinical photography"
_43_5838123.jpg,cataract,"high quality fundus photograph of an eye with cataract, cloudy lens, reduced clarity, medical ophthalmology image, detailed retinal view, clinical photography"
_44_6970984.jpg,cataract,"high quality fundus photograph of an eye with cataract, cloudy lens, reduced clarity, medical ophthalmology image, detailed retinal view, clinical photography"
_44_8713938.jpg,cataract,"high quality fundus photograph of an eye with cataract, cloudy lens, reduced clarity, medical ophthalmology image, detailed retinal view, clinical photography"
_45_6457682.jpg,cataract,"high quality fundus photograph of an eye with cataract, cloudy lens, reduced clarity, medical ophthalmology image, detailed retinal view, clinical photography"
_46_4314985.jpg,cataract,"high quality fundus photograph of an eye with cataract, cloudy lens, reduced clarity, medical ophthalmology image, detailed retinal view, clinical photography"
_46_7308563.jpg,cataract,"high quality fundus photograph of an eye with cataract, cloudy lens, reduced clarity, medical ophthalmology image, detailed retinal view, clinical photography"
_47_4608506.jpg,cataract,"high quality fundus photograph of an eye with cataract, cloudy lens, reduced clarity, medical ophthalmology image, detailed retinal view, clinical photography"
_48_1110786.jpg,cataract,"high quality fundus photograph of an eye with cataract, cloudy lens, reduced clarity, medical ophthalmology image, detailed retinal view, clinical photography"
_48_7953833.jpg,cataract,"high quality fundus photograph of an eye with cataract, cloudy lens, reduced clarity, medical ophthalmology image, detailed retinal view, clinical photography"
_49_1539697.jpg,cataract,"high quality fundus photograph of an eye with cataract, cloudy lens, reduced clarity, medical ophthalmology image, detailed retinal view, clinical photography"
_49_2405371.jpg,cataract,"high quality fundus photograph of an eye with cataract, cloudy lens, reduced clarity, medical ophthalmology image, detailed retinal view, clinical photography"
_49_7277741.jpg,cataract,"high quality fundus photograph of an eye with cataract, cloudy lens, reduced clarity, medical ophthalmology image, detailed retinal view, clinical photography"
_4_1244424.jpg,cataract,"high quality fundus photograph of an eye with cataract, cloudy lens, reduced clarity, medical ophthalmology image, detailed retinal view, clinical photography"
_4_7491150.jpg,cataract,"high quality fundus photograph of an eye with cataract, cloudy lens, reduced clarity, medical ophthalmology image, detailed retinal view, clinical photography"
_50_1920746.jpg,cataract,"high quality fundus photograph of an eye with cataract, cloudy lens, reduced clarity, medical ophthalmology image, detailed retinal view, clinical photography"
_50_3163122.jpg,cataract,"high quality fundus photograph of an eye with cataract, cloudy lens, reduced clarity, medical ophthalmology image, detailed retinal view, clinical photography"
_51_7561724.jpg,cataract,"high quality fundus photograph of an eye with cataract, cloudy lens, reduced clarity, medical ophthalmology image, detailed retinal view, clinical photography"
_52_3704655.jpg,cataract,"high quality fundus photograph of an eye with cataract, cloudy lens, reduced clarity, medical ophthalmology image, detailed retinal view, clinical photography"
_52_7569766.jpg,cataract,"high quality fundus photograph of an eye with cataract, cloudy lens, reduced clarity, medical ophthalmology image, detailed retinal view, clinical photography"
_53_8912600.jpg,cataract,"high quality fundus photograph of an eye with cataract, cloudy lens, reduced clarity, medical ophthalmology image, detailed retinal view, clinical photography"
_54_2420057.jpg,cataract,"high quality fundus photograph of an eye with cataract, cloudy lens, reduced clarity, medical ophthalmology image, detailed retinal view, clinical photography"
_54_6540326.jpg,cataract,"high quality fundus photograph of an eye with cataract, cloudy lens, reduced clarity, medical ophthalmology image, detailed retinal view, clinical photography"
_55_8463221.jpg,cataract,"high quality fundus photograph of an eye with cataract, cloudy lens, reduced clarity, medical ophthalmology image, detailed retinal view, clinical photography"
_56_3359017.jpg,cataract,"high quality fundus photograph of an eye with cataract, cloudy lens, reduced clarity, medical ophthalmology image, detailed retinal view, clinical photography"
_57_3959793.jpg,cataract,"high quality fundus photograph of an eye with cataract, cloudy lens, reduced clarity, medical ophthalmology image, detailed retinal view, clinical photography"
_57_8463167.jpg,cataract,"high quality fundus photograph of an eye with cataract, cloudy lens, reduced clarity, medical ophthalmology image, detailed retinal view, clinical photography"
_58_7683562.jpg,cataract,"high quality fundus photograph of an eye with cataract, cloudy lens, reduced clarity, medical ophthalmology image, detailed retinal view, clinical photography"
_59_2574195.jpg,cataract,"high quality fundus photograph of an eye with cataract, cloudy lens, reduced clarity, medical ophthalmology image, detailed retinal view, clinical photography"
_59_8958387.jpg,cataract,"high quality fundus photograph of an eye with cataract, cloudy lens, reduced clarity, medical ophthalmology image, detailed retinal view, clinical photography"
_5_9005506.jpg,cataract,"high quality fundus photograph of an eye with cataract, cloudy lens, reduced clarity, medical ophthalmology image, detailed retinal view, clinical photography"
_60_2561089.jpg,cataract,"high quality fundus photograph of an eye with cataract, cloudy lens, reduced clarity, medical ophthalmology image, detailed retinal view, clinical photography"
_60_7070159.jpg,cataract,"high quality fundus photograph of an eye with cataract, cloudy lens, reduced clarity, medical ophthalmology image, detailed retinal view, clinical photography"
_61_2475173.jpg,cataract,"high quality fundus photograph of an eye with cataract, cloudy lens, reduced clarity, medical ophthalmology image, detailed retinal view, clinical photography"
_61_3633947.jpg,cataract,"high quality fundus photograph of an eye with cataract, cloudy lens, reduced clarity, medical ophthalmology image, detailed retinal view, clinical photography"
_62_4386293.jpg,cataract,"high quality fundus photograph of an eye with cataract, cloudy lens, reduced clarity, medical ophthalmology image, detailed retinal view, clinical photography"
_62_4939088.jpg,cataract,"high quality fundus photograph of an eye with cataract, cloudy lens, reduced clarity, medical ophthalmology image, detailed retinal view, clinical photography"
_62_9491665.jpg,cataract,"high quality fundus photograph of an eye with cataract, cloudy lens, reduced clarity, medical ophthalmology image, detailed retinal view, clinical photography"
_63_4246818.jpg,cataract,"high quality fundus photograph of an eye with cataract, cloudy lens, reduced clarity, medical ophthalmology image, detailed retinal view, clinical photography"
_63_7923836.jpg,cataract,"high quality fundus photograph of an eye with cataract, cloudy lens, reduced clarity, medical ophthalmology image, detailed retinal view, clinical photography"
_64_2615880.jpg,cataract,"high quality fundus photograph of an eye with cataract, cloudy lens, reduced clarity, medical ophthalmology image, detailed retinal view, clinical photography"
_64_5229674.jpg,cataract,"high quality fundus photograph of an eye with cataract, cloudy lens, reduced clarity, medical ophthalmology image, detailed retinal view, clinical photography"
_65_5167591.jpg,cataract,"high quality fundus photograph of an eye with cataract, cloudy lens, reduced clarity, medical ophthalmology image, detailed retinal view, clinical photography"
_66_625523.jpg,cataract,"high quality fundus photograph of an eye with cataract, cloudy lens, reduced clarity, medical ophthalmology image, detailed retinal view, clinical photography"
_66_9729796.jpg,cataract,"high quality fundus photograph of an eye with cataract, cloudy lens, reduced clarity, medical ophthalmology image, detailed retinal view, clinical photography"
_67_2701502.jpg,cataract,"high quality fundus photograph of an eye with cataract, cloudy lens, reduced clarity, medical ophthalmology image, detailed retinal view, clinical photography"
_67_7544085.jpg,cataract,"high quality fundus photograph of an eye with cataract, cloudy lens, reduced clarity, medical ophthalmology image, detailed retinal view, clinical photography"
_68_132563.jpg,cataract,"high quality fundus photograph of an eye with cataract, cloudy lens, reduced clarity, medical ophthalmology image, detailed retinal view, clinical photography"
_68_6182618.jpg,cataract,"high quality fundus photograph of an eye with cataract, cloudy lens, reduced clarity, medical ophthalmology image, detailed retinal view, clinical photography"
_69_3198217.jpg,cataract,"high quality fundus photograph of an eye with cataract, cloudy lens, reduced clarity, medical ophthalmology image, detailed retinal view, clinical photography"
_69_4758198.jpg,cataract,"high quality fundus photograph of an eye with cataract, cloudy lens, reduced clarity, medical ophthalmology image, detailed retinal view, clinical photography"
_6_4834075.jpg,cataract,"high quality fundus photograph of an eye with cataract, cloudy lens, reduced clarity, medical ophthalmology image, detailed retinal view, clinical photography"
_6_6261868.jpg,cataract,"high quality fundus photograph of an eye with cataract, cloudy lens, reduced clarity, medical ophthalmology image, detailed retinal view, clinical photography"
_70_3464173.jpg,cataract,"high quality fundus photograph of an eye with cataract, cloudy lens, reduced clarity, medical ophthalmology image, detailed retinal view, clinical photography"
_70_6811978.jpg,cataract,"high quality fundus photograph of an eye with cataract, cloudy lens, reduced clarity, medical ophthalmology image, detailed retinal view, clinical photography"
_71_5079718.jpg,cataract,"high quality fundus photograph of an eye with cataract, cloudy lens, reduced clarity, medical ophthalmology image, detailed retinal view, clinical photography"
_71_7808711.jpg,cataract,"high quality fundus photograph of an eye with cataract, cloudy lens, reduced clarity, medical ophthalmology image, detailed retinal view, clinical photography"
_72_6009084.jpg,cataract,"high quality fundus photograph of an eye with cataract, cloudy lens, reduced clarity, medical ophthalmology image, detailed retinal view, clinical photography"
_72_8796984.jpg,cataract,"high quality fundus photograph of an eye with cataract, cloudy lens, reduced clarity, medical ophthalmology image, detailed retinal view, clinical photography"
_73_1828688.jpg,cataract,"high quality fundus photograph of an eye with cataract, cloudy lens, reduced clarity, medical ophthalmology image, detailed retinal view, clinical photography"
_74_5402652.jpg,cataract,"high quality fundus photograph of an eye with cataract, cloudy lens, reduced clarity, medical ophthalmology image, detailed retinal view, clinical photography"
_75_6801378.jpg,cataract,"high quality fundus photograph of an eye with cataract, cloudy lens, reduced clarity, medical ophthalmology image, detailed retinal view, clinical photography"
_76_3327192.jpg,cataract,"high quality fundus photograph of an eye with cataract, cloudy lens, reduced clarity, medical ophthalmology image, detailed retinal view, clinical photography"
_77_2197698.jpg,cataract,"high quality fundus photograph of an eye with cataract, cloudy lens, reduced clarity, medical ophthalmology image, detailed retinal view, clinical photography"
_77_938150.jpg,cataract,"high quality fundus photograph of an eye with cataract, cloudy lens, reduced clarity, medical ophthalmology image, detailed retinal view, clinical photography"
_78_267330.jpg,cataract,"high quality fundus photograph of an eye with cataract, cloudy lens, reduced clarity, medical ophthalmology image, detailed retinal view, clinical photography"
_78_8248707.jpg,cataract,"high quality fundus photograph of an eye with cataract, cloudy lens, reduced clarity, medical ophthalmology image, detailed retinal view, clinical photography"
_79_1123955.jpg,cataract,"high quality fundus photograph of an eye with cataract, cloudy lens, reduced clarity, medical ophthalmology image, detailed retinal view, clinical photography"
_7_1388234.jpg,cataract,"high quality fundus photograph of an eye with cataract, cloudy lens, reduced clarity, medical ophthalmology image, detailed retinal view, clinical photography"
_7_2330751.jpg,cataract,"high quality fundus photograph of an eye with cataract, cloudy lens, reduced clarity, medical ophthalmology image, detailed retinal view, clinical photography"
_80_2744347.jpg,cataract,"high quality fundus photograph of an eye with cataract, cloudy lens, reduced clarity, medical ophthalmology image, detailed retinal view, clinical photography"
_80_8675414.jpg,cataract,"high quality fundus photograph of an eye with cataract, cloudy lens, reduced clarity, medical ophthalmology image, detailed retinal view, clinical photography"
_81_5591649.jpg,cataract,"high quality fundus photograph of an eye with cataract, cloudy lens, reduced clarity, medical ophthalmology image, detailed retinal view, clinical photography"
_81_6384668.jpg,cataract,"high quality fundus photograph of an eye with cataract, cloudy lens, reduced clarity, medical ophthalmology image, detailed retinal view, clinical photography"
_82_1805923.jpg,cataract,"high quality fundus photograph of an eye with cataract, cloudy lens, reduced clarity, medical ophthalmology image, detailed retinal view, clinical photography"
_83_8570399.jpg,cataract,"high quality fundus photograph of an eye with cataract, cloudy lens, reduced clarity, medical ophthalmology image, detailed retinal view, clinical photography"
_84_9231607.jpg,cataract,"high quality fundus photograph of an eye with cataract, cloudy lens, reduced clarity, medical ophthalmology image, detailed retinal view, clinical photography"
_85_2405112.jpg,cataract,"high quality fundus photograph of an eye with cataract, cloudy lens, reduced clarity, medical ophthalmology image, detailed retinal view, clinical photography"
_85_5757077.jpg,cataract,"high quality fundus photograph of an eye with cataract, cloudy lens, reduced clarity, medical ophthalmology image, detailed retinal view, clinical photography"
_86_4443360.jpg,cataract,"high quality fundus photograph of an eye with cataract, cloudy lens, reduced clarity, medical ophthalmology image, detailed retinal view, clinical photography"
_86_8666413.jpg,cataract,"high quality fundus photograph of an eye with cataract, cloudy lens, reduced clarity, medical ophthalmology image, detailed retinal view, clinical photography"
_87_635890.jpg,cataract,"high quality fundus photograph of an eye with cataract, cloudy lens, reduced clarity, medical ophthalmology image, detailed retinal view, clinical photography"
_88_1858467.jpg,cataract,"high quality fundus photograph of an eye with cataract, cloudy lens, reduced clarity, medical ophthalmology image, detailed retinal view, clinical photography"
_88_7869628.jpg,cataract,"high quality fundus photograph of an eye with cataract, cloudy lens, reduced clarity, medical ophthalmology image, detailed retinal view, clinical photography"
_89_2075481.jpg,cataract,"high quality fundus photograph of an eye with cataract, cloudy lens, reduced clarity, medical ophthalmology image, detailed retinal view, clinical photography"
_89_450120.jpg,cataract,"high quality fundus photograph of an eye with cataract, cloudy lens, reduced clarity, medical ophthalmology image, detailed retinal view, clinical photography"
_89_6878178.jpg,cataract,"high quality fundus photograph of an eye with cataract, cloudy lens, reduced clarity, medical ophthalmology image, detailed retinal view, clinical photography"
_8_7059542.jpg,cataract,"high quality fundus photograph of an eye with cataract, cloudy lens, reduced clarity, medical ophthalmology image, detailed retinal view, clinical photography"
_90_3742626.jpg,cataract,"high quality fundus photograph of an eye with cataract, cloudy lens, reduced clarity, medical ophthalmology image, detailed retinal view, clinical photography"
_90_4479779.jpg,cataract,"high quality fundus photograph of an eye with cataract, cloudy lens, reduced clarity, medical ophthalmology image, detailed retinal view, clinical photography"
_90_4763455.jpg,cataract,"high quality fundus photograph of an eye with cataract, cloudy lens, reduced clarity, medical ophthalmology image, detailed retinal view, clinical photography"
_91_7118539.jpg,cataract,"high quality fundus photograph of an eye with cataract, cloudy lens, reduced clarity, medical ophthalmology image, detailed retinal view, clinical photography"
_92_5284437.jpg,cataract,"high quality fundus photograph of an eye with cataract, cloudy lens, reduced clarity, medical ophthalmology image, detailed retinal view, clinical photography"
_93_7584804.jpg,cataract,"high quality fundus photograph of an eye with cataract, cloudy lens, reduced clarity, medical ophthalmology image, detailed retinal view, clinical photography"
_94_5517058.jpg,cataract,"high quality fundus photograph of an eye with cataract, cloudy lens, reduced clarity, medical ophthalmology image, detailed retinal view, clinical photography"
_95_592187.jpg,cataract,"high quality fundus photograph of an eye with cataract, cloudy lens, reduced clarity, medical ophthalmology image, detailed retinal view, clinical photography"
_96_5515894.jpg,cataract,"high quality fundus photograph of an eye with cataract, cloudy lens, reduced clarity, medical ophthalmology image, detailed retinal view, clinical photography"
_96_6290965.jpg,cataract,"high quality fundus photograph of an eye with cataract, cloudy lens, reduced clarity, medical ophthalmology image, detailed retinal view, clinical photography"
_97_6398110.jpg,cataract,"high quality fundus photograph of an eye with cataract, cloudy lens, reduced clarity, medical ophthalmology image, detailed retinal view, clinical photography"
_97_761368.jpg,cataract,"high quality fundus photograph of an eye with cataract, cloudy lens, reduced clarity, medical ophthalmology image, detailed retinal view, clinical photography"
_98_9687825.jpg,cataract,"high quality fundus photograph of an eye with cataract, cloudy lens, reduced clarity, medical ophthalmology image, detailed retinal view, clinical photography"
_99_746342.jpg,cataract,"high quality fundus photograph of an eye with cataract, cloudy lens, reduced clarity, medical ophthalmology image, detailed retinal view, clinical photography"
_9_1244013.jpg,cataract,"high quality fundus photograph of an eye with cataract, cloudy lens, reduced clarity, medical ophthalmology image, detailed retinal view, clinical photography"
cataract_001.png,cataract,"high quality fundus photograph of an eye with cataract, cloudy lens, reduced clarity, medical ophthalmology image, detailed retinal view, clinical photography"
cataract_002.png,cataract,"high quality fundus photograph of an eye with cataract, cloudy lens, reduced clarity, medical ophthalmology image, detailed retinal view, clinical photography"
cataract_003.png,cataract,"high quality fundus photograph of an eye with cataract, cloudy lens, reduced clarity, medical ophthalmology image, detailed retinal view, clinical photography"
cataract_004.png,cataract,"high quality fundus photograph of an eye with cataract, cloudy lens, reduced clarity, medical ophthalmology image, detailed retinal view, clinical photography"
cataract_005.png,cataract,"high quality fundus photograph of an eye with cataract, cloudy lens, reduced clarity, medical ophthalmology image, detailed retinal view, clinical photography"
cataract_006.png,cataract,"high quality fundus photograph of an eye with cataract, cloudy lens, reduced clarity, medical ophthalmology image, detailed retinal view, clinical photography"
cataract_007.png,cataract,"high quality fundus photograph of an eye with cataract, cloudy lens, reduced clarity, medical ophthalmology image, detailed retinal view, clinical photography"
cataract_008.png,cataract,"high quality fundus photograph of an eye with cataract, cloudy lens, reduced clarity, medical ophthalmology image, detailed retinal view, clinical photography"
cataract_009.png,cataract,"high quality fundus photograph of an eye with cataract, cloudy lens, reduced clarity, medical ophthalmology image, detailed retinal view, clinical photography"
cataract_010.png,cataract,"high quality fundus photograph of an eye with cataract, cloudy lens, reduced clarity, medical ophthalmology image, detailed retinal view, clinical photography"
cataract_011.png,cataract,"high quality fundus photograph of an eye with cataract, cloudy lens, reduced clarity, medical ophthalmology image, detailed retinal view, clinical photography"
cataract_012.png,cataract,"high quality fundus photograph of an eye with cataract, cloudy lens, reduced clarity, medical ophthalmology image, detailed retinal view, clinical photography"
cataract_013.png,cataract,"high quality fundus photograph of an eye with cataract, cloudy lens, reduced clarity, medical ophthalmology image, detailed retinal view, clinical photography"
cataract_014.png,cataract,"high quality fundus photograph of an eye with cataract, cloudy lens, reduced clarity, medical ophthalmology image, detailed retinal view, clinical photography"
cataract_015.png,cataract,"high quality fundus photograph of an eye with cataract, cloudy lens, reduced clarity, medical ophthalmology image, detailed retinal view, clinical photography"
cataract_016.png,cataract,"high quality fundus photograph of an eye with cataract, cloudy lens, reduced clarity, medical ophthalmology image, detailed retinal view, clinical photography"
cataract_017.png,cataract,"high quality fundus photograph of an eye with cataract, cloudy lens, reduced clarity, medical ophthalmology image, detailed retinal view, clinical photography"
cataract_018.png,cataract,"high quality fundus photograph of an eye with cataract, cloudy lens, reduced clarity, medical ophthalmology image, detailed retinal view, clinical photography"
cataract_019.png,cataract,"high quality fundus photograph of an eye with cataract, cloudy lens, reduced clarity, medical ophthalmology image, detailed retinal view, clinical photography"
cataract_020.png,cataract,"high quality fundus photograph of an eye with cataract, cloudy lens, reduced clarity, medical ophthalmology image, detailed retinal view, clinical photography"
cataract_021.png,cataract,"high quality fundus photograph of an eye with cataract, cloudy lens, reduced clarity, medical ophthalmology image, detailed retinal view, clinical photography"
cataract_022.png,cataract,"high quality fundus photograph of an eye with cataract, cloudy lens, reduced clarity, medical ophthalmology image, detailed retinal view, clinical photography"
cataract_023.png,cataract,"high quality fundus photograph of an eye with cataract, cloudy lens, reduced clarity, medical ophthalmology image, detailed retinal view, clinical photography"
cataract_024.png,cataract,"high quality fundus photograph of an eye with cataract, cloudy lens, reduced clarity, medical ophthalmology image, detailed retinal view, clinical photography"
cataract_025.png,cataract,"high quality fundus photograph of an eye with cataract, cloudy lens, reduced clarity, medical ophthalmology image, detailed retinal view, clinical photography"
cataract_026.png,cataract,"high quality fundus photograph of an eye with cataract, cloudy lens, reduced clarity, medical ophthalmology image, detailed retinal view, clinical photography"
cataract_027.png,cataract,"high quality fundus photograph of an eye with cataract, cloudy lens, reduced clarity, medical ophthalmology image, detailed retinal view, clinical photography"
cataract_028.png,cataract,"high quality fundus photograph of an eye with cataract, cloudy lens, reduced clarity, medical ophthalmology image, detailed retinal view, clinical photography"
cataract_029.png,cataract,"high quality fundus photograph of an eye with cataract, cloudy lens, reduced clarity, medical ophthalmology image, detailed retinal view, clinical photography"
cataract_030.png,cataract,"high quality fundus photograph of an eye with cataract, cloudy lens, reduced clarity, medical ophthalmology image, detailed retinal view, clinical photography"
cataract_031.png,cataract,"high quality fundus photograph of an eye with cataract, cloudy lens, reduced clarity, medical ophthalmology image, detailed retinal view, clinical photography"
cataract_032.png,cataract,"high quality fundus photograph of an eye with cataract, cloudy lens, reduced clarity, medical ophthalmology image, detailed retinal view, clinical photography"
cataract_033.png,cataract,"high quality fundus photograph of an eye with cataract, cloudy lens, reduced clarity, medical ophthalmology image, detailed retinal view, clinical photography"
cataract_034.png,cataract,"high quality fundus photograph of an eye with cataract, cloudy lens, reduced clarity, medical ophthalmology image, detailed retinal view, clinical photography"
cataract_035.png,cataract,"high quality fundus photograph of an eye with cataract, cloudy lens, reduced clarity, medical ophthalmology image, detailed retinal view, clinical photography"
cataract_036.png,cataract,"high quality fundus photograph of an eye with cataract, cloudy lens, reduced clarity, medical ophthalmology image, detailed retinal view, clinical photography"
cataract_037.png,cataract,"high quality fundus photograph of an eye with cataract, cloudy lens, reduced clarity, medical ophthalmology image, detailed retinal view, clinical photography"
cataract_038.png,cataract,"high quality fundus photograph of an eye with cataract, cloudy lens, reduced clarity, medical ophthalmology image, detailed retinal view, clinical photography"
cataract_039.png,cataract,"high quality fundus photograph of an eye with cataract, cloudy lens, reduced clarity, medical ophthalmology image, detailed retinal view, clinical photography"
cataract_040.png,cataract,"high quality fundus photograph of an eye with cataract, cloudy lens, reduced clarity, medical ophthalmology image, detailed retinal view, clinical photography"
cataract_041.png,cataract,"high quality fundus photograph of an eye with cataract, cloudy lens, reduced clarity, medical ophthalmology image, detailed retinal view, clinical photography"
cataract_042.png,cataract,"high quality fundus photograph of an eye with cataract, cloudy lens, reduced clarity, medical ophthalmology image, detailed retinal view, clinical photography"
cataract_043.png,cataract,"high quality fundus photograph of an eye with cataract, cloudy lens, reduced clarity, medical ophthalmology image, detailed retinal view, clinical photography"
cataract_044.png,cataract,"high quality fundus photograph of an eye with cataract, cloudy lens, reduced clarity, medical ophthalmology image, detailed retinal view, clinical photography"
cataract_045.png,cataract,"high quality fundus photograph of an eye with cataract, cloudy lens, reduced clarity, medical ophthalmology image, detailed retinal view, clinical photography"
cataract_046.png,cataract,"high quality fundus photograph of an eye with cataract, cloudy lens, reduced clarity, medical ophthalmology image, detailed retinal view, clinical photography"
cataract_047.png,cataract,"high quality fundus photograph of an eye with cataract, cloudy lens, reduced clarity, medical ophthalmology image, detailed retinal view, clinical photography"
cataract_048.png,cataract,"high quality fundus photograph of an eye with cataract, cloudy lens, reduced clarity, medical ophthalmology image, detailed retinal view, clinical photography"
cataract_049.png,cataract,"high quality fundus photograph of an eye with cataract, cloudy lens, reduced clarity, medical ophthalmology image, detailed retinal view, clinical photography"
cataract_050.png,cataract,"high quality fundus photograph of an eye with cataract, cloudy lens, reduced clarity, medical ophthalmology image, detailed retinal view, clinical photography"
cataract_051.png,cataract,"high quality fundus photograph of an eye with cataract, cloudy lens, reduced clarity, medical ophthalmology image, detailed retinal view, clinical photography"
cataract_052.png,cataract,"high quality fundus photograph of an eye with cataract, cloudy lens, reduced clarity, medical ophthalmology image, detailed retinal view, clinical photography"
cataract_053.png,cataract,"high quality fundus photograph of an eye with cataract, cloudy lens, reduced clarity, medical ophthalmology image, detailed retinal view, clinical photography"
cataract_054.png,cataract,"high quality fundus photograph of an eye with cataract, cloudy lens, reduced clarity, medical ophthalmology image, detailed retinal view, clinical photography"
cataract_055.png,cataract,"high quality fundus photograph of an eye with cataract, cloudy lens, reduced clarity, medical ophthalmology image, detailed retinal view, clinical photography"
cataract_056.png,cataract,"high quality fundus photograph of an eye with cataract, cloudy lens, reduced clarity, medical ophthalmology image, detailed retinal view, clinical photography"
cataract_057.png,cataract,"high quality fundus photograph of an eye with cataract, cloudy lens, reduced clarity, medical ophthalmology image, detailed retinal view, clinical photography"
cataract_058.png,cataract,"high quality fundus photograph of an eye with cataract, cloudy lens, reduced clarity, medical ophthalmology image, detailed retinal view, clinical photography"
cataract_059.png,cataract,"high quality fundus photograph of an eye with cataract, cloudy lens, reduced clarity, medical ophthalmology image, detailed retinal view, clinical photography"
cataract_060.png,cataract,"high quality fundus photograph of an eye with cataract, cloudy lens, reduced clarity, medical ophthalmology image, detailed retinal view, clinical photography"
cataract_061.png,cataract,"high quality fundus photograph of an eye with cataract, cloudy lens, reduced clarity, medical ophthalmology image, detailed retinal view, clinical photography"
cataract_062.png,cataract,"high quality fundus photograph of an eye with cataract, cloudy lens, reduced clarity, medical ophthalmology image, detailed retinal view, clinical photography"
cataract_063.png,cataract,"high quality fundus photograph of an eye with cataract, cloudy lens, reduced clarity, medical ophthalmology image, detailed retinal view, clinical photography"
cataract_064.png,cataract,"high quality fundus photograph of an eye with cataract, cloudy lens, reduced clarity, medical ophthalmology image, detailed retinal view, clinical photography"
cataract_065.png,cataract,"high quality fundus photograph of an eye with cataract, cloudy lens, reduced clarity, medical ophthalmology image, detailed retinal view, clinical photography"
cataract_066.png,cataract,"high quality fundus photograph of an eye with cataract, cloudy lens, reduced clarity, medical ophthalmology image, detailed retinal view, clinical photography"
cataract_067.png,cataract,"high quality fundus photograph of an eye with cataract, cloudy lens, reduced clarity, medical ophthalmology image, detailed retinal view, clinical photography"
cataract_068.png,cataract,"high quality fundus photograph of an eye with cataract, cloudy lens, reduced clarity, medical ophthalmology image, detailed retinal view, clinical photography"
cataract_069.png,cataract,"high quality fundus photograph of an eye with cataract, cloudy lens, reduced clarity, medical ophthalmology image, detailed retinal view, clinical photography"
cataract_070.png,cataract,"high quality fundus photograph of an eye with cataract, cloudy lens, reduced clarity, medical ophthalmology image, detailed retinal view, clinical photography"
cataract_071.png,cataract,"high quality fundus photograph of an eye with cataract, cloudy lens, reduced clarity, medical ophthalmology image, detailed retinal view, clinical photography"
cataract_072.png,cataract,"high quality fundus photograph of an eye with cataract, cloudy lens, reduced clarity, medical ophthalmology image, detailed retinal view, clinical photography"
cataract_073.png,cataract,"high quality fundus photograph of an eye with cataract, cloudy lens, reduced clarity, medical ophthalmology image, detailed retinal view, clinical photography"
cataract_074.png,cataract,"high quality fundus photograph of an eye with cataract, cloudy lens, reduced clarity, medical ophthalmology image, detailed retinal view, clinical photography"
cataract_075.png,cataract,"high quality fundus photograph of an eye with cataract, cloudy lens, reduced clarity, medical ophthalmology image, detailed retinal view, clinical photography"
cataract_076.png,cataract,"high quality fundus photograph of an eye with cataract, cloudy lens, reduced clarity, medical ophthalmology image, detailed retinal view, clinical photography"
cataract_077.png,cataract,"high quality fundus photograph of an eye with cataract, cloudy lens, reduced clarity, medical ophthalmology image, detailed retinal view, clinical photography"
cataract_078.png,cataract,"high quality fundus photograph of an eye with cataract, cloudy lens, reduced clarity, medical ophthalmology image, detailed retinal view, clinical photography"
cataract_079.png,cataract,"high quality fundus photograph of an eye with cataract, cloudy lens, reduced clarity, medical ophthalmology image, detailed retinal view, clinical photography"
cataract_080.png,cataract,"high quality fundus photograph of an eye with cataract, cloudy lens, reduced clarity, medical ophthalmology image, detailed retinal view, clinical photography"
cataract_081.png,cataract,"high quality fundus photograph of an eye with cataract, cloudy lens, reduced clarity, medical ophthalmology image, detailed retinal view, clinical photography"
cataract_082.png,cataract,"high quality fundus photograph of an eye with cataract, cloudy lens, reduced clarity, medical ophthalmology image, detailed retinal view, clinical photography"
cataract_083.png,cataract,"high quality fundus photograph of an eye with cataract, cloudy lens, reduced clarity, medical ophthalmology image, detailed retinal view, clinical photography"
cataract_084.png,cataract,"high quality fundus photograph of an eye with cataract, cloudy lens, reduced clarity, medical ophthalmology image, detailed retinal view, clinical photography"
cataract_085.png,cataract,"high quality fundus photograph of an eye with cataract, cloudy lens, reduced clarity, medical ophthalmology image, detailed retinal view, clinical photography"
cataract_086.png,cataract,"high quality fundus photograph of an eye with cataract, cloudy lens, reduced clarity, medical ophthalmology image, detailed retinal view, clinical photography"
cataract_087.png,cataract,"high quality fundus photograph of an eye with cataract, cloudy lens, reduced clarity, medical ophthalmology image, detailed retinal view, clinical photography"
cataract_088.png,cataract,"high quality fundus photograph of an eye with cataract, cloudy lens, reduced clarity, medical ophthalmology image, detailed retinal view, clinical photography"
cataract_089.png,cataract,"high quality fundus photograph of an eye with cataract, cloudy lens, reduced clarity, medical ophthalmology image, detailed retinal view, clinical photography"
cataract_090.png,cataract,"high quality fundus photograph of an eye with cataract, cloudy lens, reduced clarity, medical ophthalmology image, detailed retinal view, clinical photography"
cataract_091.png,cataract,"high quality fundus photograph of an eye with cataract, cloudy lens, reduced clarity, medical ophthalmology image, detailed retinal view, clinical photography"
cataract_092.png,cataract,"high quality fundus photograph of an eye with cataract, cloudy lens, reduced clarity, medical ophthalmology image, detailed retinal view, clinical photography"
cataract_093.png,cataract,"high quality fundus photograph of an eye with cataract, cloudy lens, reduced clarity, medical ophthalmology image, detailed retinal view, clinical photography"
cataract_094.png,cataract,"high quality fundus photograph of an eye with cataract, cloudy lens, reduced clarity, medical ophthalmology image, detailed retinal view, clinical photography"
cataract_095.png,cataract,"high quality fundus photograph of an eye with cataract, cloudy lens, reduced clarity, medical ophthalmology image, detailed retinal view, clinical photography"
cataract_096.png,cataract,"high quality fundus photograph of an eye with cataract, cloudy lens, reduced clarity, medical ophthalmology image, detailed retinal view, clinical photography"
cataract_097.png,cataract,"high quality fundus photograph of an eye with cataract, cloudy lens, reduced clarity, medical ophthalmology image, detailed retinal view, clinical photography"
cataract_098.png,cataract,"high quality fundus photograph of an eye with cataract, cloudy lens, reduced clarity, medical ophthalmology image, detailed retinal view, clinical photography"
cataract_099.png,cataract,"high quality fundus photograph of an eye with cataract, cloudy lens, reduced clarity, medical ophthalmology image, detailed retinal view, clinical photography"
cataract_100.png,cataract,"high quality fundus photograph of an eye with cataract, cloudy lens, reduced clarity, medical ophthalmology image, detailed retinal view, clinical photography"
10003_left.jpeg,diabetic_retinopathy,"high quality fundus photograph of an eye with diabetic retinopathy, microaneurysms, hemorrhages, exudates, neovascularization, medical ophthalmology image, detailed retinal view, clinical photography"
10003_right.jpeg,diabetic_retinopathy,"high quality fundus photograph of an eye with diabetic retinopathy, microaneurysms, hemorrhages, exudates, neovascularization, medical ophthalmology image, detailed retinal view, clinical photography"
10007_left.jpeg,diabetic_retinopathy,"high quality fundus photograph of an eye with diabetic retinopathy, microaneurysms, hemorrhages, exudates, neovascularization, medical ophthalmology image, detailed retinal view, clinical photography"
10007_right.jpeg,diabetic_retinopathy,"high quality fundus photograph of an eye with diabetic retinopathy, microaneurysms, hemorrhages, exudates, neovascularization, medical ophthalmology image, detailed retinal view, clinical photography"
10009_left.jpeg,diabetic_retinopathy,"high quality fundus photograph of an eye with diabetic retinopathy, microaneurysms, hemorrhages, exudates, neovascularization, medical ophthalmology image, detailed retinal view, clinical photography"
10009_right.jpeg,diabetic_retinopathy,"high quality fundus photograph of an eye with diabetic retinopathy, microaneurysms, hemorrhages, exudates, neovascularization, medical ophthalmology image, detailed retinal view, clinical photography"
1000_left.jpeg,diabetic_retinopathy,"high quality fundus photograph of an eye with diabetic retinopathy, microaneurysms, hemorrhages, exudates, neovascularization, medical ophthalmology image, detailed retinal view, clinical photography"
1000_right.jpeg,diabetic_retinopathy,"high quality fundus photograph of an eye with diabetic retinopathy, microaneurysms, hemorrhages, exudates, neovascularization, medical ophthalmology image, detailed retinal view, clinical photography"
10010_left.jpeg,diabetic_retinopathy,"high quality fundus photograph of an eye with diabetic retinopathy, microaneurysms, hemorrhages, exudates, neovascularization, medical ophthalmology image, detailed retinal view, clinical photography"
10010_right.jpeg,diabetic_retinopathy,"high quality fundus photograph of an eye with diabetic retinopathy, microaneurysms, hemorrhages, exudates, neovascularization, medical ophthalmology image, detailed retinal view, clinical photography"
10013_left.jpeg,diabetic_retinopathy,"high quality fundus photograph of an eye with diabetic retinopathy, microaneurysms, hemorrhages, exudates, neovascularization, medical ophthalmology image, detailed retinal view, clinical photography"
10013_right.jpeg,diabetic_retinopathy,"high quality fundus photograph of an eye with diabetic retinopathy, microaneurysms, hemorrhages, exudates, neovascularization, medical ophthalmology image, detailed retinal view, clinical photography"
10014_left.jpeg,diabetic_retinopathy,"high quality fundus photograph of an eye with diabetic retinopathy, microaneurysms, hemorrhages, exudates, neovascularization, medical ophthalmology image, detailed retinal view, clinical photography"
10014_right.jpeg,diabetic_retinopathy,"high quality fundus photograph of an eye with diabetic retinopathy, microaneurysms, hemorrhages, exudates, neovascularization, medical ophthalmology image, detailed retinal view, clinical photography"
10015_left.jpeg,diabetic_retinopathy,"high quality fundus photograph of an eye with diabetic retinopathy, microaneurysms, hemorrhages, exudates, neovascularization, medical ophthalmology image, detailed retinal view, clinical photography"
10015_right.jpeg,diabetic_retinopathy,"high quality fundus photograph of an eye with diabetic retinopathy, microaneurysms, hemorrhages, exudates, neovascularization, medical ophthalmology image, detailed retinal view, clinical photography"
10017_left.jpeg,diabetic_retinopathy,"high quality fundus photograph of an eye with diabetic retinopathy, microaneurysms, hemorrhages, exudates, neovascularization, medical ophthalmology image, detailed retinal view, clinical photography"
10017_right.jpeg,diabetic_retinopathy,"high quality fundus photograph of an eye with diabetic retinopathy, microaneurysms, hemorrhages, exudates, neovascularization, medical ophthalmology image, detailed retinal view, clinical photography"
10029_left.jpeg,diabetic_retinopathy,"high quality fundus photograph of an eye with diabetic retinopathy, microaneurysms, hemorrhages, exudates, neovascularization, medical ophthalmology image, detailed retinal view, clinical photography"
10029_right.jpeg,diabetic_retinopathy,"high quality fundus photograph of an eye with diabetic retinopathy, microaneurysms, hemorrhages, exudates, neovascularization, medical ophthalmology image, detailed retinal view, clinical photography"
1002_left.jpeg,diabetic_retinopathy,"high quality fundus photograph of an eye with diabetic retinopathy, microaneurysms, hemorrhages, exudates, neovascularization, medical ophthalmology image, detailed retinal view, clinical photography"
1002_right.jpeg,diabetic_retinopathy,"high quality fundus photograph of an eye with diabetic retinopathy, microaneurysms, hemorrhages, exudates, neovascularization, medical ophthalmology image, detailed retinal view, clinical photography"
10030_left.jpeg,diabetic_retinopathy,"high quality fundus photograph of an eye with diabetic retinopathy, microaneurysms, hemorrhages, exudates, neovascularization, medical ophthalmology image, detailed retinal view, clinical photography"
10030_right.jpeg,diabetic_retinopathy,"high quality fundus photograph of an eye with diabetic retinopathy, microaneurysms, hemorrhages, exudates, neovascularization, medical ophthalmology image, detailed retinal view, clinical photography"
10031_left.jpeg,diabetic_retinopathy,"high quality fundus photograph of an eye with diabetic retinopathy, microaneurysms, hemorrhages, exudates, neovascularization, medical ophthalmology image, detailed retinal view, clinical photography"
10031_right.jpeg,diabetic_retinopathy,"high quality fundus photograph of an eye with diabetic retinopathy, microaneurysms, hemorrhages, exudates, neovascularization, medical ophthalmology image, detailed retinal view, clinical photography"
10032_left.jpeg,diabetic_retinopathy,"high quality fundus photograph of an eye with diabetic retinopathy, microaneurysms, hemorrhages, exudates, neovascularization, medical ophthalmology image, detailed retinal view, clinical photography"
10032_right.jpeg,diabetic_retinopathy,"high quality fundus photograph of an eye with diabetic retinopathy, microaneurysms, hemorrhages, exudates, neovascularization, medical ophthalmology image, detailed retinal view, clinical photography"
10035_left.jpeg,diabetic_retinopathy,"high quality fundus photograph of an eye with diabetic retinopathy, microaneurysms, hemorrhages, exudates, neovascularization, medical ophthalmology image, detailed retinal view, clinical photography"
10035_right.jpeg,diabetic_retinopathy,"high quality fundus photograph of an eye with diabetic retinopathy, microaneurysms, hemorrhages, exudates, neovascularization, medical ophthalmology image, detailed retinal view, clinical photography"
10042_left.jpeg,diabetic_retinopathy,"high quality fundus photograph of an eye with diabetic retinopathy, microaneurysms, hemorrhages, exudates, neovascularization, medical ophthalmology image, detailed retinal view, clinical photography"
10042_right.jpeg,diabetic_retinopathy,"high quality fundus photograph of an eye with diabetic retinopathy, microaneurysms, hemorrhages, exudates, neovascularization, medical ophthalmology image, detailed retinal view, clinical photography"
10046_left.jpeg,diabetic_retinopathy,"high quality fundus photograph of an eye with diabetic retinopathy, microaneurysms, hemorrhages, exudates, neovascularization, medical ophthalmology image, detailed retinal view, clinical photography"
10046_right.jpeg,diabetic_retinopathy,"high quality fundus photograph of an eye with diabetic retinopathy, microaneurysms, hemorrhages, exudates, neovascularization, medical ophthalmology image, detailed retinal view, clinical photography"
10047_left.jpeg,diabetic_retinopathy,"high quality fundus photograph of an eye with diabetic retinopathy, microaneurysms, hemorrhages, exudates, neovascularization, medical ophthalmology image, detailed retinal view, clinical photography"
10047_right.jpeg,diabetic_retinopathy,"high quality fundus photograph of an eye with diabetic retinopathy, microaneurysms, hemorrhages, exudates, neovascularization, medical ophthalmology image, detailed retinal view, clinical photography"
10050_left.jpeg,diabetic_retinopathy,"high quality fundus photograph of an eye with diabetic retinopathy, microaneurysms, hemorrhages, exudates, neovascularization, medical ophthalmology image, detailed retinal view, clinical photography"
10050_right.jpeg,diabetic_retinopathy,"high quality fundus photograph of an eye with diabetic retinopathy, microaneurysms, hemorrhages, exudates, neovascularization, medical ophthalmology image, detailed retinal view, clinical photography"
10053_left.jpeg,diabetic_retinopathy,"high quality fundus photograph of an eye with diabetic retinopathy, microaneurysms, hemorrhages, exudates, neovascularization, medical ophthalmology image, detailed retinal view, clinical photography"
10053_right.jpeg,diabetic_retinopathy,"high quality fundus photograph of an eye with diabetic retinopathy, microaneurysms, hemorrhages, exudates, neovascularization, medical ophthalmology image, detailed retinal view, clinical photography"
10058_left.jpeg,diabetic_retinopathy,"high quality fundus photograph of an eye with diabetic retinopathy, microaneurysms, hemorrhages, exudates, neovascularization, medical ophthalmology image, detailed retinal view, clinical photography"
10058_right.jpeg,diabetic_retinopathy,"high quality fundus photograph of an eye with diabetic retinopathy, microaneurysms, hemorrhages, exudates, neovascularization, medical ophthalmology image, detailed retinal view, clinical photography"
10059_left.jpeg,diabetic_retinopathy,"high quality fundus photograph of an eye with diabetic retinopathy, microaneurysms, hemorrhages, exudates, neovascularization, medical ophthalmology image, detailed retinal view, clinical photography"
10059_right.jpeg,diabetic_retinopathy,"high quality fundus photograph of an eye with diabetic retinopathy, microaneurysms, hemorrhages, exudates, neovascularization, medical ophthalmology image, detailed retinal view, clinical photography"
10061_left.jpeg,diabetic_retinopathy,"high quality fundus photograph of an eye with diabetic retinopathy, microaneurysms, hemorrhages, exudates, neovascularization, medical ophthalmology image, detailed retinal view, clinical photography"
10061_right.jpeg,diabetic_retinopathy,"high quality fundus photograph of an eye with diabetic retinopathy, microaneurysms, hemorrhages, exudates, neovascularization, medical ophthalmology image, detailed retinal view, clinical photography"
10069_left.jpeg,diabetic_retinopathy,"high quality fundus photograph of an eye with diabetic retinopathy, microaneurysms, hemorrhages, exudates, neovascularization, medical ophthalmology image, detailed retinal view, clinical photography"
10069_right.jpeg,diabetic_retinopathy,"high quality fundus photograph of an eye with diabetic retinopathy, microaneurysms, hemorrhages, exudates, neovascularization, medical ophthalmology image, detailed retinal view, clinical photography"
10078_left.jpeg,diabetic_retinopathy,"high quality fundus photograph of an eye with diabetic retinopathy, microaneurysms, hemorrhages, exudates, neovascularization, medical ophthalmology image, detailed retinal view, clinical photography"
10078_right.jpeg,diabetic_retinopathy,"high quality fundus photograph of an eye with diabetic retinopathy, microaneurysms, hemorrhages, exudates, neovascularization, medical ophthalmology image, detailed retinal view, clinical photography"
10081_left.jpeg,diabetic_retinopathy,"high quality fundus photograph of an eye with diabetic retinopathy, microaneurysms, hemorrhages, exudates, neovascularization, medical ophthalmology image, detailed retinal view, clinical photography"
10081_right.jpeg,diabetic_retinopathy,"high quality fundus photograph of an eye with diabetic retinopathy, microaneurysms, hemorrhages, exudates, neovascularization, medical ophthalmology image, detailed retinal view, clinical photography"
10085_left.jpeg,diabetic_retinopathy,"high quality fundus photograph of an eye with diabetic retinopathy, microaneurysms, hemorrhages, exudates, neovascularization, medical ophthalmology image, detailed retinal view, clinical photography"
10085_right.jpeg,diabetic_retinopathy,"high quality fundus photograph of an eye with diabetic retinopathy, microaneurysms, hemorrhages, exudates, neovascularization, medical ophthalmology image, detailed retinal view, clinical photography"
1008_left.jpeg,diabetic_retinopathy,"high quality fundus photograph of an eye with diabetic retinopathy, microaneurysms, hemorrhages, exudates, neovascularization, medical ophthalmology image, detailed retinal view, clinical photography"
1008_right.jpeg,diabetic_retinopathy,"high quality fundus photograph of an eye with diabetic retinopathy, microaneurysms, hemorrhages, exudates, neovascularization, medical ophthalmology image, detailed retinal view, clinical photography"
10095_left.jpeg,diabetic_retinopathy,"high quality fundus photograph of an eye with diabetic retinopathy, microaneurysms, hemorrhages, exudates, neovascularization, medical ophthalmology image, detailed retinal view, clinical photography"
10095_right.jpeg,diabetic_retinopathy,"high quality fundus photograph of an eye with diabetic retinopathy, microaneurysms, hemorrhages, exudates, neovascularization, medical ophthalmology image, detailed retinal view, clinical photography"
10099_left.jpeg,diabetic_retinopathy,"high quality fundus photograph of an eye with diabetic retinopathy, microaneurysms, hemorrhages, exudates, neovascularization, medical ophthalmology image, detailed retinal view, clinical photography"
10099_right.jpeg,diabetic_retinopathy,"high quality fundus photograph of an eye with diabetic retinopathy, microaneurysms, hemorrhages, exudates, neovascularization, medical ophthalmology image, detailed retinal view, clinical photography"
100_left.jpeg,diabetic_retinopathy,"high quality fundus photograph of an eye with diabetic retinopathy, microaneurysms, hemorrhages, exudates, neovascularization, medical ophthalmology image, detailed retinal view, clinical photography"
100_right.jpeg,diabetic_retinopathy,"high quality fundus photograph of an eye with diabetic retinopathy, microaneurysms, hemorrhages, exudates, neovascularization, medical ophthalmology image, detailed retinal view, clinical photography"
10100_left.jpeg,diabetic_retinopathy,"high quality fundus photograph of an eye with diabetic retinopathy, microaneurysms, hemorrhages, exudates, neovascularization, medical ophthalmology image, detailed retinal view, clinical photography"
10100_right.jpeg,diabetic_retinopathy,"high quality fundus photograph of an eye with diabetic retinopathy, microaneurysms, hemorrhages, exudates, neovascularization, medical ophthalmology image, detailed retinal view, clinical photography"
10104_left.jpeg,diabetic_retinopathy,"high quality fundus photograph of an eye with diabetic retinopathy, microaneurysms, hemorrhages, exudates, neovascularization, medical ophthalmology image, detailed retinal view, clinical photography"
10104_right.jpeg,diabetic_retinopathy,"high quality fundus photograph of an eye with diabetic retinopathy, microaneurysms, hemorrhages, exudates, neovascularization, medical ophthalmology image, detailed retinal view, clinical photography"
10109_left.jpeg,diabetic_retinopathy,"high quality fundus photograph of an eye with diabetic retinopathy, microaneurysms, hemorrhages, exudates, neovascularization, medical ophthalmology image, detailed retinal view, clinical photography"
10109_right.jpeg,diabetic_retinopathy,"high quality fundus photograph of an eye with diabetic retinopathy, microaneurysms, hemorrhages, exudates, neovascularization, medical ophthalmology image, detailed retinal view, clinical photography"
10115_left.jpeg,diabetic_retinopathy,"high quality fundus photograph of an eye with diabetic retinopathy, microaneurysms, hemorrhages, exudates, neovascularization, medical ophthalmology image, detailed retinal view, clinical photography"
10115_right.jpeg,diabetic_retinopathy,"high quality fundus photograph of an eye with diabetic retinopathy, microaneurysms, hemorrhages, exudates, neovascularization, medical ophthalmology image, detailed retinal view, clinical photography"
10116_left.jpeg,diabetic_retinopathy,"high quality fundus photograph of an eye with diabetic retinopathy, microaneurysms, hemorrhages, exudates, neovascularization, medical ophthalmology image, detailed retinal view, clinical photography"
10116_right.jpeg,diabetic_retinopathy,"high quality fundus photograph of an eye with diabetic retinopathy, microaneurysms, hemorrhages, exudates, neovascularization, medical ophthalmology image, detailed retinal view, clinical photography"
1011_left.jpeg,diabetic_retinopathy,"high quality fundus photograph of an eye with diabetic retinopathy, microaneurysms, hemorrhages, exudates, neovascularization, medical ophthalmology image, detailed retinal view, clinical photography"
1011_right.jpeg,diabetic_retinopathy,"high quality fundus photograph of an eye with diabetic retinopathy, microaneurysms, hemorrhages, exudates, neovascularization, medical ophthalmology image, detailed retinal view, clinical photography"
10120_left.jpeg,diabetic_retinopathy,"high quality fundus photograph of an eye with diabetic retinopathy, microaneurysms, hemorrhages, exudates, neovascularization, medical ophthalmology image, detailed retinal view, clinical photography"
10120_right.jpeg,diabetic_retinopathy,"high quality fundus photograph of an eye with diabetic retinopathy, microaneurysms, hemorrhages, exudates, neovascularization, medical ophthalmology image, detailed retinal view, clinical photography"
10124_left.jpeg,diabetic_retinopathy,"high quality fundus photograph of an eye with diabetic retinopathy, microaneurysms, hemorrhages, exudates, neovascularization, medical ophthalmology image, detailed retinal view, clinical photography"
10124_right.jpeg,diabetic_retinopathy,"high quality fundus photograph of an eye with diabetic retinopathy, microaneurysms, hemorrhages, exudates, neovascularization, medical ophthalmology image, detailed retinal view, clinical photography"
10126_left.jpeg,diabetic_retinopathy,"high quality fundus photograph of an eye with diabetic retinopathy, microaneurysms, hemorrhages, exudates, neovascularization, medical ophthalmology image, detailed retinal view, clinical photography"
10126_right.jpeg,diabetic_retinopathy,"high quality fundus photograph of an eye with diabetic retinopathy, microaneurysms, hemorrhages, exudates, neovascularization, medical ophthalmology image, detailed retinal view, clinical photography"
10129_left.jpeg,diabetic_retinopathy,"high quality fundus photograph of an eye with diabetic retinopathy, microaneurysms, hemorrhages, exudates, neovascularization, medical ophthalmology image, detailed retinal view, clinical photography"
10129_right.jpeg,diabetic_retinopathy,"high quality fundus photograph of an eye with diabetic retinopathy, microaneurysms, hemorrhages, exudates, neovascularization, medical ophthalmology image, detailed retinal view, clinical photography"
1012_left.jpeg,diabetic_retinopathy,"high quality fundus photograph of an eye with diabetic retinopathy, microaneurysms, hemorrhages, exudates, neovascularization, medical ophthalmology image, detailed retinal view, clinical photography"
1012_right.jpeg,diabetic_retinopathy,"high quality fundus photograph of an eye with diabetic retinopathy, microaneurysms, hemorrhages, exudates, neovascularization, medical ophthalmology image, detailed retinal view, clinical photography"
10130_left.jpeg,diabetic_retinopathy,"high quality fundus photograph of an eye with diabetic retinopathy, microaneurysms, hemorrhages, exudates, neovascularization, medical ophthalmology image, detailed retinal view, clinical photography"
10130_right.jpeg,diabetic_retinopathy,"high quality fundus photograph of an eye with diabetic retinopathy, microaneurysms, hemorrhages, exudates, neovascularization, medical ophthalmology image, detailed retinal view, clinical photography"
10135_left.jpeg,diabetic_retinopathy,"high quality fundus photograph of an eye with diabetic retinopathy, microaneurysms, hemorrhages, exudates, neovascularization, medical ophthalmology image, detailed retinal view, clinical photography"
10135_right.jpeg,diabetic_retinopathy,"high quality fundus photograph of an eye with diabetic retinopathy, microaneurysms, hemorrhages, exudates, neovascularization, medical ophthalmology image, detailed retinal view, clinical photography"
10137_left.jpeg,diabetic_retinopathy,"high quality fundus photograph of an eye with diabetic retinopathy, microaneurysms, hemorrhages, exudates, neovascularization, medical ophthalmology image, detailed retinal view, clinical photography"
10137_right.jpeg,diabetic_retinopathy,"high quality fundus photograph of an eye with diabetic retinopathy, microaneurysms, hemorrhages, exudates, neovascularization, medical ophthalmology image, detailed retinal view, clinical photography"
10141_left.jpeg,diabetic_retinopathy,"high quality fundus photograph of an eye with diabetic retinopathy, microaneurysms, hemorrhages, exudates, neovascularization, medical ophthalmology image, detailed retinal view, clinical photography"
10141_right.jpeg,diabetic_retinopathy,"high quality fundus photograph of an eye with diabetic retinopathy, microaneurysms, hemorrhages, exudates, neovascularization, medical ophthalmology image, detailed retinal view, clinical photography"
10147_left.jpeg,diabetic_retinopathy,"high quality fundus photograph of an eye with diabetic retinopathy, microaneurysms, hemorrhages, exudates, neovascularization, medical ophthalmology image, detailed retinal view, clinical photography"
10147_right.jpeg,diabetic_retinopathy,"high quality fundus photograph of an eye with diabetic retinopathy, microaneurysms, hemorrhages, exudates, neovascularization, medical ophthalmology image, detailed retinal view, clinical photography"
10149_left.jpeg,diabetic_retinopathy,"high quality fundus photograph of an eye with diabetic retinopathy, microaneurysms, hemorrhages, exudates, neovascularization, medical ophthalmology image, detailed retinal view, clinical photography"
10149_right.jpeg,diabetic_retinopathy,"high quality fundus photograph of an eye with diabetic retinopathy, microaneurysms, hemorrhages, exudates, neovascularization, medical ophthalmology image, detailed retinal view, clinical photography"
10150_left.jpeg,diabetic_retinopathy,"high quality fundus photograph of an eye with diabetic retinopathy, microaneurysms, hemorrhages, exudates, neovascularization, medical ophthalmology image, detailed retinal view, clinical photography"
10150_right.jpeg,diabetic_retinopathy,"high quality fundus photograph of an eye with diabetic retinopathy, microaneurysms, hemorrhages, exudates, neovascularization, medical ophthalmology image, detailed retinal view, clinical photography"
10153_left.jpeg,diabetic_retinopathy,"high quality fundus photograph of an eye with diabetic retinopathy, microaneurysms, hemorrhages, exudates, neovascularization, medical ophthalmology image, detailed retinal view, clinical photography"
10153_right.jpeg,diabetic_retinopathy,"high quality fundus photograph of an eye with diabetic retinopathy, microaneurysms, hemorrhages, exudates, neovascularization, medical ophthalmology image, detailed retinal view, clinical photography"
10154_left.jpeg,diabetic_retinopathy,"high quality fundus photograph of an eye with diabetic retinopathy, microaneurysms, hemorrhages, exudates, neovascularization, medical ophthalmology image, detailed retinal view, clinical photography"
10154_right.jpeg,diabetic_retinopathy,"high quality fundus photograph of an eye with diabetic retinopathy, microaneurysms, hemorrhages, exudates, neovascularization, medical ophthalmology image, detailed retinal view, clinical photography"
10156_left.jpeg,diabetic_retinopathy,"high quality fundus photograph of an eye with diabetic retinopathy, microaneurysms, hemorrhages, exudates, neovascularization, medical ophthalmology image, detailed retinal view, clinical photography"
10156_right.jpeg,diabetic_retinopathy,"high quality fundus photograph of an eye with diabetic retinopathy, microaneurysms, hemorrhages, exudates, neovascularization, medical ophthalmology image, detailed retinal view, clinical photography"
10160_left.jpeg,diabetic_retinopathy,"high quality fundus photograph of an eye with diabetic retinopathy, microaneurysms, hemorrhages, exudates, neovascularization, medical ophthalmology image, detailed retinal view, clinical photography"
10160_right.jpeg,diabetic_retinopathy,"high quality fundus photograph of an eye with diabetic retinopathy, microaneurysms, hemorrhages, exudates, neovascularization, medical ophthalmology image, detailed retinal view, clinical photography"
10163_left.jpeg,diabetic_retinopathy,"high quality fundus photograph of an eye with diabetic retinopathy, microaneurysms, hemorrhages, exudates, neovascularization, medical ophthalmology image, detailed retinal view, clinical photography"
10163_right.jpeg,diabetic_retinopathy,"high quality fundus photograph of an eye with diabetic retinopathy, microaneurysms, hemorrhages, exudates, neovascularization, medical ophthalmology image, detailed retinal view, clinical photography"
10166_left.jpeg,diabetic_retinopathy,"high quality fundus photograph of an eye with diabetic retinopathy, microaneurysms, hemorrhages, exudates, neovascularization, medical ophthalmology image, detailed retinal view, clinical photography"
10166_right.jpeg,diabetic_retinopathy,"high quality fundus photograph of an eye with diabetic retinopathy, microaneurysms, hemorrhages, exudates, neovascularization, medical ophthalmology image, detailed retinal view, clinical photography"
10169_left.jpeg,diabetic_retinopathy,"high quality fundus photograph of an eye with diabetic retinopathy, microaneurysms, hemorrhages, exudates, neovascularization, medical ophthalmology image, detailed retinal view, clinical photography"
10169_right.jpeg,diabetic_retinopathy,"high quality fundus photograph of an eye with diabetic retinopathy, microaneurysms, hemorrhages, exudates, neovascularization, medical ophthalmology image, detailed retinal view, clinical photography"
10170_left.jpeg,diabetic_retinopathy,"high quality fundus photograph of an eye with diabetic retinopathy, microaneurysms, hemorrhages, exudates, neovascularization, medical ophthalmology image, detailed retinal view, clinical photography"
10170_right.jpeg,diabetic_retinopathy,"high quality fundus photograph of an eye with diabetic retinopathy, microaneurysms, hemorrhages, exudates, neovascularization, medical ophthalmology image, detailed retinal view, clinical photography"
10175_left.jpeg,diabetic_retinopathy,"high quality fundus photograph of an eye with diabetic retinopathy, microaneurysms, hemorrhages, exudates, neovascularization, medical ophthalmology image, detailed retinal view, clinical photography"
10175_right.jpeg,diabetic_retinopathy,"high quality fundus photograph of an eye with diabetic retinopathy, microaneurysms, hemorrhages, exudates, neovascularization, medical ophthalmology image, detailed retinal view, clinical photography"
10177_left.jpeg,diabetic_retinopathy,"high quality fundus photograph of an eye with diabetic retinopathy, microaneurysms, hemorrhages, exudates, neovascularization, medical ophthalmology image, detailed retinal view, clinical photography"
10177_right.jpeg,diabetic_retinopathy,"high quality fundus photograph of an eye with diabetic retinopathy, microaneurysms, hemorrhages, exudates, neovascularization, medical ophthalmology image, detailed retinal view, clinical photography"
1017_left.jpeg,diabetic_retinopathy,"high quality fundus photograph of an eye with diabetic retinopathy, microaneurysms, hemorrhages, exudates, neovascularization, medical ophthalmology image, detailed retinal view, clinical photography"
1017_right.jpeg,diabetic_retinopathy,"high quality fundus photograph of an eye with diabetic retinopathy, microaneurysms, hemorrhages, exudates, neovascularization, medical ophthalmology image, detailed retinal view, clinical photography"
10182_left.jpeg,diabetic_retinopathy,"high quality fundus photograph of an eye with diabetic retinopathy, microaneurysms, hemorrhages, exudates, neovascularization, medical ophthalmology image, detailed retinal view, clinical photography"
10182_right.jpeg,diabetic_retinopathy,"high quality fundus photograph of an eye with diabetic retinopathy, microaneurysms, hemorrhages, exudates, neovascularization, medical ophthalmology image, detailed retinal view, clinical photography"
10183_left.jpeg,diabetic_retinopathy,"high quality fundus photograph of an eye with diabetic retinopathy, microaneurysms, hemorrhages, exudates, neovascularization, medical ophthalmology image, detailed retinal view, clinical photography"
10183_right.jpeg,diabetic_retinopathy,"high quality fundus photograph of an eye with diabetic retinopathy, microaneurysms, hemorrhages, exudates, neovascularization, medical ophthalmology image, detailed retinal view, clinical photography"
10184_left.jpeg,diabetic_retinopathy,"high quality fundus photograph of an eye with diabetic retinopathy, microaneurysms, hemorrhages, exudates, neovascularization, medical ophthalmology image, detailed retinal view, clinical photography"
10184_right.jpeg,diabetic_retinopathy,"high quality fundus photograph of an eye with diabetic retinopathy, microaneurysms, hemorrhages, exudates, neovascularization, medical ophthalmology image, detailed retinal view, clinical photography"
10194_left.jpeg,diabetic_retinopathy,"high quality fundus photograph of an eye with diabetic retinopathy, microaneurysms, hemorrhages, exudates, neovascularization, medical ophthalmology image, detailed retinal view, clinical photography"
10194_right.jpeg,diabetic_retinopathy,"high quality fundus photograph of an eye with diabetic retinopathy, microaneurysms, hemorrhages, exudates, neovascularization, medical ophthalmology image, detailed retinal view, clinical photography"
10206_left.jpeg,diabetic_retinopathy,"high quality fundus photograph of an eye with diabetic retinopathy, microaneurysms, hemorrhages, exudates, neovascularization, medical ophthalmology image, detailed retinal view, clinical photography"
10206_right.jpeg,diabetic_retinopathy,"high quality fundus photograph of an eye with diabetic retinopathy, microaneurysms, hemorrhages, exudates, neovascularization, medical ophthalmology image, detailed retinal view, clinical photography"
10207_left.jpeg,diabetic_retinopathy,"high quality fundus photograph of an eye with diabetic retinopathy, microaneurysms, hemorrhages, exudates, neovascularization, medical ophthalmology image, detailed retinal view, clinical photography"
10207_right.jpeg,diabetic_retinopathy,"high quality fundus photograph of an eye with diabetic retinopathy, microaneurysms, hemorrhages, exudates, neovascularization, medical ophthalmology image, detailed retinal view, clinical photography"
1020_left.jpeg,diabetic_retinopathy,"high quality fundus photograph of an eye with diabetic retinopathy, microaneurysms, hemorrhages, exudates, neovascularization, medical ophthalmology image, detailed retinal view, clinical photography"
1020_right.jpeg,diabetic_retinopathy,"high quality fundus photograph of an eye with diabetic retinopathy, microaneurysms, hemorrhages, exudates, neovascularization, medical ophthalmology image, detailed retinal view, clinical photography"
10210_left.jpeg,diabetic_retinopathy,"high quality fundus photograph of an eye with diabetic retinopathy, microaneurysms, hemorrhages, exudates, neovascularization, medical ophthalmology image, detailed retinal view, clinical photography"
10210_right.jpeg,diabetic_retinopathy,"high quality fundus photograph of an eye with diabetic retinopathy, microaneurysms, hemorrhages, exudates, neovascularization, medical ophthalmology image, detailed retinal view, clinical photography"
10212_left.jpeg,diabetic_retinopathy,"high quality fundus photograph of an eye with diabetic retinopathy, microaneurysms, hemorrhages, exudates, neovascularization, medical ophthalmology image, detailed retinal view, clinical photography"
10212_right.jpeg,diabetic_retinopathy,"high quality fundus photograph of an eye with diabetic retinopathy, microaneurysms, hemorrhages, exudates, neovascularization, medical ophthalmology image, detailed retinal view, clinical photography"
10218_left.jpeg,diabetic_retinopathy,"high quality fundus photograph of an eye with diabetic retinopathy, microaneurysms, hemorrhages, exudates, neovascularization, medical ophthalmology image, detailed retinal view, clinical photography"
10218_right.jpeg,diabetic_retinopathy,"high quality fundus photograph of an eye with diabetic retinopathy, microaneurysms, hemorrhages, exudates, neovascularization, medical ophthalmology image, detailed retinal view, clinical photography"
1021_left.jpeg,diabetic_retinopathy,"high quality fundus photograph of an eye with diabetic retinopathy, microaneurysms, hemorrhages, exudates, neovascularization, medical ophthalmology image, detailed retinal view, clinical photography"
1021_right.jpeg,diabetic_retinopathy,"high quality fundus photograph of an eye with diabetic retinopathy, microaneurysms, hemorrhages, exudates, neovascularization, medical ophthalmology image, detailed retinal view, clinical photography"
10221_left.jpeg,diabetic_retinopathy,"high quality fundus photograph of an eye with diabetic retinopathy, microaneurysms, hemorrhages, exudates, neovascularization, medical ophthalmology image, detailed retinal view, clinical photography"
10221_right.jpeg,diabetic_retinopathy,"high quality fundus photograph of an eye with diabetic retinopathy, microaneurysms, hemorrhages, exudates, neovascularization, medical ophthalmology image, detailed retinal view, clinical photography"
10226_left.jpeg,diabetic_retinopathy,"high quality fundus photograph of an eye with diabetic retinopathy, microaneurysms, hemorrhages, exudates, neovascularization, medical ophthalmology image, detailed retinal view, clinical photography"
10226_right.jpeg,diabetic_retinopathy,"high quality fundus photograph of an eye with diabetic retinopathy, microaneurysms, hemorrhages, exudates, neovascularization, medical ophthalmology image, detailed retinal view, clinical photography"
10230_left.jpeg,diabetic_retinopathy,"high quality fundus photograph of an eye with diabetic retinopathy, microaneurysms, hemorrhages, exudates, neovascularization, medical ophthalmology image, detailed retinal view, clinical photography"
10230_right.jpeg,diabetic_retinopathy,"high quality fundus photograph of an eye with diabetic retinopathy, microaneurysms, hemorrhages, exudates, neovascularization, medical ophthalmology image, detailed retinal view, clinical photography"
10232_left.jpeg,diabetic_retinopathy,"high quality fundus photograph of an eye with diabetic retinopathy, microaneurysms, hemorrhages, exudates, neovascularization, medical ophthalmology image, detailed retinal view, clinical photography"
10232_right.jpeg,diabetic_retinopathy,"high quality fundus photograph of an eye with diabetic retinopathy, microaneurysms, hemorrhages, exudates, neovascularization, medical ophthalmology image, detailed retinal view, clinical photography"
10233_left.jpeg,diabetic_retinopathy,"high quality fundus photograph of an eye with diabetic retinopathy, microaneurysms, hemorrhages, exudates, neovascularization, medical ophthalmology image, detailed retinal view, clinical photography"
10233_right.jpeg,diabetic_retinopathy,"high quality fundus photograph of an eye with diabetic retinopathy, microaneurysms, hemorrhages, exudates, neovascularization, medical ophthalmology image, detailed retinal view, clinical photography"
10234_left.jpeg,diabetic_retinopathy,"high quality fundus photograph of an eye with diabetic retinopathy, microaneurysms, hemorrhages, exudates, neovascularization, medical ophthalmology image, detailed retinal view, clinical photography"
10234_right.jpeg,diabetic_retinopathy,"high quality fundus photograph of an eye with diabetic retinopathy, microaneurysms, hemorrhages, exudates, neovascularization, medical ophthalmology image, detailed retinal view, clinical photography"
10241_left.jpeg,diabetic_retinopathy,"high quality fundus photograph of an eye with diabetic retinopathy, microaneurysms, hemorrhages, exudates, neovascularization, medical ophthalmology image, detailed retinal view, clinical photography"
10241_right.jpeg,diabetic_retinopathy,"high quality fundus photograph of an eye with diabetic retinopathy, microaneurysms, hemorrhages, exudates, neovascularization, medical ophthalmology image, detailed retinal view, clinical photography"
10242_left.jpeg,diabetic_retinopathy,"high quality fundus photograph of an eye with diabetic retinopathy, microaneurysms, hemorrhages, exudates, neovascularization, medical ophthalmology image, detailed retinal view, clinical photography"
10242_right.jpeg,diabetic_retinopathy,"high quality fundus photograph of an eye with diabetic retinopathy, microaneurysms, hemorrhages, exudates, neovascularization, medical ophthalmology image, detailed retinal view, clinical photography"
10243_left.jpeg,diabetic_retinopathy,"high quality fundus photograph of an eye with diabetic retinopathy, microaneurysms, hemorrhages, exudates, neovascularization, medical ophthalmology image, detailed retinal view, clinical photography"
10243_right.jpeg,diabetic_retinopathy,"high quality fundus photograph of an eye with diabetic retinopathy, microaneurysms, hemorrhages, exudates, neovascularization, medical ophthalmology image, detailed retinal view, clinical photography"
10244_left.jpeg,diabetic_retinopathy,"high quality fundus photograph of an eye with diabetic retinopathy, microaneurysms, hemorrhages, exudates, neovascularization, medical ophthalmology image, detailed retinal view, clinical photography"
10244_right.jpeg,diabetic_retinopathy,"high quality fundus photograph of an eye with diabetic retinopathy, microaneurysms, hemorrhages, exudates, neovascularization, medical ophthalmology image, detailed retinal view, clinical photography"
1024_left.jpeg,diabetic_retinopathy,"high quality fundus photograph of an eye with diabetic retinopathy, microaneurysms, hemorrhages, exudates, neovascularization, medical ophthalmology image, detailed retinal view, clinical photography"
1024_right.jpeg,diabetic_retinopathy,"high quality fundus photograph of an eye with diabetic retinopathy, microaneurysms, hemorrhages, exudates, neovascularization, medical ophthalmology image, detailed retinal view, clinical photography"
10250_left.jpeg,diabetic_retinopathy,"high quality fundus photograph of an eye with diabetic retinopathy, microaneurysms, hemorrhages, exudates, neovascularization, medical ophthalmology image, detailed retinal view, clinical photography"
10250_right.jpeg,diabetic_retinopathy,"high quality fundus photograph of an eye with diabetic retinopathy, microaneurysms, hemorrhages, exudates, neovascularization, medical ophthalmology image, detailed retinal view, clinical photography"
10251_left.jpeg,diabetic_retinopathy,"high quality fundus photograph of an eye with diabetic retinopathy, microaneurysms, hemorrhages, exudates, neovascularization, medical ophthalmology image, detailed retinal view, clinical photography"
10251_right.jpeg,diabetic_retinopathy,"high quality fundus photograph of an eye with diabetic retinopathy, microaneurysms, hemorrhages, exudates, neovascularization, medical ophthalmology image, detailed retinal view, clinical photography"
10252_left.jpeg,diabetic_retinopathy,"high quality fundus photograph of an eye with diabetic retinopathy, microaneurysms, hemorrhages, exudates, neovascularization, medical ophthalmology image, detailed retinal view, clinical photography"
10252_right.jpeg,diabetic_retinopathy,"high quality fundus photograph of an eye with diabetic retinopathy, microaneurysms, hemorrhages, exudates, neovascularization, medical ophthalmology image, detailed retinal view, clinical photography"
10255_left.jpeg,diabetic_retinopathy,"high quality fundus photograph of an eye with diabetic retinopathy, microaneurysms, hemorrhages, exudates, neovascularization, medical ophthalmology image, detailed retinal view, clinical photography"
10255_right.jpeg,diabetic_retinopathy,"high quality fundus photograph of an eye with diabetic retinopathy, microaneurysms, hemorrhages, exudates, neovascularization, medical ophthalmology image, detailed retinal view, clinical photography"
10257_left.jpeg,diabetic_retinopathy,"high quality fundus photograph of an eye with diabetic retinopathy, microaneurysms, hemorrhages, exudates, neovascularization, medical ophthalmology image, detailed retinal view, clinical photography"
10257_right.jpeg,diabetic_retinopathy,"high quality fundus photograph of an eye with diabetic retinopathy, microaneurysms, hemorrhages, exudates, neovascularization, medical ophthalmology image, detailed retinal view, clinical photography"
10260_left.jpeg,diabetic_retinopathy,"high quality fundus photograph of an eye with diabetic retinopathy, microaneurysms, hemorrhages, exudates, neovascularization, medical ophthalmology image, detailed retinal view, clinical photography"
10260_right.jpeg,diabetic_retinopathy,"high quality fundus photograph of an eye with diabetic retinopathy, microaneurysms, hemorrhages, exudates, neovascularization, medical ophthalmology image, detailed retinal view, clinical photography"
10262_left.jpeg,diabetic_retinopathy,"high quality fundus photograph of an eye with diabetic retinopathy, microaneurysms, hemorrhages, exudates, neovascularization, medical ophthalmology image, detailed retinal view, clinical photography"
10262_right.jpeg,diabetic_retinopathy,"high quality fundus photograph of an eye with diabetic retinopathy, microaneurysms, hemorrhages, exudates, neovascularization, medical ophthalmology image, detailed retinal view, clinical photography"
10263_left.jpeg,diabetic_retinopathy,"high quality fundus photograph of an eye with diabetic retinopathy, microaneurysms, hemorrhages, exudates, neovascularization, medical ophthalmology image, detailed retinal view, clinical photography"
10263_right.jpeg,diabetic_retinopathy,"high quality fundus photograph of an eye with diabetic retinopathy, microaneurysms, hemorrhages, exudates, neovascularization, medical ophthalmology image, detailed retinal view, clinical photography"
10265_left.jpeg,diabetic_retinopathy,"high quality fundus photograph of an eye with diabetic retinopathy, microaneurysms, hemorrhages, exudates, neovascularization, medical ophthalmology image, detailed retinal view, clinical photography"
10265_right.jpeg,diabetic_retinopathy,"high quality fundus photograph of an eye with diabetic retinopathy, microaneurysms, hemorrhages, exudates, neovascularization, medical ophthalmology image, detailed retinal view, clinical photography"
10266_left.jpeg,diabetic_retinopathy,"high quality fundus photograph of an eye with diabetic retinopathy, microaneurysms, hemorrhages, exudates, neovascularization, medical ophthalmology image, detailed retinal view, clinical photography"
10266_right.jpeg,diabetic_retinopathy,"high quality fundus photograph of an eye with diabetic retinopathy, microaneurysms, hemorrhages, exudates, neovascularization, medical ophthalmology image, detailed retinal view, clinical photography"
10272_left.jpeg,diabetic_retinopathy,"high quality fundus photograph of an eye with diabetic retinopathy, microaneurysms, hemorrhages, exudates, neovascularization, medical ophthalmology image, detailed retinal view, clinical photography"
10272_right.jpeg,diabetic_retinopathy,"high quality fundus photograph of an eye with diabetic retinopathy, microaneurysms, hemorrhages, exudates, neovascularization, medical ophthalmology image, detailed retinal view, clinical photography"
10276_left.jpeg,diabetic_retinopathy,"high quality fundus photograph of an eye with diabetic retinopathy, microaneurysms, hemorrhages, exudates, neovascularization, medical ophthalmology image, detailed retinal view, clinical photography"
10276_right.jpeg,diabetic_retinopathy,"high quality fundus photograph of an eye with diabetic retinopathy, microaneurysms, hemorrhages, exudates, neovascularization, medical ophthalmology image, detailed retinal view, clinical photography"
10278_left.jpeg,diabetic_retinopathy,"high quality fundus photograph of an eye with diabetic retinopathy, microaneurysms, hemorrhages, exudates, neovascularization, medical ophthalmology image, detailed retinal view, clinical photography"
10278_right.jpeg,diabetic_retinopathy,"high quality fundus photograph of an eye with diabetic retinopathy, microaneurysms, hemorrhages, exudates, neovascularization, medical ophthalmology image, detailed retinal view, clinical photography"
10279_left.jpeg,diabetic_retinopathy,"high quality fundus photograph of an eye with diabetic retinopathy, microaneurysms, hemorrhages, exudates, neovascularization, medical ophthalmology image, detailed retinal view, clinical photography"
10279_right.jpeg,diabetic_retinopathy,"high quality fundus photograph of an eye with diabetic retinopathy, microaneurysms, hemorrhages, exudates, neovascularization, medical ophthalmology image, detailed retinal view, clinical photography"
1027_left.jpeg,diabetic_retinopathy,"high quality fundus photograph of an eye with diabetic retinopathy, microaneurysms, hemorrhages, exudates, neovascularization, medical ophthalmology image, detailed retinal view, clinical photography"
1027_right.jpeg,diabetic_retinopathy,"high quality fundus photograph of an eye with diabetic retinopathy, microaneurysms, hemorrhages, exudates, neovascularization, medical ophthalmology image, detailed retinal view, clinical photography"
10284_left.jpeg,diabetic_retinopathy,"high quality fundus photograph of an eye with diabetic retinopathy, microaneurysms, hemorrhages, exudates, neovascularization, medical ophthalmology image, detailed retinal view, clinical photography"
10284_right.jpeg,diabetic_retinopathy,"high quality fundus photograph of an eye with diabetic retinopathy, microaneurysms, hemorrhages, exudates, neovascularization, medical ophthalmology image, detailed retinal view, clinical photography"
10293_left.jpeg,diabetic_retinopathy,"high quality fundus photograph of an eye with diabetic retinopathy, microaneurysms, hemorrhages, exudates, neovascularization, medical ophthalmology image, detailed retinal view, clinical photography"
10293_right.jpeg,diabetic_retinopathy,"high quality fundus photograph of an eye with diabetic retinopathy, microaneurysms, hemorrhages, exudates, neovascularization, medical ophthalmology image, detailed retinal view, clinical photography"
10294_left.jpeg,diabetic_retinopathy,"high quality fundus photograph of an eye with diabetic retinopathy, microaneurysms, hemorrhages, exudates, neovascularization, medical ophthalmology image, detailed retinal view, clinical photography"
10294_right.jpeg,diabetic_retinopathy,"high quality fundus photograph of an eye with diabetic retinopathy, microaneurysms, hemorrhages, exudates, neovascularization, medical ophthalmology image, detailed retinal view, clinical photography"
10295_left.jpeg,diabetic_retinopathy,"high quality fundus photograph of an eye with diabetic retinopathy, microaneurysms, hemorrhages, exudates, neovascularization, medical ophthalmology image, detailed retinal view, clinical photography"
10295_right.jpeg,diabetic_retinopathy,"high quality fundus photograph of an eye with diabetic retinopathy, microaneurysms, hemorrhages, exudates, neovascularization, medical ophthalmology image, detailed retinal view, clinical photography"
10297_left.jpeg,diabetic_retinopathy,"high quality fundus photograph of an eye with diabetic retinopathy, microaneurysms, hemorrhages, exudates, neovascularization, medical ophthalmology image, detailed retinal view, clinical photography"
10297_right.jpeg,diabetic_retinopathy,"high quality fundus photograph of an eye with diabetic retinopathy, microaneurysms, hemorrhages, exudates, neovascularization, medical ophthalmology image, detailed retinal view, clinical photography"
102_left.jpeg,diabetic_retinopathy,"high quality fundus photograph of an eye with diabetic retinopathy, microaneurysms, hemorrhages, exudates, neovascularization, medical ophthalmology image, detailed retinal view, clinical photography"
102_right.jpeg,diabetic_retinopathy,"high quality fundus photograph of an eye with diabetic retinopathy, microaneurysms, hemorrhages, exudates, neovascularization, medical ophthalmology image, detailed retinal view, clinical photography"
10303_left.jpeg,diabetic_retinopathy,"high quality fundus photograph of an eye with diabetic retinopathy, microaneurysms, hemorrhages, exudates, neovascularization, medical ophthalmology image, detailed retinal view, clinical photography"
10303_right.jpeg,diabetic_retinopathy,"high quality fundus photograph of an eye with diabetic retinopathy, microaneurysms, hemorrhages, exudates, neovascularization, medical ophthalmology image, detailed retinal view, clinical photography"
10305_left.jpeg,diabetic_retinopathy,"high quality fundus photograph of an eye with diabetic retinopathy, microaneurysms, hemorrhages, exudates, neovascularization, medical ophthalmology image, detailed retinal view, clinical photography"
10305_right.jpeg,diabetic_retinopathy,"high quality fundus photograph of an eye with diabetic retinopathy, microaneurysms, hemorrhages, exudates, neovascularization, medical ophthalmology image, detailed retinal view, clinical photography"
10306_left.jpeg,diabetic_retinopathy,"high quality fundus photograph of an eye with diabetic retinopathy, microaneurysms, hemorrhages, exudates, neovascularization, medical ophthalmology image, detailed retinal view, clinical photography"
10306_right.jpeg,diabetic_retinopathy,"high quality fundus photograph of an eye with diabetic retinopathy, microaneurysms, hemorrhages, exudates, neovascularization, medical ophthalmology image, detailed retinal view, clinical photography"
1030_left.jpeg,diabetic_retinopathy,"high quality fundus photograph of an eye with diabetic retinopathy, microaneurysms, hemorrhages, exudates, neovascularization, medical ophthalmology image, detailed retinal view, clinical photography"
1030_right.jpeg,diabetic_retinopathy,"high quality fundus photograph of an eye with diabetic retinopathy, microaneurysms, hemorrhages, exudates, neovascularization, medical ophthalmology image, detailed retinal view, clinical photography"
10310_left.jpeg,diabetic_retinopathy,"high quality fundus photograph of an eye with diabetic retinopathy, microaneurysms, hemorrhages, exudates, neovascularization, medical ophthalmology image, detailed retinal view, clinical photography"
10310_right.jpeg,diabetic_retinopathy,"high quality fundus photograph of an eye with diabetic retinopathy, microaneurysms, hemorrhages, exudates, neovascularization, medical ophthalmology image, detailed retinal view, clinical photography"
10312_left.jpeg,diabetic_retinopathy,"high quality fundus photograph of an eye with diabetic retinopathy, microaneurysms, hemorrhages, exudates, neovascularization, medical ophthalmology image, detailed retinal view, clinical photography"
10312_right.jpeg,diabetic_retinopathy,"high quality fundus photograph of an eye with diabetic retinopathy, microaneurysms, hemorrhages, exudates, neovascularization, medical ophthalmology image, detailed retinal view, clinical photography"
10317_left.jpeg,diabetic_retinopathy,"high quality fundus photograph of an eye with diabetic retinopathy, microaneurysms, hemorrhages, exudates, neovascularization, medical ophthalmology image, detailed retinal view, clinical photography"
10317_right.jpeg,diabetic_retinopathy,"high quality fundus photograph of an eye with diabetic retinopathy, microaneurysms, hemorrhages, exudates, neovascularization, medical ophthalmology image, detailed retinal view, clinical photography"
10319_left.jpeg,diabetic_retinopathy,"high quality fundus photograph of an eye with diabetic retinopathy, microaneurysms, hemorrhages, exudates, neovascularization, medical ophthalmology image, detailed retinal view, clinical photography"
10319_right.jpeg,diabetic_retinopathy,"high quality fundus photograph of an eye with diabetic retinopathy, microaneurysms, hemorrhages, exudates, neovascularization, medical ophthalmology image, detailed retinal view, clinical photography"
10321_left.jpeg,diabetic_retinopathy,"high quality fundus photograph of an eye with diabetic retinopathy, microaneurysms, hemorrhages, exudates, neovascularization, medical ophthalmology image, detailed retinal view, clinical photography"
10321_right.jpeg,diabetic_retinopathy,"high quality fundus photograph of an eye with diabetic retinopathy, microaneurysms, hemorrhages, exudates, neovascularization, medical ophthalmology image, detailed retinal view, clinical photography"
10325_left.jpeg,diabetic_retinopathy,"high quality fundus photograph of an eye with diabetic retinopathy, microaneurysms, hemorrhages, exudates, neovascularization, medical ophthalmology image, detailed retinal view, clinical photography"
10325_right.jpeg,diabetic_retinopathy,"high quality fundus photograph of an eye with diabetic retinopathy, microaneurysms, hemorrhages, exudates, neovascularization, medical ophthalmology image, detailed retinal view, clinical photography"
10326_left.jpeg,diabetic_retinopathy,"high quality fundus photograph of an eye with diabetic retinopathy, microaneurysms, hemorrhages, exudates, neovascularization, medical ophthalmology image, detailed retinal view, clinical photography"
10326_right.jpeg,diabetic_retinopathy,"high quality fundus photograph of an eye with diabetic retinopathy, microaneurysms, hemorrhages, exudates, neovascularization, medical ophthalmology image, detailed retinal view, clinical photography"
10328_left.jpeg,diabetic_retinopathy,"high quality fundus photograph of an eye with diabetic retinopathy, microaneurysms, hemorrhages, exudates, neovascularization, medical ophthalmology image, detailed retinal view, clinical photography"
10328_right.jpeg,diabetic_retinopathy,"high quality fundus photograph of an eye with diabetic retinopathy, microaneurysms, hemorrhages, exudates, neovascularization, medical ophthalmology image, detailed retinal view, clinical photography"
10333_left.jpeg,diabetic_retinopathy,"high quality fundus photograph of an eye with diabetic retinopathy, microaneurysms, hemorrhages, exudates, neovascularization, medical ophthalmology image, detailed retinal view, clinical photography"
10333_right.jpeg,diabetic_retinopathy,"high quality fundus photograph of an eye with diabetic retinopathy, microaneurysms, hemorrhages, exudates, neovascularization, medical ophthalmology image, detailed retinal view, clinical photography"
10337_left.jpeg,diabetic_retinopathy,"high quality fundus photograph of an eye with diabetic retinopathy, microaneurysms, hemorrhages, exudates, neovascularization, medical ophthalmology image, detailed retinal view, clinical photography"
10337_right.jpeg,diabetic_retinopathy,"high quality fundus photograph of an eye with diabetic retinopathy, microaneurysms, hemorrhages, exudates, neovascularization, medical ophthalmology image, detailed retinal view, clinical photography"
10339_left.jpeg,diabetic_retinopathy,"high quality fundus photograph of an eye with diabetic retinopathy, microaneurysms, hemorrhages, exudates, neovascularization, medical ophthalmology image, detailed retinal view, clinical photography"
10339_right.jpeg,diabetic_retinopathy,"high quality fundus photograph of an eye with diabetic retinopathy, microaneurysms, hemorrhages, exudates, neovascularization, medical ophthalmology image, detailed retinal view, clinical photography"
10340_left.jpeg,diabetic_retinopathy,"high quality fundus photograph of an eye with diabetic retinopathy, microaneurysms, hemorrhages, exudates, neovascularization, medical ophthalmology image, detailed retinal view, clinical photography"
10340_right.jpeg,diabetic_retinopathy,"high quality fundus photograph of an eye with diabetic retinopathy, microaneurysms, hemorrhages, exudates, neovascularization, medical ophthalmology image, detailed retinal view, clinical photography"
10343_left.jpeg,diabetic_retinopathy,"high quality fundus photograph of an eye with diabetic retinopathy, microaneurysms, hemorrhages, exudates, neovascularization, medical ophthalmology image, detailed retinal view, clinical photography"
10343_right.jpeg,diabetic_retinopathy,"high quality fundus photograph of an eye with diabetic retinopathy, microaneurysms, hemorrhages, exudates, neovascularization, medical ophthalmology image, detailed retinal view, clinical photography"
1034_left.jpeg,diabetic_retinopathy,"high quality fundus photograph of an eye with diabetic retinopathy, microaneurysms, hemorrhages, exudates, neovascularization, medical ophthalmology image, detailed retinal view, clinical photography"
1034_right.jpeg,diabetic_retinopathy,"high quality fundus photograph of an eye with diabetic retinopathy, microaneurysms, hemorrhages, exudates, neovascularization, medical ophthalmology image, detailed retinal view, clinical photography"
10359_left.jpeg,diabetic_retinopathy,"high quality fundus photograph of an eye with diabetic retinopathy, microaneurysms, hemorrhages, exudates, neovascularization, medical ophthalmology image, detailed retinal view, clinical photography"
10359_right.jpeg,diabetic_retinopathy,"high quality fundus photograph of an eye with diabetic retinopathy, microaneurysms, hemorrhages, exudates, neovascularization, medical ophthalmology image, detailed retinal view, clinical photography"
1035_left.jpeg,diabetic_retinopathy,"high quality fundus photograph of an eye with diabetic retinopathy, microaneurysms, hemorrhages, exudates, neovascularization, medical ophthalmology image, detailed retinal view, clinical photography"
1035_right.jpeg,diabetic_retinopathy,"high quality fundus photograph of an eye with diabetic retinopathy, microaneurysms, hemorrhages, exudates, neovascularization, medical ophthalmology image, detailed retinal view, clinical photography"
10363_left.jpeg,diabetic_retinopathy,"high quality fundus photograph of an eye with diabetic retinopathy, microaneurysms, hemorrhages, exudates, neovascularization, medical ophthalmology image, detailed retinal view, clinical photography"
10363_right.jpeg,diabetic_retinopathy,"high quality fundus photograph of an eye with diabetic retinopathy, microaneurysms, hemorrhages, exudates, neovascularization, medical ophthalmology image, detailed retinal view, clinical photography"
10367_left.jpeg,diabetic_retinopathy,"high quality fundus photograph of an eye with diabetic retinopathy, microaneurysms, hemorrhages, exudates, neovascularization, medical ophthalmology image, detailed retinal view, clinical photography"
10367_right.jpeg,diabetic_retinopathy,"high quality fundus photograph of an eye with diabetic retinopathy, microaneurysms, hemorrhages, exudates, neovascularization, medical ophthalmology image, detailed retinal view, clinical photography"
10368_left.jpeg,diabetic_retinopathy,"high quality fundus photograph of an eye with diabetic retinopathy, microaneurysms, hemorrhages, exudates, neovascularization, medical ophthalmology image, detailed retinal view, clinical photography"
10368_right.jpeg,diabetic_retinopathy,"high quality fundus photograph of an eye with diabetic retinopathy, microaneurysms, hemorrhages, exudates, neovascularization, medical ophthalmology image, detailed retinal view, clinical photography"
10369_left.jpeg,diabetic_retinopathy,"high quality fundus photograph of an eye with diabetic retinopathy, microaneurysms, hemorrhages, exudates, neovascularization, medical ophthalmology image, detailed retinal view, clinical photography"
10369_right.jpeg,diabetic_retinopathy,"high quality fundus photograph of an eye with diabetic retinopathy, microaneurysms, hemorrhages, exudates, neovascularization, medical ophthalmology image, detailed retinal view, clinical photography"
10377_left.jpeg,diabetic_retinopathy,"high quality fundus photograph of an eye with diabetic retinopathy, microaneurysms, hemorrhages, exudates, neovascularization, medical ophthalmology image, detailed retinal view, clinical photography"
10377_right.jpeg,diabetic_retinopathy,"high quality fundus photograph of an eye with diabetic retinopathy, microaneurysms, hemorrhages, exudates, neovascularization, medical ophthalmology image, detailed retinal view, clinical photography"
1037_left.jpeg,diabetic_retinopathy,"high quality fundus photograph of an eye with diabetic retinopathy, microaneurysms, hemorrhages, exudates, neovascularization, medical ophthalmology image, detailed retinal view, clinical photography"
1037_right.jpeg,diabetic_retinopathy,"high quality fundus photograph of an eye with diabetic retinopathy, microaneurysms, hemorrhages, exudates, neovascularization, medical ophthalmology image, detailed retinal view, clinical photography"
10386_left.jpeg,diabetic_retinopathy,"high quality fundus photograph of an eye with diabetic retinopathy, microaneurysms, hemorrhages, exudates, neovascularization, medical ophthalmology image, detailed retinal view, clinical photography"
10386_right.jpeg,diabetic_retinopathy,"high quality fundus photograph of an eye with diabetic retinopathy, microaneurysms, hemorrhages, exudates, neovascularization, medical ophthalmology image, detailed retinal view, clinical photography"
10389_left.jpeg,diabetic_retinopathy,"high quality fundus photograph of an eye with diabetic retinopathy, microaneurysms, hemorrhages, exudates, neovascularization, medical ophthalmology image, detailed retinal view, clinical photography"
10389_right.jpeg,diabetic_retinopathy,"high quality fundus photograph of an eye with diabetic retinopathy, microaneurysms, hemorrhages, exudates, neovascularization, medical ophthalmology image, detailed retinal view, clinical photography"
10391_left.jpeg,diabetic_retinopathy,"high quality fundus photograph of an eye with diabetic retinopathy, microaneurysms, hemorrhages, exudates, neovascularization, medical ophthalmology image, detailed retinal view, clinical photography"
10391_right.jpeg,diabetic_retinopathy,"high quality fundus photograph of an eye with diabetic retinopathy, microaneurysms, hemorrhages, exudates, neovascularization, medical ophthalmology image, detailed retinal view, clinical photography"
10397_left.jpeg,diabetic_retinopathy,"high quality fundus photograph of an eye with diabetic retinopathy, microaneurysms, hemorrhages, exudates, neovascularization, medical ophthalmology image, detailed retinal view, clinical photography"
10397_right.jpeg,diabetic_retinopathy,"high quality fundus photograph of an eye with diabetic retinopathy, microaneurysms, hemorrhages, exudates, neovascularization, medical ophthalmology image, detailed retinal view, clinical photography"
10398_left.jpeg,diabetic_retinopathy,"high quality fundus photograph of an eye with diabetic retinopathy, microaneurysms, hemorrhages, exudates, neovascularization, medical ophthalmology image, detailed retinal view, clinical photography"
10398_right.jpeg,diabetic_retinopathy,"high quality fundus photograph of an eye with diabetic retinopathy, microaneurysms, hemorrhages, exudates, neovascularization, medical ophthalmology image, detailed retinal view, clinical photography"
10403_left.jpeg,diabetic_retinopathy,"high quality fundus photograph of an eye with diabetic retinopathy, microaneurysms, hemorrhages, exudates, neovascularization, medical ophthalmology image, detailed retinal view, clinical photography"
10403_right.jpeg,diabetic_retinopathy,"high quality fundus photograph of an eye with diabetic retinopathy, microaneurysms, hemorrhages, exudates, neovascularization, medical ophthalmology image, detailed retinal view, clinical photography"
10404_left.jpeg,diabetic_retinopathy,"high quality fundus photograph of an eye with diabetic retinopathy, microaneurysms, hemorrhages, exudates, neovascularization, medical ophthalmology image, detailed retinal view, clinical photography"
10404_right.jpeg,diabetic_retinopathy,"high quality fundus photograph of an eye with diabetic retinopathy, microaneurysms, hemorrhages, exudates, neovascularization, medical ophthalmology image, detailed retinal view, clinical photography"
10407_left.jpeg,diabetic_retinopathy,"high quality fundus photograph of an eye with diabetic retinopathy, microaneurysms, hemorrhages, exudates, neovascularization, medical ophthalmology image, detailed retinal view, clinical photography"
10407_right.jpeg,diabetic_retinopathy,"high quality fundus photograph of an eye with diabetic retinopathy, microaneurysms, hemorrhages, exudates, neovascularization, medical ophthalmology image, detailed retinal view, clinical photography"
10408_left.jpeg,diabetic_retinopathy,"high quality fundus photograph of an eye with diabetic retinopathy, microaneurysms, hemorrhages, exudates, neovascularization, medical ophthalmology image, detailed retinal view, clinical photography"
10408_right.jpeg,diabetic_retinopathy,"high quality fundus photograph of an eye with diabetic retinopathy, microaneurysms, hemorrhages, exudates, neovascularization, medical ophthalmology image, detailed retinal view, clinical photography"
10409_left.jpeg,diabetic_retinopathy,"high quality fundus photograph of an eye with diabetic retinopathy, microaneurysms, hemorrhages, exudates, neovascularization, medical ophthalmology image, detailed retinal view, clinical photography"
10409_right.jpeg,diabetic_retinopathy,"high quality fundus photograph of an eye with diabetic retinopathy, microaneurysms, hemorrhages, exudates, neovascularization, medical ophthalmology image, detailed retinal view, clinical photography"
10415_left.jpeg,diabetic_retinopathy,"high quality fundus photograph of an eye with diabetic retinopathy, microaneurysms, hemorrhages, exudates, neovascularization, medical ophthalmology image, detailed retinal view, clinical photography"
10415_right.jpeg,diabetic_retinopathy,"high quality fundus photograph of an eye with diabetic retinopathy, microaneurysms, hemorrhages, exudates, neovascularization, medical ophthalmology image, detailed retinal view, clinical photography"
10416_left.jpeg,diabetic_retinopathy,"high quality fundus photograph of an eye with diabetic retinopathy, microaneurysms, hemorrhages, exudates, neovascularization, medical ophthalmology image, detailed retinal view, clinical photography"
10416_right.jpeg,diabetic_retinopathy,"high quality fundus photograph of an eye with diabetic retinopathy, microaneurysms, hemorrhages, exudates, neovascularization, medical ophthalmology image, detailed retinal view, clinical photography"
10419_left.jpeg,diabetic_retinopathy,"high quality fundus photograph of an eye with diabetic retinopathy, microaneurysms, hemorrhages, exudates, neovascularization, medical ophthalmology image, detailed retinal view, clinical photography"
10419_right.jpeg,diabetic_retinopathy,"high quality fundus photograph of an eye with diabetic retinopathy, microaneurysms, hemorrhages, exudates, neovascularization, medical ophthalmology image, detailed retinal view, clinical photography"
10426_left.jpeg,diabetic_retinopathy,"high quality fundus photograph of an eye with diabetic retinopathy, microaneurysms, hemorrhages, exudates, neovascularization, medical ophthalmology image, detailed retinal view, clinical photography"
10426_right.jpeg,diabetic_retinopathy,"high quality fundus photograph of an eye with diabetic retinopathy, microaneurysms, hemorrhages, exudates, neovascularization, medical ophthalmology image, detailed retinal view, clinical photography"
10429_left.jpeg,diabetic_retinopathy,"high quality fundus photograph of an eye with diabetic retinopathy, microaneurysms, hemorrhages, exudates, neovascularization, medical ophthalmology image, detailed retinal view, clinical photography"
10429_right.jpeg,diabetic_retinopathy,"high quality fundus photograph of an eye with diabetic retinopathy, microaneurysms, hemorrhages, exudates, neovascularization, medical ophthalmology image, detailed retinal view, clinical photography"
1042_left.jpeg,diabetic_retinopathy,"high quality fundus photograph of an eye with diabetic retinopathy, microaneurysms, hemorrhages, exudates, neovascularization, medical ophthalmology image, detailed retinal view, clinical photography"
1042_right.jpeg,diabetic_retinopathy,"high quality fundus photograph of an eye with diabetic retinopathy, microaneurysms, hemorrhages, exudates, neovascularization, medical ophthalmology image, detailed retinal view, clinical photography"
10431_left.jpeg,diabetic_retinopathy,"high quality fundus photograph of an eye with diabetic retinopathy, microaneurysms, hemorrhages, exudates, neovascularization, medical ophthalmology image, detailed retinal view, clinical photography"
10431_right.jpeg,diabetic_retinopathy,"high quality fundus photograph of an eye with diabetic retinopathy, microaneurysms, hemorrhages, exudates, neovascularization, medical ophthalmology image, detailed retinal view, clinical photography"
10438_left.jpeg,diabetic_retinopathy,"high quality fundus photograph of an eye with diabetic retinopathy, microaneurysms, hemorrhages, exudates, neovascularization, medical ophthalmology image, detailed retinal view, clinical photography"
10438_right.jpeg,diabetic_retinopathy,"high quality fundus photograph of an eye with diabetic retinopathy, microaneurysms, hemorrhages, exudates, neovascularization, medical ophthalmology image, detailed retinal view, clinical photography"
10439_left.jpeg,diabetic_retinopathy,"high quality fundus photograph of an eye with diabetic retinopathy, microaneurysms, hemorrhages, exudates, neovascularization, medical ophthalmology image, detailed retinal view, clinical photography"
10439_right.jpeg,diabetic_retinopathy,"high quality fundus photograph of an eye with diabetic retinopathy, microaneurysms, hemorrhages, exudates, neovascularization, medical ophthalmology image, detailed retinal view, clinical photography"
10444_left.jpeg,diabetic_retinopathy,"high quality fundus photograph of an eye with diabetic retinopathy, microaneurysms, hemorrhages, exudates, neovascularization, medical ophthalmology image, detailed retinal view, clinical photography"
10444_right.jpeg,diabetic_retinopathy,"high quality fundus photograph of an eye with diabetic retinopathy, microaneurysms, hemorrhages, exudates, neovascularization, medical ophthalmology image, detailed retinal view, clinical photography"
10448_left.jpeg,diabetic_retinopathy,"high quality fundus photograph of an eye with diabetic retinopathy, microaneurysms, hemorrhages, exudates, neovascularization, medical ophthalmology image, detailed retinal view, clinical photography"
10448_right.jpeg,diabetic_retinopathy,"high quality fundus photograph of an eye with diabetic retinopathy, microaneurysms, hemorrhages, exudates, neovascularization, medical ophthalmology image, detailed retinal view, clinical photography"
10452_left.jpeg,diabetic_retinopathy,"high quality fundus photograph of an eye with diabetic retinopathy, microaneurysms, hemorrhages, exudates, neovascularization, medical ophthalmology image, detailed retinal view, clinical photography"
10452_right.jpeg,diabetic_retinopathy,"high quality fundus photograph of an eye with diabetic retinopathy, microaneurysms, hemorrhages, exudates, neovascularization, medical ophthalmology image, detailed retinal view, clinical photography"
10457_left.jpeg,diabetic_retinopathy,"high quality fundus photograph of an eye with diabetic retinopathy, microaneurysms, hemorrhages, exudates, neovascularization, medical ophthalmology image, detailed retinal view, clinical photography"
10457_right.jpeg,diabetic_retinopathy,"high quality fundus photograph of an eye with diabetic retinopathy, microaneurysms, hemorrhages, exudates, neovascularization, medical ophthalmology image, detailed retinal view, clinical photography"
10458_left.jpeg,diabetic_retinopathy,"high quality fundus photograph of an eye with diabetic retinopathy, microaneurysms, hemorrhages, exudates, neovascularization, medical ophthalmology image, detailed retinal view, clinical photography"
10458_right.jpeg,diabetic_retinopathy,"high quality fundus photograph of an eye with diabetic retinopathy, microaneurysms, hemorrhages, exudates, neovascularization, medical ophthalmology image, detailed retinal view, clinical photography"
10464_left.jpeg,diabetic_retinopathy,"high quality fundus photograph of an eye with diabetic retinopathy, microaneurysms, hemorrhages, exudates, neovascularization, medical ophthalmology image, detailed retinal view, clinical photography"
10464_right.jpeg,diabetic_retinopathy,"high quality fundus photograph of an eye with diabetic retinopathy, microaneurysms, hemorrhages, exudates, neovascularization, medical ophthalmology image, detailed retinal view, clinical photography"
10475_left.jpeg,diabetic_retinopathy,"high quality fundus photograph of an eye with diabetic retinopathy, microaneurysms, hemorrhages, exudates, neovascularization, medical ophthalmology image, detailed retinal view, clinical photography"
10475_right.jpeg,diabetic_retinopathy,"high quality fundus photograph of an eye with diabetic retinopathy, microaneurysms, hemorrhages, exudates, neovascularization, medical ophthalmology image, detailed retinal view, clinical photography"
10479_left.jpeg,diabetic_retinopathy,"high quality fundus photograph of an eye with diabetic retinopathy, microaneurysms, hemorrhages, exudates, neovascularization, medical ophthalmology image, detailed retinal view, clinical photography"
10479_right.jpeg,diabetic_retinopathy,"high quality fundus photograph of an eye with diabetic retinopathy, microaneurysms, hemorrhages, exudates, neovascularization, medical ophthalmology image, detailed retinal view, clinical photography"
10481_left.jpeg,diabetic_retinopathy,"high quality fundus photograph of an eye with diabetic retinopathy, microaneurysms, hemorrhages, exudates, neovascularization, medical ophthalmology image, detailed retinal view, clinical photography"
10481_right.jpeg,diabetic_retinopathy,"high quality fundus photograph of an eye with diabetic retinopathy, microaneurysms, hemorrhages, exudates, neovascularization, medical ophthalmology image, detailed retinal view, clinical photography"
10484_left.jpeg,diabetic_retinopathy,"high quality fundus photograph of an eye with diabetic retinopathy, microaneurysms, hemorrhages, exudates, neovascularization, medical ophthalmology image, detailed retinal view, clinical photography"
10484_right.jpeg,diabetic_retinopathy,"high quality fundus photograph of an eye with diabetic retinopathy, microaneurysms, hemorrhages, exudates, neovascularization, medical ophthalmology image, detailed retinal view, clinical photography"
10487_left.jpeg,diabetic_retinopathy,"high quality fundus photograph of an eye with diabetic retinopathy, microaneurysms, hemorrhages, exudates, neovascularization, medical ophthalmology image, detailed retinal view, clinical photography"
10487_right.jpeg,diabetic_retinopathy,"high quality fundus photograph of an eye with diabetic retinopathy, microaneurysms, hemorrhages, exudates, neovascularization, medical ophthalmology image, detailed retinal view, clinical photography"
10489_left.jpeg,diabetic_retinopathy,"high quality fundus photograph of an eye with diabetic retinopathy, microaneurysms, hemorrhages, exudates, neovascularization, medical ophthalmology image, detailed retinal view, clinical photography"
10489_right.jpeg,diabetic_retinopathy,"high quality fundus photograph of an eye with diabetic retinopathy, microaneurysms, hemorrhages, exudates, neovascularization, medical ophthalmology image, detailed retinal view, clinical photography"
10492_left.jpeg,diabetic_retinopathy,"high quality fundus photograph of an eye with diabetic retinopathy, microaneurysms, hemorrhages, exudates, neovascularization, medical ophthalmology image, detailed retinal view, clinical photography"
10492_right.jpeg,diabetic_retinopathy,"high quality fundus photograph of an eye with diabetic retinopathy, microaneurysms, hemorrhages, exudates, neovascularization, medical ophthalmology image, detailed retinal view, clinical photography"
1049_left.jpeg,diabetic_retinopathy,"high quality fundus photograph of an eye with diabetic retinopathy, microaneurysms, hemorrhages, exudates, neovascularization, medical ophthalmology image, detailed retinal view, clinical photography"
1049_right.jpeg,diabetic_retinopathy,"high quality fundus photograph of an eye with diabetic retinopathy, microaneurysms, hemorrhages, exudates, neovascularization, medical ophthalmology image, detailed retinal view, clinical photography"
10503_left.jpeg,diabetic_retinopathy,"high quality fundus photograph of an eye with diabetic retinopathy, microaneurysms, hemorrhages, exudates, neovascularization, medical ophthalmology image, detailed retinal view, clinical photography"
10503_right.jpeg,diabetic_retinopathy,"high quality fundus photograph of an eye with diabetic retinopathy, microaneurysms, hemorrhages, exudates, neovascularization, medical ophthalmology image, detailed retinal view, clinical photography"
10504_left.jpeg,diabetic_retinopathy,"high quality fundus photograph of an eye with diabetic retinopathy, microaneurysms, hemorrhages, exudates, neovascularization, medical ophthalmology image, detailed retinal view, clinical photography"
10504_right.jpeg,diabetic_retinopathy,"high quality fundus photograph of an eye with diabetic retinopathy, microaneurysms, hemorrhages, exudates, neovascularization, medical ophthalmology image, detailed retinal view, clinical photography"
10510_left.jpeg,diabetic_retinopathy,"high quality fundus photograph of an eye with diabetic retinopathy, microaneurysms, hemorrhages, exudates, neovascularization, medical ophthalmology image, detailed retinal view, clinical photography"
10510_right.jpeg,diabetic_retinopathy,"high quality fundus photograph of an eye with diabetic retinopathy, microaneurysms, hemorrhages, exudates, neovascularization, medical ophthalmology image, detailed retinal view, clinical photography"
10511_left.jpeg,diabetic_retinopathy,"high quality fundus photograph of an eye with diabetic retinopathy, microaneurysms, hemorrhages, exudates, neovascularization, medical ophthalmology image, detailed retinal view, clinical photography"
10511_right.jpeg,diabetic_retinopathy,"high quality fundus photograph of an eye with diabetic retinopathy, microaneurysms, hemorrhages, exudates, neovascularization, medical ophthalmology image, detailed retinal view, clinical photography"
10513_left.jpeg,diabetic_retinopathy,"high quality fundus photograph of an eye with diabetic retinopathy, microaneurysms, hemorrhages, exudates, neovascularization, medical ophthalmology image, detailed retinal view, clinical photography"
10513_right.jpeg,diabetic_retinopathy,"high quality fundus photograph of an eye with diabetic retinopathy, microaneurysms, hemorrhages, exudates, neovascularization, medical ophthalmology image, detailed retinal view, clinical photography"
10515_left.jpeg,diabetic_retinopathy,"high quality fundus photograph of an eye with diabetic retinopathy, microaneurysms, hemorrhages, exudates, neovascularization, medical ophthalmology image, detailed retinal view, clinical photography"
10515_right.jpeg,diabetic_retinopathy,"high quality fundus photograph of an eye with diabetic retinopathy, microaneurysms, hemorrhages, exudates, neovascularization, medical ophthalmology image, detailed retinal view, clinical photography"
10521_left.jpeg,diabetic_retinopathy,"high quality fundus photograph of an eye with diabetic retinopathy, microaneurysms, hemorrhages, exudates, neovascularization, medical ophthalmology image, detailed retinal view, clinical photography"
10521_right.jpeg,diabetic_retinopathy,"high quality fundus photograph of an eye with diabetic retinopathy, microaneurysms, hemorrhages, exudates, neovascularization, medical ophthalmology image, detailed retinal view, clinical photography"
10523_left.jpeg,diabetic_retinopathy,"high quality fundus photograph of an eye with diabetic retinopathy, microaneurysms, hemorrhages, exudates, neovascularization, medical ophthalmology image, detailed retinal view, clinical photography"
10523_right.jpeg,diabetic_retinopathy,"high quality fundus photograph of an eye with diabetic retinopathy, microaneurysms, hemorrhages, exudates, neovascularization, medical ophthalmology image, detailed retinal view, clinical photography"
1052_left.jpeg,diabetic_retinopathy,"high quality fundus photograph of an eye with diabetic retinopathy, microaneurysms, hemorrhages, exudates, neovascularization, medical ophthalmology image, detailed retinal view, clinical photography"
1052_right.jpeg,diabetic_retinopathy,"high quality fundus photograph of an eye with diabetic retinopathy, microaneurysms, hemorrhages, exudates, neovascularization, medical ophthalmology image, detailed retinal view, clinical photography"
10534_left.jpeg,diabetic_retinopathy,"high quality fundus photograph of an eye with diabetic retinopathy, microaneurysms, hemorrhages, exudates, neovascularization, medical ophthalmology image, detailed retinal view, clinical photography"
10534_right.jpeg,diabetic_retinopathy,"high quality fundus photograph of an eye with diabetic retinopathy, microaneurysms, hemorrhages, exudates, neovascularization, medical ophthalmology image, detailed retinal view, clinical photography"
10542_left.jpeg,diabetic_retinopathy,"high quality fundus photograph of an eye with diabetic retinopathy, microaneurysms, hemorrhages, exudates, neovascularization, medical ophthalmology image, detailed retinal view, clinical photography"
10542_right.jpeg,diabetic_retinopathy,"high quality fundus photograph of an eye with diabetic retinopathy, microaneurysms, hemorrhages, exudates, neovascularization, medical ophthalmology image, detailed retinal view, clinical photography"
10548_left.jpeg,diabetic_retinopathy,"high quality fundus photograph of an eye with diabetic retinopathy, microaneurysms, hemorrhages, exudates, neovascularization, medical ophthalmology image, detailed retinal view, clinical photography"
10548_right.jpeg,diabetic_retinopathy,"high quality fundus photograph of an eye with diabetic retinopathy, microaneurysms, hemorrhages, exudates, neovascularization, medical ophthalmology image, detailed retinal view, clinical photography"
10550_left.jpeg,diabetic_retinopathy,"high quality fundus photograph of an eye with diabetic retinopathy, microaneurysms, hemorrhages, exudates, neovascularization, medical ophthalmology image, detailed retinal view, clinical photography"
10550_right.jpeg,diabetic_retinopathy,"high quality fundus photograph of an eye with diabetic retinopathy, microaneurysms, hemorrhages, exudates, neovascularization, medical ophthalmology image, detailed retinal view, clinical photography"
10551_left.jpeg,diabetic_retinopathy,"high quality fundus photograph of an eye with diabetic retinopathy, microaneurysms, hemorrhages, exudates, neovascularization, medical ophthalmology image, detailed retinal view, clinical photography"
10551_right.jpeg,diabetic_retinopathy,"high quality fundus photograph of an eye with diabetic retinopathy, microaneurysms, hemorrhages, exudates, neovascularization, medical ophthalmology image, detailed retinal view, clinical photography"
1055_left.jpeg,diabetic_retinopathy,"high quality fundus photograph of an eye with diabetic retinopathy, microaneurysms, hemorrhages, exudates, neovascularization, medical ophthalmology image, detailed retinal view, clinical photography"
1055_right.jpeg,diabetic_retinopathy,"high quality fundus photograph of an eye with diabetic retinopathy, microaneurysms, hemorrhages, exudates, neovascularization, medical ophthalmology image, detailed retinal view, clinical photography"
10562_left.jpeg,diabetic_retinopathy,"high quality fundus photograph of an eye with diabetic retinopathy, microaneurysms, hemorrhages, exudates, neovascularization, medical ophthalmology image, detailed retinal view, clinical photography"
10562_right.jpeg,diabetic_retinopathy,"high quality fundus photograph of an eye with diabetic retinopathy, microaneurysms, hemorrhages, exudates, neovascularization, medical ophthalmology image, detailed retinal view, clinical photography"
10563_left.jpeg,diabetic_retinopathy,"high quality fundus photograph of an eye with diabetic retinopathy, microaneurysms, hemorrhages, exudates, neovascularization, medical ophthalmology image, detailed retinal view, clinical photography"
10563_right.jpeg,diabetic_retinopathy,"high quality fundus photograph of an eye with diabetic retinopathy, microaneurysms, hemorrhages, exudates, neovascularization, medical ophthalmology image, detailed retinal view, clinical photography"
10566_left.jpeg,diabetic_retinopathy,"high quality fundus photograph of an eye with diabetic retinopathy, microaneurysms, hemorrhages, exudates, neovascularization, medical ophthalmology image, detailed retinal view, clinical photography"
10566_right.jpeg,diabetic_retinopathy,"high quality fundus photograph of an eye with diabetic retinopathy, microaneurysms, hemorrhages, exudates, neovascularization, medical ophthalmology image, detailed retinal view, clinical photography"
10568_left.jpeg,diabetic_retinopathy,"high quality fundus photograph of an eye with diabetic retinopathy, microaneurysms, hemorrhages, exudates, neovascularization, medical ophthalmology image, detailed retinal view, clinical photography"
10568_right.jpeg,diabetic_retinopathy,"high quality fundus photograph of an eye with diabetic retinopathy, microaneurysms, hemorrhages, exudates, neovascularization, medical ophthalmology image, detailed retinal view, clinical photography"
10569_left.jpeg,diabetic_retinopathy,"high quality fundus photograph of an eye with diabetic retinopathy, microaneurysms, hemorrhages, exudates, neovascularization, medical ophthalmology image, detailed retinal view, clinical photography"
10569_right.jpeg,diabetic_retinopathy,"high quality fundus photograph of an eye with diabetic retinopathy, microaneurysms, hemorrhages, exudates, neovascularization, medical ophthalmology image, detailed retinal view, clinical photography"
1056_left.jpeg,diabetic_retinopathy,"high quality fundus photograph of an eye with diabetic retinopathy, microaneurysms, hemorrhages, exudates, neovascularization, medical ophthalmology image, detailed retinal view, clinical photography"
1056_right.jpeg,diabetic_retinopathy,"high quality fundus photograph of an eye with diabetic retinopathy, microaneurysms, hemorrhages, exudates, neovascularization, medical ophthalmology image, detailed retinal view, clinical photography"
10570_left.jpeg,diabetic_retinopathy,"high quality fundus photograph of an eye with diabetic retinopathy, microaneurysms, hemorrhages, exudates, neovascularization, medical ophthalmology image, detailed retinal view, clinical photography"
10570_right.jpeg,diabetic_retinopathy,"high quality fundus photograph of an eye with diabetic retinopathy, microaneurysms, hemorrhages, exudates, neovascularization, medical ophthalmology image, detailed retinal view, clinical photography"
10579_left.jpeg,diabetic_retinopathy,"high quality fundus photograph of an eye with diabetic retinopathy, microaneurysms, hemorrhages, exudates, neovascularization, medical ophthalmology image, detailed retinal view, clinical photography"
10579_right.jpeg,diabetic_retinopathy,"high quality fundus photograph of an eye with diabetic retinopathy, microaneurysms, hemorrhages, exudates, neovascularization, medical ophthalmology image, detailed retinal view, clinical photography"
1057_left.jpeg,diabetic_retinopathy,"high quality fundus photograph of an eye with diabetic retinopathy, microaneurysms, hemorrhages, exudates, neovascularization, medical ophthalmology image, detailed retinal view, clinical photography"
1057_right.jpeg,diabetic_retinopathy,"high quality fundus photograph of an eye with diabetic retinopathy, microaneurysms, hemorrhages, exudates, neovascularization, medical ophthalmology image, detailed retinal view, clinical photography"
10583_left.jpeg,diabetic_retinopathy,"high quality fundus photograph of an eye with diabetic retinopathy, microaneurysms, hemorrhages, exudates, neovascularization, medical ophthalmology image, detailed retinal view, clinical photography"
10583_right.jpeg,diabetic_retinopathy,"high quality fundus photograph of an eye with diabetic retinopathy, microaneurysms, hemorrhages, exudates, neovascularization, medical ophthalmology image, detailed retinal view, clinical photography"
10585_left.jpeg,diabetic_retinopathy,"high quality fundus photograph of an eye with diabetic retinopathy, microaneurysms, hemorrhages, exudates, neovascularization, medical ophthalmology image, detailed retinal view, clinical photography"
10585_right.jpeg,diabetic_retinopathy,"high quality fundus photograph of an eye with diabetic retinopathy, microaneurysms, hemorrhages, exudates, neovascularization, medical ophthalmology image, detailed retinal view, clinical photography"
10587_left.jpeg,diabetic_retinopathy,"high quality fundus photograph of an eye with diabetic retinopathy, microaneurysms, hemorrhages, exudates, neovascularization, medical ophthalmology image, detailed retinal view, clinical photography"
10587_right.jpeg,diabetic_retinopathy,"high quality fundus photograph of an eye with diabetic retinopathy, microaneurysms, hemorrhages, exudates, neovascularization, medical ophthalmology image, detailed retinal view, clinical photography"
1058_left.jpeg,diabetic_retinopathy,"high quality fundus photograph of an eye with diabetic retinopathy, microaneurysms, hemorrhages, exudates, neovascularization, medical ophthalmology image, detailed retinal view, clinical photography"
1058_right.jpeg,diabetic_retinopathy,"high quality fundus photograph of an eye with diabetic retinopathy, microaneurysms, hemorrhages, exudates, neovascularization, medical ophthalmology image, detailed retinal view, clinical photography"
10592_left.jpeg,diabetic_retinopathy,"high quality fundus photograph of an eye with diabetic retinopathy, microaneurysms, hemorrhages, exudates, neovascularization, medical ophthalmology image, detailed retinal view, clinical photography"
10592_right.jpeg,diabetic_retinopathy,"high quality fundus photograph of an eye with diabetic retinopathy, microaneurysms, hemorrhages, exudates, neovascularization, medical ophthalmology image, detailed retinal view, clinical photography"
1059_left.jpeg,diabetic_retinopathy,"high quality fundus photograph of an eye with diabetic retinopathy, microaneurysms, hemorrhages, exudates, neovascularization, medical ophthalmology image, detailed retinal view, clinical photography"
1059_right.jpeg,diabetic_retinopathy,"high quality fundus photograph of an eye with diabetic retinopathy, microaneurysms, hemorrhages, exudates, neovascularization, medical ophthalmology image, detailed retinal view, clinical photography"
10603_left.jpeg,diabetic_retinopathy,"high quality fundus photograph of an eye with diabetic retinopathy, microaneurysms, hemorrhages, exudates, neovascularization, medical ophthalmology image, detailed retinal view, clinical photography"
10603_right.jpeg,diabetic_retinopathy,"high quality fundus photograph of an eye with diabetic retinopathy, microaneurysms, hemorrhages, exudates, neovascularization, medical ophthalmology image, detailed retinal view, clinical photography"
10605_left.jpeg,diabetic_retinopathy,"high quality fundus photograph of an eye with diabetic retinopathy, microaneurysms, hemorrhages, exudates, neovascularization, medical ophthalmology image, detailed retinal view, clinical photography"
10605_right.jpeg,diabetic_retinopathy,"high quality fundus photograph of an eye with diabetic retinopathy, microaneurysms, hemorrhages, exudates, neovascularization, medical ophthalmology image, detailed retinal view, clinical photography"
10606_left.jpeg,diabetic_retinopathy,"high quality fundus photograph of an eye with diabetic retinopathy, microaneurysms, hemorrhages, exudates, neovascularization, medical ophthalmology image, detailed retinal view, clinical photography"
10606_right.jpeg,diabetic_retinopathy,"high quality fundus photograph of an eye with diabetic retinopathy, microaneurysms, hemorrhages, exudates, neovascularization, medical ophthalmology image, detailed retinal view, clinical photography"
10608_left.jpeg,diabetic_retinopathy,"high quality fundus photograph of an eye with diabetic retinopathy, microaneurysms, hemorrhages, exudates, neovascularization, medical ophthalmology image, detailed retinal view, clinical photography"
10608_right.jpeg,diabetic_retinopathy,"high quality fundus photograph of an eye with diabetic retinopathy, microaneurysms, hemorrhages, exudates, neovascularization, medical ophthalmology image, detailed retinal view, clinical photography"
10610_left.jpeg,diabetic_retinopathy,"high quality fundus photograph of an eye with diabetic retinopathy, microaneurysms, hemorrhages, exudates, neovascularization, medical ophthalmology image, detailed retinal view, clinical photography"
10610_right.jpeg,diabetic_retinopathy,"high quality fundus photograph of an eye with diabetic retinopathy, microaneurysms, hemorrhages, exudates, neovascularization, medical ophthalmology image, detailed retinal view, clinical photography"
10612_left.jpeg,diabetic_retinopathy,"high quality fundus photograph of an eye with diabetic retinopathy, microaneurysms, hemorrhages, exudates, neovascularization, medical ophthalmology image, detailed retinal view, clinical photography"
10612_right.jpeg,diabetic_retinopathy,"high quality fundus photograph of an eye with diabetic retinopathy, microaneurysms, hemorrhages, exudates, neovascularization, medical ophthalmology image, detailed retinal view, clinical photography"
10616_left.jpeg,diabetic_retinopathy,"high quality fundus photograph of an eye with diabetic retinopathy, microaneurysms, hemorrhages, exudates, neovascularization, medical ophthalmology image, detailed retinal view, clinical photography"
10616_right.jpeg,diabetic_retinopathy,"high quality fundus photograph of an eye with diabetic retinopathy, microaneurysms, hemorrhages, exudates, neovascularization, medical ophthalmology image, detailed retinal view, clinical photography"
10619_left.jpeg,diabetic_retinopathy,"high quality fundus photograph of an eye with diabetic retinopathy, microaneurysms, hemorrhages, exudates, neovascularization, medical ophthalmology image, detailed retinal view, clinical photography"
10619_right.jpeg,diabetic_retinopathy,"high quality fundus photograph of an eye with diabetic retinopathy, microaneurysms, hemorrhages, exudates, neovascularization, medical ophthalmology image, detailed retinal view, clinical photography"
10622_left.jpeg,diabetic_retinopathy,"high quality fundus photograph of an eye with diabetic retinopathy, microaneurysms, hemorrhages, exudates, neovascularization, medical ophthalmology image, detailed retinal view, clinical photography"
10622_right.jpeg,diabetic_retinopathy,"high quality fundus photograph of an eye with diabetic retinopathy, microaneurysms, hemorrhages, exudates, neovascularization, medical ophthalmology image, detailed retinal view, clinical photography"
10623_left.jpeg,diabetic_retinopathy,"high quality fundus photograph of an eye with diabetic retinopathy, microaneurysms, hemorrhages, exudates, neovascularization, medical ophthalmology image, detailed retinal view, clinical photography"
10623_right.jpeg,diabetic_retinopathy,"high quality fundus photograph of an eye with diabetic retinopathy, microaneurysms, hemorrhages, exudates, neovascularization, medical ophthalmology image, detailed retinal view, clinical photography"
10624_left.jpeg,diabetic_retinopathy,"high quality fundus photograph of an eye with diabetic retinopathy, microaneurysms, hemorrhages, exudates, neovascularization, medical ophthalmology image, detailed retinal view, clinical photography"
10624_right.jpeg,diabetic_retinopathy,"high quality fundus photograph of an eye with diabetic retinopathy, microaneurysms, hemorrhages, exudates, neovascularization, medical ophthalmology image, detailed retinal view, clinical photography"
10626_left.jpeg,diabetic_retinopathy,"high quality fundus photograph of an eye with diabetic retinopathy, microaneurysms, hemorrhages, exudates, neovascularization, medical ophthalmology image, detailed retinal view, clinical photography"
10626_right.jpeg,diabetic_retinopathy,"high quality fundus photograph of an eye with diabetic retinopathy, microaneurysms, hemorrhages, exudates, neovascularization, medical ophthalmology image, detailed retinal view, clinical photography"
10629_left.jpeg,diabetic_retinopathy,"high quality fundus photograph of an eye with diabetic retinopathy, microaneurysms, hemorrhages, exudates, neovascularization, medical ophthalmology image, detailed retinal view, clinical photography"
10629_right.jpeg,diabetic_retinopathy,"high quality fundus photograph of an eye with diabetic retinopathy, microaneurysms, hemorrhages, exudates, neovascularization, medical ophthalmology image, detailed retinal view, clinical photography"
10636_left.jpeg,diabetic_retinopathy,"high quality fundus photograph of an eye with diabetic retinopathy, microaneurysms, hemorrhages, exudates, neovascularization, medical ophthalmology image, detailed retinal view, clinical photography"
10636_right.jpeg,diabetic_retinopathy,"high quality fundus photograph of an eye with diabetic retinopathy, microaneurysms, hemorrhages, exudates, neovascularization, medical ophthalmology image, detailed retinal view, clinical photography"
10640_left.jpeg,diabetic_retinopathy,"high quality fundus photograph of an eye with diabetic retinopathy, microaneurysms, hemorrhages, exudates, neovascularization, medical ophthalmology image, detailed retinal view, clinical photography"
10640_right.jpeg,diabetic_retinopathy,"high quality fundus photograph of an eye with diabetic retinopathy, microaneurysms, hemorrhages, exudates, neovascularization, medical ophthalmology image, detailed retinal view, clinical photography"
10644_left.jpeg,diabetic_retinopathy,"high quality fundus photograph of an eye with diabetic retinopathy, microaneurysms, hemorrhages, exudates, neovascularization, medical ophthalmology image, detailed retinal view, clinical photography"
10644_right.jpeg,diabetic_retinopathy,"high quality fundus photograph of an eye with diabetic retinopathy, microaneurysms, hemorrhages, exudates, neovascularization, medical ophthalmology image, detailed retinal view, clinical photography"
10645_left.jpeg,diabetic_retinopathy,"high quality fundus photograph of an eye with diabetic retinopathy, microaneurysms, hemorrhages, exudates, neovascularization, medical ophthalmology image, detailed retinal view, clinical photography"
10645_right.jpeg,diabetic_retinopathy,"high quality fundus photograph of an eye with diabetic retinopathy, microaneurysms, hemorrhages, exudates, neovascularization, medical ophthalmology image, detailed retinal view, clinical photography"
10646_left.jpeg,diabetic_retinopathy,"high quality fundus photograph of an eye with diabetic retinopathy, microaneurysms, hemorrhages, exudates, neovascularization, medical ophthalmology image, detailed retinal view, clinical photography"
10646_right.jpeg,diabetic_retinopathy,"high quality fundus photograph of an eye with diabetic retinopathy, microaneurysms, hemorrhages, exudates, neovascularization, medical ophthalmology image, detailed retinal view, clinical photography"
10650_left.jpeg,diabetic_retinopathy,"high quality fundus photograph of an eye with diabetic retinopathy, microaneurysms, hemorrhages, exudates, neovascularization, medical ophthalmology image, detailed retinal view, clinical photography"
10650_right.jpeg,diabetic_retinopathy,"high quality fundus photograph of an eye with diabetic retinopathy, microaneurysms, hemorrhages, exudates, neovascularization, medical ophthalmology image, detailed retinal view, clinical photography"
10651_left.jpeg,diabetic_retinopathy,"high quality fundus photograph of an eye with diabetic retinopathy, microaneurysms, hemorrhages, exudates, neovascularization, medical ophthalmology image, detailed retinal view, clinical photography"
10651_right.jpeg,diabetic_retinopathy,"high quality fundus photograph of an eye with diabetic retinopathy, microaneurysms, hemorrhages, exudates, neovascularization, medical ophthalmology image, detailed retinal view, clinical photography"
10653_left.jpeg,diabetic_retinopathy,"high quality fundus photograph of an eye with diabetic retinopathy, microaneurysms, hemorrhages, exudates, neovascularization, medical ophthalmology image, detailed retinal view, clinical photography"
10653_right.jpeg,diabetic_retinopathy,"high quality fundus photograph of an eye with diabetic retinopathy, microaneurysms, hemorrhages, exudates, neovascularization, medical ophthalmology image, detailed retinal view, clinical photography"
10657_left.jpeg,diabetic_retinopathy,"high quality fundus photograph of an eye with diabetic retinopathy, microaneurysms, hemorrhages, exudates, neovascularization, medical ophthalmology image, detailed retinal view, clinical photography"
10657_right.jpeg,diabetic_retinopathy,"high quality fundus photograph of an eye with diabetic retinopathy, microaneurysms, hemorrhages, exudates, neovascularization, medical ophthalmology image, detailed retinal view, clinical photography"
10660_left.jpeg,diabetic_retinopathy,"high quality fundus photograph of an eye with diabetic retinopathy, microaneurysms, hemorrhages, exudates, neovascularization, medical ophthalmology image, detailed retinal view, clinical photography"
10660_right.jpeg,diabetic_retinopathy,"high quality fundus photograph of an eye with diabetic retinopathy, microaneurysms, hemorrhages, exudates, neovascularization, medical ophthalmology image, detailed retinal view, clinical photography"
10672_left.jpeg,diabetic_retinopathy,"high quality fundus photograph of an eye with diabetic retinopathy, microaneurysms, hemorrhages, exudates, neovascularization, medical ophthalmology image, detailed retinal view, clinical photography"
10672_right.jpeg,diabetic_retinopathy,"high quality fundus photograph of an eye with diabetic retinopathy, microaneurysms, hemorrhages, exudates, neovascularization, medical ophthalmology image, detailed retinal view, clinical photography"
10674_left.jpeg,diabetic_retinopathy,"high quality fundus photograph of an eye with diabetic retinopathy, microaneurysms, hemorrhages, exudates, neovascularization, medical ophthalmology image, detailed retinal view, clinical photography"
10674_right.jpeg,diabetic_retinopathy,"high quality fundus photograph of an eye with diabetic retinopathy, microaneurysms, hemorrhages, exudates, neovascularization, medical ophthalmology image, detailed retinal view, clinical photography"
10675_left.jpeg,diabetic_retinopathy,"high quality fundus photograph of an eye with diabetic retinopathy, microaneurysms, hemorrhages, exudates, neovascularization, medical ophthalmology image, detailed retinal view, clinical photography"
10675_right.jpeg,diabetic_retinopathy,"high quality fundus photograph of an eye with diabetic retinopathy, microaneurysms, hemorrhages, exudates, neovascularization, medical ophthalmology image, detailed retinal view, clinical photography"
10680_left.jpeg,diabetic_retinopathy,"high quality fundus photograph of an eye with diabetic retinopathy, microaneurysms, hemorrhages, exudates, neovascularization, medical ophthalmology image, detailed retinal view, clinical photography"
10680_right.jpeg,diabetic_retinopathy,"high quality fundus photograph of an eye with diabetic retinopathy, microaneurysms, hemorrhages, exudates, neovascularization, medical ophthalmology image, detailed retinal view, clinical photography"
10688_left.jpeg,diabetic_retinopathy,"high quality fundus photograph of an eye with diabetic retinopathy, microaneurysms, hemorrhages, exudates, neovascularization, medical ophthalmology image, detailed retinal view, clinical photography"
10688_right.jpeg,diabetic_retinopathy,"high quality fundus photograph of an eye with diabetic retinopathy, microaneurysms, hemorrhages, exudates, neovascularization, medical ophthalmology image, detailed retinal view, clinical photography"
10694_left.jpeg,diabetic_retinopathy,"high quality fundus photograph of an eye with diabetic retinopathy, microaneurysms, hemorrhages, exudates, neovascularization, medical ophthalmology image, detailed retinal view, clinical photography"
10694_right.jpeg,diabetic_retinopathy,"high quality fundus photograph of an eye with diabetic retinopathy, microaneurysms, hemorrhages, exudates, neovascularization, medical ophthalmology image, detailed retinal view, clinical photography"
10695_left.jpeg,diabetic_retinopathy,"high quality fundus photograph of an eye with diabetic retinopathy, microaneurysms, hemorrhages, exudates, neovascularization, medical ophthalmology image, detailed retinal view, clinical photography"
10695_right.jpeg,diabetic_retinopathy,"high quality fundus photograph of an eye with diabetic retinopathy, microaneurysms, hemorrhages, exudates, neovascularization, medical ophthalmology image, detailed retinal view, clinical photography"
10701_left.jpeg,diabetic_retinopathy,"high quality fundus photograph of an eye with diabetic retinopathy, microaneurysms, hemorrhages, exudates, neovascularization, medical ophthalmology image, detailed retinal view, clinical photography"
10701_right.jpeg,diabetic_retinopathy,"high quality fundus photograph of an eye with diabetic retinopathy, microaneurysms, hemorrhages, exudates, neovascularization, medical ophthalmology image, detailed retinal view, clinical photography"
10705_left.jpeg,diabetic_retinopathy,"high quality fundus photograph of an eye with diabetic retinopathy, microaneurysms, hemorrhages, exudates, neovascularization, medical ophthalmology image, detailed retinal view, clinical photography"
10705_right.jpeg,diabetic_retinopathy,"high quality fundus photograph of an eye with diabetic retinopathy, microaneurysms, hemorrhages, exudates, neovascularization, medical ophthalmology image, detailed retinal view, clinical photography"
1070_left.jpeg,diabetic_retinopathy,"high quality fundus photograph of an eye with diabetic retinopathy, microaneurysms, hemorrhages, exudates, neovascularization, medical ophthalmology image, detailed retinal view, clinical photography"
1070_right.jpeg,diabetic_retinopathy,"high quality fundus photograph of an eye with diabetic retinopathy, microaneurysms, hemorrhages, exudates, neovascularization, medical ophthalmology image, detailed retinal view, clinical photography"
10710_left.jpeg,diabetic_retinopathy,"high quality fundus photograph of an eye with diabetic retinopathy, microaneurysms, hemorrhages, exudates, neovascularization, medical ophthalmology image, detailed retinal view, clinical photography"
10710_right.jpeg,diabetic_retinopathy,"high quality fundus photograph of an eye with diabetic retinopathy, microaneurysms, hemorrhages, exudates, neovascularization, medical ophthalmology image, detailed retinal view, clinical photography"
10720_left.jpeg,diabetic_retinopathy,"high quality fundus photograph of an eye with diabetic retinopathy, microaneurysms, hemorrhages, exudates, neovascularization, medical ophthalmology image, detailed retinal view, clinical photography"
10720_right.jpeg,diabetic_retinopathy,"high quality fundus photograph of an eye with diabetic retinopathy, microaneurysms, hemorrhages, exudates, neovascularization, medical ophthalmology image, detailed retinal view, clinical photography"
10722_left.jpeg,diabetic_retinopathy,"high quality fundus photograph of an eye with diabetic retinopathy, microaneurysms, hemorrhages, exudates, neovascularization, medical ophthalmology image, detailed retinal view, clinical photography"
10722_right.jpeg,diabetic_retinopathy,"high quality fundus photograph of an eye with diabetic retinopathy, microaneurysms, hemorrhages, exudates, neovascularization, medical ophthalmology image, detailed retinal view, clinical photography"
10723_left.jpeg,diabetic_retinopathy,"high quality fundus photograph of an eye with diabetic retinopathy, microaneurysms, hemorrhages, exudates, neovascularization, medical ophthalmology image, detailed retinal view, clinical photography"
10723_right.jpeg,diabetic_retinopathy,"high quality fundus photograph of an eye with diabetic retinopathy, microaneurysms, hemorrhages, exudates, neovascularization, medical ophthalmology image, detailed retinal view, clinical photography"
10726_left.jpeg,diabetic_retinopathy,"high quality fundus photograph of an eye with diabetic retinopathy, microaneurysms, hemorrhages, exudates, neovascularization, medical ophthalmology image, detailed retinal view, clinical photography"
10726_right.jpeg,diabetic_retinopathy,"high quality fundus photograph of an eye with diabetic retinopathy, microaneurysms, hemorrhages, exudates, neovascularization, medical ophthalmology image, detailed retinal view, clinical photography"
10727_left.jpeg,diabetic_retinopathy,"high quality fundus photograph of an eye with diabetic retinopathy, microaneurysms, hemorrhages, exudates, neovascularization, medical ophthalmology image, detailed retinal view, clinical photography"
10727_right.jpeg,diabetic_retinopathy,"high quality fundus photograph of an eye with diabetic retinopathy, microaneurysms, hemorrhages, exudates, neovascularization, medical ophthalmology image, detailed retinal view, clinical photography"
10729_left.jpeg,diabetic_retinopathy,"high quality fundus photograph of an eye with diabetic retinopathy, microaneurysms, hemorrhages, exudates, neovascularization, medical ophthalmology image, detailed retinal view, clinical photography"
10729_right.jpeg,diabetic_retinopathy,"high quality fundus photograph of an eye with diabetic retinopathy, microaneurysms, hemorrhages, exudates, neovascularization, medical ophthalmology image, detailed retinal view, clinical photography"
10732_left.jpeg,diabetic_retinopathy,"high quality fundus photograph of an eye with diabetic retinopathy, microaneurysms, hemorrhages, exudates, neovascularization, medical ophthalmology image, detailed retinal view, clinical photography"
10732_right.jpeg,diabetic_retinopathy,"high quality fundus photograph of an eye with diabetic retinopathy, microaneurysms, hemorrhages, exudates, neovascularization, medical ophthalmology image, detailed retinal view, clinical photography"
10734_left.jpeg,diabetic_retinopathy,"high quality fundus photograph of an eye with diabetic retinopathy, microaneurysms, hemorrhages, exudates, neovascularization, medical ophthalmology image, detailed retinal view, clinical photography"
10734_right.jpeg,diabetic_retinopathy,"high quality fundus photograph of an eye with diabetic retinopathy, microaneurysms, hemorrhages, exudates, neovascularization, medical ophthalmology image, detailed retinal view, clinical photography"
1073_left.jpeg,diabetic_retinopathy,"high quality fundus photograph of an eye with diabetic retinopathy, microaneurysms, hemorrhages, exudates, neovascularization, medical ophthalmology image, detailed retinal view, clinical photography"
1073_right.jpeg,diabetic_retinopathy,"high quality fundus photograph of an eye with diabetic retinopathy, microaneurysms, hemorrhages, exudates, neovascularization, medical ophthalmology image, detailed retinal view, clinical photography"
10743_left.jpeg,diabetic_retinopathy,"high quality fundus photograph of an eye with diabetic retinopathy, microaneurysms, hemorrhages, exudates, neovascularization, medical ophthalmology image, detailed retinal view, clinical photography"
10743_right.jpeg,diabetic_retinopathy,"high quality fundus photograph of an eye with diabetic retinopathy, microaneurysms, hemorrhages, exudates, neovascularization, medical ophthalmology image, detailed retinal view, clinical photography"
10745_left.jpeg,diabetic_retinopathy,"high quality fundus photograph of an eye with diabetic retinopathy, microaneurysms, hemorrhages, exudates, neovascularization, medical ophthalmology image, detailed retinal view, clinical photography"
10745_right.jpeg,diabetic_retinopathy,"high quality fundus photograph of an eye with diabetic retinopathy, microaneurysms, hemorrhages, exudates, neovascularization, medical ophthalmology image, detailed retinal view, clinical photography"
10748_left.jpeg,diabetic_retinopathy,"high quality fundus photograph of an eye with diabetic retinopathy, microaneurysms, hemorrhages, exudates, neovascularization, medical ophthalmology image, detailed retinal view, clinical photography"
10748_right.jpeg,diabetic_retinopathy,"high quality fundus photograph of an eye with diabetic retinopathy, microaneurysms, hemorrhages, exudates, neovascularization, medical ophthalmology image, detailed retinal view, clinical photography"
10751_left.jpeg,diabetic_retinopathy,"high quality fundus photograph of an eye with diabetic retinopathy, microaneurysms, hemorrhages, exudates, neovascularization, medical ophthalmology image, detailed retinal view, clinical photography"
10751_right.jpeg,diabetic_retinopathy,"high quality fundus photograph of an eye with diabetic retinopathy, microaneurysms, hemorrhages, exudates, neovascularization, medical ophthalmology image, detailed retinal view, clinical photography"
10752_left.jpeg,diabetic_retinopathy,"high quality fundus photograph of an eye with diabetic retinopathy, microaneurysms, hemorrhages, exudates, neovascularization, medical ophthalmology image, detailed retinal view, clinical photography"
10752_right.jpeg,diabetic_retinopathy,"high quality fundus photograph of an eye with diabetic retinopathy, microaneurysms, hemorrhages, exudates, neovascularization, medical ophthalmology image, detailed retinal view, clinical photography"
10755_left.jpeg,diabetic_retinopathy,"high quality fundus photograph of an eye with diabetic retinopathy, microaneurysms, hemorrhages, exudates, neovascularization, medical ophthalmology image, detailed retinal view, clinical photography"
10755_right.jpeg,diabetic_retinopathy,"high quality fundus photograph of an eye with diabetic retinopathy, microaneurysms, hemorrhages, exudates, neovascularization, medical ophthalmology image, detailed retinal view, clinical photography"
10758_left.jpeg,diabetic_retinopathy,"high quality fundus photograph of an eye with diabetic retinopathy, microaneurysms, hemorrhages, exudates, neovascularization, medical ophthalmology image, detailed retinal view, clinical photography"
10758_right.jpeg,diabetic_retinopathy,"high quality fundus photograph of an eye with diabetic retinopathy, microaneurysms, hemorrhages, exudates, neovascularization, medical ophthalmology image, detailed retinal view, clinical photography"
1075_left.jpeg,diabetic_retinopathy,"high quality fundus photograph of an eye with diabetic retinopathy, microaneurysms, hemorrhages, exudates, neovascularization, medical ophthalmology image, detailed retinal view, clinical photography"
1075_right.jpeg,diabetic_retinopathy,"high quality fundus photograph of an eye with diabetic retinopathy, microaneurysms, hemorrhages, exudates, neovascularization, medical ophthalmology image, detailed retinal view, clinical photography"
10761_left.jpeg,diabetic_retinopathy,"high quality fundus photograph of an eye with diabetic retinopathy, microaneurysms, hemorrhages, exudates, neovascularization, medical ophthalmology image, detailed retinal view, clinical photography"
10761_right.jpeg,diabetic_retinopathy,"high quality fundus photograph of an eye with diabetic retinopathy, microaneurysms, hemorrhages, exudates, neovascularization, medical ophthalmology image, detailed retinal view, clinical photography"
10762_left.jpeg,diabetic_retinopathy,"high quality fundus photograph of an eye with diabetic retinopathy, microaneurysms, hemorrhages, exudates, neovascularization, medical ophthalmology image, detailed retinal view, clinical photography"
10762_right.jpeg,diabetic_retinopathy,"high quality fundus photograph of an eye with diabetic retinopathy, microaneurysms, hemorrhages, exudates, neovascularization, medical ophthalmology image, detailed retinal view, clinical photography"
10763_left.jpeg,diabetic_retinopathy,"high quality fundus photograph of an eye with diabetic retinopathy, microaneurysms, hemorrhages, exudates, neovascularization, medical ophthalmology image, detailed retinal view, clinical photography"
10763_right.jpeg,diabetic_retinopathy,"high quality fundus photograph of an eye with diabetic retinopathy, microaneurysms, hemorrhages, exudates, neovascularization, medical ophthalmology image, detailed retinal view, clinical photography"
1076_left.jpeg,diabetic_retinopathy,"high quality fundus photograph of an eye with diabetic retinopathy, microaneurysms, hemorrhages, exudates, neovascularization, medical ophthalmology image, detailed retinal view, clinical photography"
1076_right.jpeg,diabetic_retinopathy,"high quality fundus photograph of an eye with diabetic retinopathy, microaneurysms, hemorrhages, exudates, neovascularization, medical ophthalmology image, detailed retinal view, clinical photography"
10770_left.jpeg,diabetic_retinopathy,"high quality fundus photograph of an eye with diabetic retinopathy, microaneurysms, hemorrhages, exudates, neovascularization, medical ophthalmology image, detailed retinal view, clinical photography"
10770_right.jpeg,diabetic_retinopathy,"high quality fundus photograph of an eye with diabetic retinopathy, microaneurysms, hemorrhages, exudates, neovascularization, medical ophthalmology image, detailed retinal view, clinical photography"
10772_left.jpeg,diabetic_retinopathy,"high quality fundus photograph of an eye with diabetic retinopathy, microaneurysms, hemorrhages, exudates, neovascularization, medical ophthalmology image, detailed retinal view, clinical photography"
10772_right.jpeg,diabetic_retinopathy,"high quality fundus photograph of an eye with diabetic retinopathy, microaneurysms, hemorrhages, exudates, neovascularization, medical ophthalmology image, detailed retinal view, clinical photography"
10777_left.jpeg,diabetic_retinopathy,"high quality fundus photograph of an eye with diabetic retinopathy, microaneurysms, hemorrhages, exudates, neovascularization, medical ophthalmology image, detailed retinal view, clinical photography"
10777_right.jpeg,diabetic_retinopathy,"high quality fundus photograph of an eye with diabetic retinopathy, microaneurysms, hemorrhages, exudates, neovascularization, medical ophthalmology image, detailed retinal view, clinical photography"
10779_left.jpeg,diabetic_retinopathy,"high quality fundus photograph of an eye with diabetic retinopathy, microaneurysms, hemorrhages, exudates, neovascularization, medical ophthalmology image, detailed retinal view, clinical photography"
10779_right.jpeg,diabetic_retinopathy,"high quality fundus photograph of an eye with diabetic retinopathy, microaneurysms, hemorrhages, exudates, neovascularization, medical ophthalmology image, detailed retinal view, clinical photography"
1077_left.jpeg,diabetic_retinopathy,"high quality fundus photograph of an eye with diabetic retinopathy, microaneurysms, hemorrhages, exudates, neovascularization, medical ophthalmology image, detailed retinal view, clinical photography"
1077_right.jpeg,diabetic_retinopathy,"high quality fundus photograph of an eye with diabetic retinopathy, microaneurysms, hemorrhages, exudates, neovascularization, medical ophthalmology image, detailed retinal view, clinical photography"
10781_left.jpeg,diabetic_retinopathy,"high quality fundus photograph of an eye with diabetic retinopathy, microaneurysms, hemorrhages, exudates, neovascularization, medical ophthalmology image, detailed retinal view, clinical photography"
10781_right.jpeg,diabetic_retinopathy,"high quality fundus photograph of an eye with diabetic retinopathy, microaneurysms, hemorrhages, exudates, neovascularization, medical ophthalmology image, detailed retinal view, clinical photography"
10782_left.jpeg,diabetic_retinopathy,"high quality fundus photograph of an eye with diabetic retinopathy, microaneurysms, hemorrhages, exudates, neovascularization, medical ophthalmology image, detailed retinal view, clinical photography"
10782_right.jpeg,diabetic_retinopathy,"high quality fundus photograph of an eye with diabetic retinopathy, microaneurysms, hemorrhages, exudates, neovascularization, medical ophthalmology image, detailed retinal view, clinical photography"
10785_left.jpeg,diabetic_retinopathy,"high quality fundus photograph of an eye with diabetic retinopathy, microaneurysms, hemorrhages, exudates, neovascularization, medical ophthalmology image, detailed retinal view, clinical photography"
10785_right.jpeg,diabetic_retinopathy,"high quality fundus photograph of an eye with diabetic retinopathy, microaneurysms, hemorrhages, exudates, neovascularization, medical ophthalmology image, detailed retinal view, clinical photography"
10786_left.jpeg,diabetic_retinopathy,"high quality fundus photograph of an eye with diabetic retinopathy, microaneurysms, hemorrhages, exudates, neovascularization, medical ophthalmology image, detailed retinal view, clinical photography"
10786_right.jpeg,diabetic_retinopathy,"high quality fundus photograph of an eye with diabetic retinopathy, microaneurysms, hemorrhages, exudates, neovascularization, medical ophthalmology image, detailed retinal view, clinical photography"
10787_left.jpeg,diabetic_retinopathy,"high quality fundus photograph of an eye with diabetic retinopathy, microaneurysms, hemorrhages, exudates, neovascularization, medical ophthalmology image, detailed retinal view, clinical photography"
10787_right.jpeg,diabetic_retinopathy,"high quality fundus photograph of an eye with diabetic retinopathy, microaneurysms, hemorrhages, exudates, neovascularization, medical ophthalmology image, detailed retinal view, clinical photography"
10790_left.jpeg,diabetic_retinopathy,"high quality fundus photograph of an eye with diabetic retinopathy, microaneurysms, hemorrhages, exudates, neovascularization, medical ophthalmology image, detailed retinal view, clinical photography"
10790_right.jpeg,diabetic_retinopathy,"high quality fundus photograph of an eye with diabetic retinopathy, microaneurysms, hemorrhages, exudates, neovascularization, medical ophthalmology image, detailed retinal view, clinical photography"
10792_left.jpeg,diabetic_retinopathy,"high quality fundus photograph of an eye with diabetic retinopathy, microaneurysms, hemorrhages, exudates, neovascularization, medical ophthalmology image, detailed retinal view, clinical photography"
10792_right.jpeg,diabetic_retinopathy,"high quality fundus photograph of an eye with diabetic retinopathy, microaneurysms, hemorrhages, exudates, neovascularization, medical ophthalmology image, detailed retinal view, clinical photography"
10794_left.jpeg,diabetic_retinopathy,"high quality fundus photograph of an eye with diabetic retinopathy, microaneurysms, hemorrhages, exudates, neovascularization, medical ophthalmology image, detailed retinal view, clinical photography"
10794_right.jpeg,diabetic_retinopathy,"high quality fundus photograph of an eye with diabetic retinopathy, microaneurysms, hemorrhages, exudates, neovascularization, medical ophthalmology image, detailed retinal view, clinical photography"
10808_left.jpeg,diabetic_retinopathy,"high quality fundus photograph of an eye with diabetic retinopathy, microaneurysms, hemorrhages, exudates, neovascularization, medical ophthalmology image, detailed retinal view, clinical photography"
10808_right.jpeg,diabetic_retinopathy,"high quality fundus photograph of an eye with diabetic retinopathy, microaneurysms, hemorrhages, exudates, neovascularization, medical ophthalmology image, detailed retinal view, clinical photography"
10810_left.jpeg,diabetic_retinopathy,"high quality fundus photograph of an eye with diabetic retinopathy, microaneurysms, hemorrhages, exudates, neovascularization, medical ophthalmology image, detailed retinal view, clinical photography"
10810_right.jpeg,diabetic_retinopathy,"high quality fundus photograph of an eye with diabetic retinopathy, microaneurysms, hemorrhages, exudates, neovascularization, medical ophthalmology image, detailed retinal view, clinical photography"
10814_left.jpeg,diabetic_retinopathy,"high quality fundus photograph of an eye with diabetic retinopathy, microaneurysms, hemorrhages, exudates, neovascularization, medical ophthalmology image, detailed retinal view, clinical photography"
10814_right.jpeg,diabetic_retinopathy,"high quality fundus photograph of an eye with diabetic retinopathy, microaneurysms, hemorrhages, exudates, neovascularization, medical ophthalmology image, detailed retinal view, clinical photography"
10815_left.jpeg,diabetic_retinopathy,"high quality fundus photograph of an eye with diabetic retinopathy, microaneurysms, hemorrhages, exudates, neovascularization, medical ophthalmology image, detailed retinal view, clinical photography"
10815_right.jpeg,diabetic_retinopathy,"high quality fundus photograph of an eye with diabetic retinopathy, microaneurysms, hemorrhages, exudates, neovascularization, medical ophthalmology image, detailed retinal view, clinical photography"
10823_left.jpeg,diabetic_retinopathy,"high quality fundus photograph of an eye with diabetic retinopathy, microaneurysms, hemorrhages, exudates, neovascularization, medical ophthalmology image, detailed retinal view, clinical photography"
10823_right.jpeg,diabetic_retinopathy,"high quality fundus photograph of an eye with diabetic retinopathy, microaneurysms, hemorrhages, exudates, neovascularization, medical ophthalmology image, detailed retinal view, clinical photography"
10827_left.jpeg,diabetic_retinopathy,"high quality fundus photograph of an eye with diabetic retinopathy, microaneurysms, hemorrhages, exudates, neovascularization, medical ophthalmology image, detailed retinal view, clinical photography"
10827_right.jpeg,diabetic_retinopathy,"high quality fundus photograph of an eye with diabetic retinopathy, microaneurysms, hemorrhages, exudates, neovascularization, medical ophthalmology image, detailed retinal view, clinical photography"
10832_left.jpeg,diabetic_retinopathy,"high quality fundus photograph of an eye with diabetic retinopathy, microaneurysms, hemorrhages, exudates, neovascularization, medical ophthalmology image, detailed retinal view, clinical photography"
10832_right.jpeg,diabetic_retinopathy,"high quality fundus photograph of an eye with diabetic retinopathy, microaneurysms, hemorrhages, exudates, neovascularization, medical ophthalmology image, detailed retinal view, clinical photography"
10833_left.jpeg,diabetic_retinopathy,"high quality fundus photograph of an eye with diabetic retinopathy, microaneurysms, hemorrhages, exudates, neovascularization, medical ophthalmology image, detailed retinal view, clinical photography"
10833_right.jpeg,diabetic_retinopathy,"high quality fundus photograph of an eye with diabetic retinopathy, microaneurysms, hemorrhages, exudates, neovascularization, medical ophthalmology image, detailed retinal view, clinical photography"
10838_left.jpeg,diabetic_retinopathy,"high quality fundus photograph of an eye with diabetic retinopathy, microaneurysms, hemorrhages, exudates, neovascularization, medical ophthalmology image, detailed retinal view, clinical photography"
10838_right.jpeg,diabetic_retinopathy,"high quality fundus photograph of an eye with diabetic retinopathy, microaneurysms, hemorrhages, exudates, neovascularization, medical ophthalmology image, detailed retinal view, clinical photography"
10839_left.jpeg,diabetic_retinopathy,"high quality fundus photograph of an eye with diabetic retinopathy, microaneurysms, hemorrhages, exudates, neovascularization, medical ophthalmology image, detailed retinal view, clinical photography"
10839_right.jpeg,diabetic_retinopathy,"high quality fundus photograph of an eye with diabetic retinopathy, microaneurysms, hemorrhages, exudates, neovascularization, medical ophthalmology image, detailed retinal view, clinical photography"
10842_left.jpeg,diabetic_retinopathy,"high quality fundus photograph of an eye with diabetic retinopathy, microaneurysms, hemorrhages, exudates, neovascularization, medical ophthalmology image, detailed retinal view, clinical photography"
10842_right.jpeg,diabetic_retinopathy,"high quality fundus photograph of an eye with diabetic retinopathy, microaneurysms, hemorrhages, exudates, neovascularization, medical ophthalmology image, detailed retinal view, clinical photography"
10844_left.jpeg,diabetic_retinopathy,"high quality fundus photograph of an eye with diabetic retinopathy, microaneurysms, hemorrhages, exudates, neovascularization, medical ophthalmology image, detailed retinal view, clinical photography"
10844_right.jpeg,diabetic_retinopathy,"high quality fundus photograph of an eye with diabetic retinopathy, microaneurysms, hemorrhages, exudates, neovascularization, medical ophthalmology image, detailed retinal view, clinical photography"
1084_left.jpeg,diabetic_retinopathy,"high quality fundus photograph of an eye with diabetic retinopathy, microaneurysms, hemorrhages, exudates, neovascularization, medical ophthalmology image, detailed retinal view, clinical photography"
1084_right.jpeg,diabetic_retinopathy,"high quality fundus photograph of an eye with diabetic retinopathy, microaneurysms, hemorrhages, exudates, neovascularization, medical ophthalmology image, detailed retinal view, clinical photography"
10851_left.jpeg,diabetic_retinopathy,"high quality fundus photograph of an eye with diabetic retinopathy, microaneurysms, hemorrhages, exudates, neovascularization, medical ophthalmology image, detailed retinal view, clinical photography"
10851_right.jpeg,diabetic_retinopathy,"high quality fundus photograph of an eye with diabetic retinopathy, microaneurysms, hemorrhages, exudates, neovascularization, medical ophthalmology image, detailed retinal view, clinical photography"
10853_left.jpeg,diabetic_retinopathy,"high quality fundus photograph of an eye with diabetic retinopathy, microaneurysms, hemorrhages, exudates, neovascularization, medical ophthalmology image, detailed retinal view, clinical photography"
10853_right.jpeg,diabetic_retinopathy,"high quality fundus photograph of an eye with diabetic retinopathy, microaneurysms, hemorrhages, exudates, neovascularization, medical ophthalmology image, detailed retinal view, clinical photography"
10854_left.jpeg,diabetic_retinopathy,"high quality fundus photograph of an eye with diabetic retinopathy, microaneurysms, hemorrhages, exudates, neovascularization, medical ophthalmology image, detailed retinal view, clinical photography"
10854_right.jpeg,diabetic_retinopathy,"high quality fundus photograph of an eye with diabetic retinopathy, microaneurysms, hemorrhages, exudates, neovascularization, medical ophthalmology image, detailed retinal view, clinical photography"
10861_left.jpeg,diabetic_retinopathy,"high quality fundus photograph of an eye with diabetic retinopathy, microaneurysms, hemorrhages, exudates, neovascularization, medical ophthalmology image, detailed retinal view, clinical photography"
10861_right.jpeg,diabetic_retinopathy,"high quality fundus photograph of an eye with diabetic retinopathy, microaneurysms, hemorrhages, exudates, neovascularization, medical ophthalmology image, detailed retinal view, clinical photography"
10864_left.jpeg,diabetic_retinopathy,"high quality fundus photograph of an eye with diabetic retinopathy, microaneurysms, hemorrhages, exudates, neovascularization, medical ophthalmology image, detailed retinal view, clinical photography"
10864_right.jpeg,diabetic_retinopathy,"high quality fundus photograph of an eye with diabetic retinopathy, microaneurysms, hemorrhages, exudates, neovascularization, medical ophthalmology image, detailed retinal view, clinical photography"
10865_left.jpeg,diabetic_retinopathy,"high quality fundus photograph of an eye with diabetic retinopathy, microaneurysms, hemorrhages, exudates, neovascularization, medical ophthalmology image, detailed retinal view, clinical photography"
10865_right.jpeg,diabetic_retinopathy,"high quality fundus photograph of an eye with diabetic retinopathy, microaneurysms, hemorrhages, exudates, neovascularization, medical ophthalmology image, detailed retinal view, clinical photography"
10873_left.jpeg,diabetic_retinopathy,"high quality fundus photograph of an eye with diabetic retinopathy, microaneurysms, hemorrhages, exudates, neovascularization, medical ophthalmology image, detailed retinal view, clinical photography"
10873_right.jpeg,diabetic_retinopathy,"high quality fundus photograph of an eye with diabetic retinopathy, microaneurysms, hemorrhages, exudates, neovascularization, medical ophthalmology image, detailed retinal view, clinical photography"
10874_left.jpeg,diabetic_retinopathy,"high quality fundus photograph of an eye with diabetic retinopathy, microaneurysms, hemorrhages, exudates, neovascularization, medical ophthalmology image, detailed retinal view, clinical photography"
10874_right.jpeg,diabetic_retinopathy,"high quality fundus photograph of an eye with diabetic retinopathy, microaneurysms, hemorrhages, exudates, neovascularization, medical ophthalmology image, detailed retinal view, clinical photography"
10879_left.jpeg,diabetic_retinopathy,"high quality fundus photograph of an eye with diabetic retinopathy, microaneurysms, hemorrhages, exudates, neovascularization, medical ophthalmology image, detailed retinal view, clinical photography"
10879_right.jpeg,diabetic_retinopathy,"high quality fundus photograph of an eye with diabetic retinopathy, microaneurysms, hemorrhages, exudates, neovascularization, medical ophthalmology image, detailed retinal view, clinical photography"
10883_left.jpeg,diabetic_retinopathy,"high quality fundus photograph of an eye with diabetic retinopathy, microaneurysms, hemorrhages, exudates, neovascularization, medical ophthalmology image, detailed retinal view, clinical photography"
10883_right.jpeg,diabetic_retinopathy,"high quality fundus photograph of an eye with diabetic retinopathy, microaneurysms, hemorrhages, exudates, neovascularization, medical ophthalmology image, detailed retinal view, clinical photography"
10884_left.jpeg,diabetic_retinopathy,"high quality fundus photograph of an eye with diabetic retinopathy, microaneurysms, hemorrhages, exudates, neovascularization, medical ophthalmology image, detailed retinal view, clinical photography"
10884_right.jpeg,diabetic_retinopathy,"high quality fundus photograph of an eye with diabetic retinopathy, microaneurysms, hemorrhages, exudates, neovascularization, medical ophthalmology image, detailed retinal view, clinical photography"
10886_left.jpeg,diabetic_retinopathy,"high quality fundus photograph of an eye with diabetic retinopathy, microaneurysms, hemorrhages, exudates, neovascularization, medical ophthalmology image, detailed retinal view, clinical photography"
10886_right.jpeg,diabetic_retinopathy,"high quality fundus photograph of an eye with diabetic retinopathy, microaneurysms, hemorrhages, exudates, neovascularization, medical ophthalmology image, detailed retinal view, clinical photography"
10891_left.jpeg,diabetic_retinopathy,"high quality fundus photograph of an eye with diabetic retinopathy, microaneurysms, hemorrhages, exudates, neovascularization, medical ophthalmology image, detailed retinal view, clinical photography"
10891_right.jpeg,diabetic_retinopathy,"high quality fundus photograph of an eye with diabetic retinopathy, microaneurysms, hemorrhages, exudates, neovascularization, medical ophthalmology image, detailed retinal view, clinical photography"
10897_left.jpeg,diabetic_retinopathy,"high quality fundus photograph of an eye with diabetic retinopathy, microaneurysms, hemorrhages, exudates, neovascularization, medical ophthalmology image, detailed retinal view, clinical photography"
10897_right.jpeg,diabetic_retinopathy,"high quality fundus photograph of an eye with diabetic retinopathy, microaneurysms, hemorrhages, exudates, neovascularization, medical ophthalmology image, detailed retinal view, clinical photography"
108_left.jpeg,diabetic_retinopathy,"high quality fundus photograph of an eye with diabetic retinopathy, microaneurysms, hemorrhages, exudates, neovascularization, medical ophthalmology image, detailed retinal view, clinical photography"
108_right.jpeg,diabetic_retinopathy,"high quality fundus photograph of an eye with diabetic retinopathy, microaneurysms, hemorrhages, exudates, neovascularization, medical ophthalmology image, detailed retinal view, clinical photography"
10903_left.jpeg,diabetic_retinopathy,"high quality fundus photograph of an eye with diabetic retinopathy, microaneurysms, hemorrhages, exudates, neovascularization, medical ophthalmology image, detailed retinal view, clinical photography"
10903_right.jpeg,diabetic_retinopathy,"high quality fundus photograph of an eye with diabetic retinopathy, microaneurysms, hemorrhages, exudates, neovascularization, medical ophthalmology image, detailed retinal view, clinical photography"
10907_left.jpeg,diabetic_retinopathy,"high quality fundus photograph of an eye with diabetic retinopathy, microaneurysms, hemorrhages, exudates, neovascularization, medical ophthalmology image, detailed retinal view, clinical photography"
10907_right.jpeg,diabetic_retinopathy,"high quality fundus photograph of an eye with diabetic retinopathy, microaneurysms, hemorrhages, exudates, neovascularization, medical ophthalmology image, detailed retinal view, clinical photography"
10908_left.jpeg,diabetic_retinopathy,"high quality fundus photograph of an eye with diabetic retinopathy, microaneurysms, hemorrhages, exudates, neovascularization, medical ophthalmology image, detailed retinal view, clinical photography"
10908_right.jpeg,diabetic_retinopathy,"high quality fundus photograph of an eye with diabetic retinopathy, microaneurysms, hemorrhages, exudates, neovascularization, medical ophthalmology image, detailed retinal view, clinical photography"
10913_left.jpeg,diabetic_retinopathy,"high quality fundus photograph of an eye with diabetic retinopathy, microaneurysms, hemorrhages, exudates, neovascularization, medical ophthalmology image, detailed retinal view, clinical photography"
10913_right.jpeg,diabetic_retinopathy,"high quality fundus photograph of an eye with diabetic retinopathy, microaneurysms, hemorrhages, exudates, neovascularization, medical ophthalmology image, detailed retinal view, clinical photography"
10915_left.jpeg,diabetic_retinopathy,"high quality fundus photograph of an eye with diabetic retinopathy, microaneurysms, hemorrhages, exudates, neovascularization, medical ophthalmology image, detailed retinal view, clinical photography"
10915_right.jpeg,diabetic_retinopathy,"high quality fundus photograph of an eye with diabetic retinopathy, microaneurysms, hemorrhages, exudates, neovascularization, medical ophthalmology image, detailed retinal view, clinical photography"
10916_left.jpeg,diabetic_retinopathy,"high quality fundus photograph of an eye with diabetic retinopathy, microaneurysms, hemorrhages, exudates, neovascularization, medical ophthalmology image, detailed retinal view, clinical photography"
10916_right.jpeg,diabetic_retinopathy,"high quality fundus photograph of an eye with diabetic retinopathy, microaneurysms, hemorrhages, exudates, neovascularization, medical ophthalmology image, detailed retinal view, clinical photography"
10919_left.jpeg,diabetic_retinopathy,"high quality fundus photograph of an eye with diabetic retinopathy, microaneurysms, hemorrhages, exudates, neovascularization, medical ophthalmology image, detailed retinal view, clinical photography"
10919_right.jpeg,diabetic_retinopathy,"high quality fundus photograph of an eye with diabetic retinopathy, microaneurysms, hemorrhages, exudates, neovascularization, medical ophthalmology image, detailed retinal view, clinical photography"
10920_left.jpeg,diabetic_retinopathy,"high quality fundus photograph of an eye with diabetic retinopathy, microaneurysms, hemorrhages, exudates, neovascularization, medical ophthalmology image, detailed retinal view, clinical photography"
10920_right.jpeg,diabetic_retinopathy,"high quality fundus photograph of an eye with diabetic retinopathy, microaneurysms, hemorrhages, exudates, neovascularization, medical ophthalmology image, detailed retinal view, clinical photography"
10924_left.jpeg,diabetic_retinopathy,"high quality fundus photograph of an eye with diabetic retinopathy, microaneurysms, hemorrhages, exudates, neovascularization, medical ophthalmology image, detailed retinal view, clinical photography"
10924_right.jpeg,diabetic_retinopathy,"high quality fundus photograph of an eye with diabetic retinopathy, microaneurysms, hemorrhages, exudates, neovascularization, medical ophthalmology image, detailed retinal view, clinical photography"
1092_left.jpeg,diabetic_retinopathy,"high quality fundus photograph of an eye with diabetic retinopathy, microaneurysms, hemorrhages, exudates, neovascularization, medical ophthalmology image, detailed retinal view, clinical photography"
1092_right.jpeg,diabetic_retinopathy,"high quality fundus photograph of an eye with diabetic retinopathy, microaneurysms, hemorrhages, exudates, neovascularization, medical ophthalmology image, detailed retinal view, clinical photography"
10930_left.jpeg,diabetic_retinopathy,"high quality fundus photograph of an eye with diabetic retinopathy, microaneurysms, hemorrhages, exudates, neovascularization, medical ophthalmology image, detailed retinal view, clinical photography"
10930_right.jpeg,diabetic_retinopathy,"high quality fundus photograph of an eye with diabetic retinopathy, microaneurysms, hemorrhages, exudates, neovascularization, medical ophthalmology image, detailed retinal view, clinical photography"
10934_left.jpeg,diabetic_retinopathy,"high quality fundus photograph of an eye with diabetic retinopathy, microaneurysms, hemorrhages, exudates, neovascularization, medical ophthalmology image, detailed retinal view, clinical photography"
10934_right.jpeg,diabetic_retinopathy,"high quality fundus photograph of an eye with diabetic retinopathy, microaneurysms, hemorrhages, exudates, neovascularization, medical ophthalmology image, detailed retinal view, clinical photography"
10936_left.jpeg,diabetic_retinopathy,"high quality fundus photograph of an eye with diabetic retinopathy, microaneurysms, hemorrhages, exudates, neovascularization, medical ophthalmology image, detailed retinal view, clinical photography"
10936_right.jpeg,diabetic_retinopathy,"high quality fundus photograph of an eye with diabetic retinopathy, microaneurysms, hemorrhages, exudates, neovascularization, medical ophthalmology image, detailed retinal view, clinical photography"
1093_left.jpeg,diabetic_retinopathy,"high quality fundus photograph of an eye with diabetic retinopathy, microaneurysms, hemorrhages, exudates, neovascularization, medical ophthalmology image, detailed retinal view, clinical photography"
1093_right.jpeg,diabetic_retinopathy,"high quality fundus photograph of an eye with diabetic retinopathy, microaneurysms, hemorrhages, exudates, neovascularization, medical ophthalmology image, detailed retinal view, clinical photography"
10940_left.jpeg,diabetic_retinopathy,"high quality fundus photograph of an eye with diabetic retinopathy, microaneurysms, hemorrhages, exudates, neovascularization, medical ophthalmology image, detailed retinal view, clinical photography"
10940_right.jpeg,diabetic_retinopathy,"high quality fundus photograph of an eye with diabetic retinopathy, microaneurysms, hemorrhages, exudates, neovascularization, medical ophthalmology image, detailed retinal view, clinical photography"
10941_left.jpeg,diabetic_retinopathy,"high quality fundus photograph of an eye with diabetic retinopathy, microaneurysms, hemorrhages, exudates, neovascularization, medical ophthalmology image, detailed retinal view, clinical photography"
10941_right.jpeg,diabetic_retinopathy,"high quality fundus photograph of an eye with diabetic retinopathy, microaneurysms, hemorrhages, exudates, neovascularization, medical ophthalmology image, detailed retinal view, clinical photography"
10942_left.jpeg,diabetic_retinopathy,"high quality fundus photograph of an eye with diabetic retinopathy, microaneurysms, hemorrhages, exudates, neovascularization, medical ophthalmology image, detailed retinal view, clinical photography"
10942_right.jpeg,diabetic_retinopathy,"high quality fundus photograph of an eye with diabetic retinopathy, microaneurysms, hemorrhages, exudates, neovascularization, medical ophthalmology image, detailed retinal view, clinical photography"
10943_left.jpeg,diabetic_retinopathy,"high quality fundus photograph of an eye with diabetic retinopathy, microaneurysms, hemorrhages, exudates, neovascularization, medical ophthalmology image, detailed retinal view, clinical photography"
10943_right.jpeg,diabetic_retinopathy,"high quality fundus photograph of an eye with diabetic retinopathy, microaneurysms, hemorrhages, exudates, neovascularization, medical ophthalmology image, detailed retinal view, clinical photography"
10945_left.jpeg,diabetic_retinopathy,"high quality fundus photograph of an eye with diabetic retinopathy, microaneurysms, hemorrhages, exudates, neovascularization, medical ophthalmology image, detailed retinal view, clinical photography"
10945_right.jpeg,diabetic_retinopathy,"high quality fundus photograph of an eye with diabetic retinopathy, microaneurysms, hemorrhages, exudates, neovascularization, medical ophthalmology image, detailed retinal view, clinical photography"
10947_left.jpeg,diabetic_retinopathy,"high quality fundus photograph of an eye with diabetic retinopathy, microaneurysms, hemorrhages, exudates, neovascularization, medical ophthalmology image, detailed retinal view, clinical photography"
10947_right.jpeg,diabetic_retinopathy,"high quality fundus photograph of an eye with diabetic retinopathy, microaneurysms, hemorrhages, exudates, neovascularization, medical ophthalmology image, detailed retinal view, clinical photography"
10952_left.jpeg,diabetic_retinopathy,"high quality fundus photograph of an eye with diabetic retinopathy, microaneurysms, hemorrhages, exudates, neovascularization, medical ophthalmology image, detailed retinal view, clinical photography"
10952_right.jpeg,diabetic_retinopathy,"high quality fundus photograph of an eye with diabetic retinopathy, microaneurysms, hemorrhages, exudates, neovascularization, medical ophthalmology image, detailed retinal view, clinical photography"
10954_left.jpeg,diabetic_retinopathy,"high quality fundus photograph of an eye with diabetic retinopathy, microaneurysms, hemorrhages, exudates, neovascularization, medical ophthalmology image, detailed retinal view, clinical photography"
10954_right.jpeg,diabetic_retinopathy,"high quality fundus photograph of an eye with diabetic retinopathy, microaneurysms, hemorrhages, exudates, neovascularization, medical ophthalmology image, detailed retinal view, clinical photography"
10960_left.jpeg,diabetic_retinopathy,"high quality fundus photograph of an eye with diabetic retinopathy, microaneurysms, hemorrhages, exudates, neovascularization, medical ophthalmology image, detailed retinal view, clinical photography"
10960_right.jpeg,diabetic_retinopathy,"high quality fundus photograph of an eye with diabetic retinopathy, microaneurysms, hemorrhages, exudates, neovascularization, medical ophthalmology image, detailed retinal view, clinical photography"
10961_left.jpeg,diabetic_retinopathy,"high quality fundus photograph of an eye with diabetic retinopathy, microaneurysms, hemorrhages, exudates, neovascularization, medical ophthalmology image, detailed retinal view, clinical photography"
10961_right.jpeg,diabetic_retinopathy,"high quality fundus photograph of an eye with diabetic retinopathy, microaneurysms, hemorrhages, exudates, neovascularization, medical ophthalmology image, detailed retinal view, clinical photography"
10962_left.jpeg,diabetic_retinopathy,"high quality fundus photograph of an eye with diabetic retinopathy, microaneurysms, hemorrhages, exudates, neovascularization, medical ophthalmology image, detailed retinal view, clinical photography"
10962_right.jpeg,diabetic_retinopathy,"high quality fundus photograph of an eye with diabetic retinopathy, microaneurysms, hemorrhages, exudates, neovascularization, medical ophthalmology image, detailed retinal view, clinical photography"
10966_left.jpeg,diabetic_retinopathy,"high quality fundus photograph of an eye with diabetic retinopathy, microaneurysms, hemorrhages, exudates, neovascularization, medical ophthalmology image, detailed retinal view, clinical photography"
10966_right.jpeg,diabetic_retinopathy,"high quality fundus photograph of an eye with diabetic retinopathy, microaneurysms, hemorrhages, exudates, neovascularization, medical ophthalmology image, detailed retinal view, clinical photography"
10969_left.jpeg,diabetic_retinopathy,"high quality fundus photograph of an eye with diabetic retinopathy, microaneurysms, hemorrhages, exudates, neovascularization, medical ophthalmology image, detailed retinal view, clinical photography"
10969_right.jpeg,diabetic_retinopathy,"high quality fundus photograph of an eye with diabetic retinopathy, microaneurysms, hemorrhages, exudates, neovascularization, medical ophthalmology image, detailed retinal view, clinical photography"
1096_left.jpeg,diabetic_retinopathy,"high quality fundus photograph of an eye with diabetic retinopathy, microaneurysms, hemorrhages, exudates, neovascularization, medical ophthalmology image, detailed retinal view, clinical photography"
1096_right.jpeg,diabetic_retinopathy,"high quality fundus photograph of an eye with diabetic retinopathy, microaneurysms, hemorrhages, exudates, neovascularization, medical ophthalmology image, detailed retinal view, clinical photography"
10970_left.jpeg,diabetic_retinopathy,"high quality fundus photograph of an eye with diabetic retinopathy, microaneurysms, hemorrhages, exudates, neovascularization, medical ophthalmology image, detailed retinal view, clinical photography"
10970_right.jpeg,diabetic_retinopathy,"high quality fundus photograph of an eye with diabetic retinopathy, microaneurysms, hemorrhages, exudates, neovascularization, medical ophthalmology image, detailed retinal view, clinical photography"
10974_left.jpeg,diabetic_retinopathy,"high quality fundus photograph of an eye with diabetic retinopathy, microaneurysms, hemorrhages, exudates, neovascularization, medical ophthalmology image, detailed retinal view, clinical photography"
10974_right.jpeg,diabetic_retinopathy,"high quality fundus photograph of an eye with diabetic retinopathy, microaneurysms, hemorrhages, exudates, neovascularization, medical ophthalmology image, detailed retinal view, clinical photography"
10975_left.jpeg,diabetic_retinopathy,"high quality fundus photograph of an eye with diabetic retinopathy, microaneurysms, hemorrhages, exudates, neovascularization, medical ophthalmology image, detailed retinal view, clinical photography"
10975_right.jpeg,diabetic_retinopathy,"high quality fundus photograph of an eye with diabetic retinopathy, microaneurysms, hemorrhages, exudates, neovascularization, medical ophthalmology image, detailed retinal view, clinical photography"
10976_left.jpeg,diabetic_retinopathy,"high quality fundus photograph of an eye with diabetic retinopathy, microaneurysms, hemorrhages, exudates, neovascularization, medical ophthalmology image, detailed retinal view, clinical photography"
10976_right.jpeg,diabetic_retinopathy,"high quality fundus photograph of an eye with diabetic retinopathy, microaneurysms, hemorrhages, exudates, neovascularization, medical ophthalmology image, detailed retinal view, clinical photography"
10977_left.jpeg,diabetic_retinopathy,"high quality fundus photograph of an eye with diabetic retinopathy, microaneurysms, hemorrhages, exudates, neovascularization, medical ophthalmology image, detailed retinal view, clinical photography"
10977_right.jpeg,diabetic_retinopathy,"high quality fundus photograph of an eye with diabetic retinopathy, microaneurysms, hemorrhages, exudates, neovascularization, medical ophthalmology image, detailed retinal view, clinical photography"
10983_left.jpeg,diabetic_retinopathy,"high quality fundus photograph of an eye with diabetic retinopathy, microaneurysms, hemorrhages, exudates, neovascularization, medical ophthalmology image, detailed retinal view, clinical photography"
10983_right.jpeg,diabetic_retinopathy,"high quality fundus photograph of an eye with diabetic retinopathy, microaneurysms, hemorrhages, exudates, neovascularization, medical ophthalmology image, detailed retinal view, clinical photography"
10987_left.jpeg,diabetic_retinopathy,"high quality fundus photograph of an eye with diabetic retinopathy, microaneurysms, hemorrhages, exudates, neovascularization, medical ophthalmology image, detailed retinal view, clinical photography"
10987_right.jpeg,diabetic_retinopathy,"high quality fundus photograph of an eye with diabetic retinopathy, microaneurysms, hemorrhages, exudates, neovascularization, medical ophthalmology image, detailed retinal view, clinical photography"
10988_left.jpeg,diabetic_retinopathy,"high quality fundus photograph of an eye with diabetic retinopathy, microaneurysms, hemorrhages, exudates, neovascularization, medical ophthalmology image, detailed retinal view, clinical photography"
10988_right.jpeg,diabetic_retinopathy,"high quality fundus photograph of an eye with diabetic retinopathy, microaneurysms, hemorrhages, exudates, neovascularization, medical ophthalmology image, detailed retinal view, clinical photography"
10989_left.jpeg,diabetic_retinopathy,"high quality fundus photograph of an eye with diabetic retinopathy, microaneurysms, hemorrhages, exudates, neovascularization, medical ophthalmology image, detailed retinal view, clinical photography"
10989_right.jpeg,diabetic_retinopathy,"high quality fundus photograph of an eye with diabetic retinopathy, microaneurysms, hemorrhages, exudates, neovascularization, medical ophthalmology image, detailed retinal view, clinical photography"
1098_left.jpeg,diabetic_retinopathy,"high quality fundus photograph of an eye with diabetic retinopathy, microaneurysms, hemorrhages, exudates, neovascularization, medical ophthalmology image, detailed retinal view, clinical photography"
1098_right.jpeg,diabetic_retinopathy,"high quality fundus photograph of an eye with diabetic retinopathy, microaneurysms, hemorrhages, exudates, neovascularization, medical ophthalmology image, detailed retinal view, clinical photography"
10994_left.jpeg,diabetic_retinopathy,"high quality fundus photograph of an eye with diabetic retinopathy, microaneurysms, hemorrhages, exudates, neovascularization, medical ophthalmology image, detailed retinal view, clinical photography"
10994_right.jpeg,diabetic_retinopathy,"high quality fundus photograph of an eye with diabetic retinopathy, microaneurysms, hemorrhages, exudates, neovascularization, medical ophthalmology image, detailed retinal view, clinical photography"
11003_left.jpeg,diabetic_retinopathy,"high quality fundus photograph of an eye with diabetic retinopathy, microaneurysms, hemorrhages, exudates, neovascularization, medical ophthalmology image, detailed retinal view, clinical photography"
11003_right.jpeg,diabetic_retinopathy,"high quality fundus photograph of an eye with diabetic retinopathy, microaneurysms, hemorrhages, exudates, neovascularization, medical ophthalmology image, detailed retinal view, clinical photography"
11005_left.jpeg,diabetic_retinopathy,"high quality fundus photograph of an eye with diabetic retinopathy, microaneurysms, hemorrhages, exudates, neovascularization, medical ophthalmology image, detailed retinal view, clinical photography"
11005_right.jpeg,diabetic_retinopathy,"high quality fundus photograph of an eye with diabetic retinopathy, microaneurysms, hemorrhages, exudates, neovascularization, medical ophthalmology image, detailed retinal view, clinical photography"
11007_left.jpeg,diabetic_retinopathy,"high quality fundus photograph of an eye with diabetic retinopathy, microaneurysms, hemorrhages, exudates, neovascularization, medical ophthalmology image, detailed retinal view, clinical photography"
11007_right.jpeg,diabetic_retinopathy,"high quality fundus photograph of an eye with diabetic retinopathy, microaneurysms, hemorrhages, exudates, neovascularization, medical ophthalmology image, detailed retinal view, clinical photography"
11008_left.jpeg,diabetic_retinopathy,"high quality fundus photograph of an eye with diabetic retinopathy, microaneurysms, hemorrhages, exudates, neovascularization, medical ophthalmology image, detailed retinal view, clinical photography"
11008_right.jpeg,diabetic_retinopathy,"high quality fundus photograph of an eye with diabetic retinopathy, microaneurysms, hemorrhages, exudates, neovascularization, medical ophthalmology image, detailed retinal view, clinical photography"
1100_left.jpeg,diabetic_retinopathy,"high quality fundus photograph of an eye with diabetic retinopathy, microaneurysms, hemorrhages, exudates, neovascularization, medical ophthalmology image, detailed retinal view, clinical photography"
1100_right.jpeg,diabetic_retinopathy,"high quality fundus photograph of an eye with diabetic retinopathy, microaneurysms, hemorrhages, exudates, neovascularization, medical ophthalmology image, detailed retinal view, clinical photography"
11013_left.jpeg,diabetic_retinopathy,"high quality fundus photograph of an eye with diabetic retinopathy, microaneurysms, hemorrhages, exudates, neovascularization, medical ophthalmology image, detailed retinal view, clinical photography"
11013_right.jpeg,diabetic_retinopathy,"high quality fundus photograph of an eye with diabetic retinopathy, microaneurysms, hemorrhages, exudates, neovascularization, medical ophthalmology image, detailed retinal view, clinical photography"
11023_left.jpeg,diabetic_retinopathy,"high quality fundus photograph of an eye with diabetic retinopathy, microaneurysms, hemorrhages, exudates, neovascularization, medical ophthalmology image, detailed retinal view, clinical photography"
11023_right.jpeg,diabetic_retinopathy,"high quality fundus photograph of an eye with diabetic retinopathy, microaneurysms, hemorrhages, exudates, neovascularization, medical ophthalmology image, detailed retinal view, clinical photography"
11026_left.jpeg,diabetic_retinopathy,"high quality fundus photograph of an eye with diabetic retinopathy, microaneurysms, hemorrhages, exudates, neovascularization, medical ophthalmology image, detailed retinal view, clinical photography"
11026_right.jpeg,diabetic_retinopathy,"high quality fundus photograph of an eye with diabetic retinopathy, microaneurysms, hemorrhages, exudates, neovascularization, medical ophthalmology image, detailed retinal view, clinical photography"
1102_left.jpeg,diabetic_retinopathy,"high quality fundus photograph of an eye with diabetic retinopathy, microaneurysms, hemorrhages, exudates, neovascularization, medical ophthalmology image, detailed retinal view, clinical photography"
1102_right.jpeg,diabetic_retinopathy,"high quality fundus photograph of an eye with diabetic retinopathy, microaneurysms, hemorrhages, exudates, neovascularization, medical ophthalmology image, detailed retinal view, clinical photography"
11032_left.jpeg,diabetic_retinopathy,"high quality fundus photograph of an eye with diabetic retinopathy, microaneurysms, hemorrhages, exudates, neovascularization, medical ophthalmology image, detailed retinal view, clinical photography"
11032_right.jpeg,diabetic_retinopathy,"high quality fundus photograph of an eye with diabetic retinopathy, microaneurysms, hemorrhages, exudates, neovascularization, medical ophthalmology image, detailed retinal view, clinical photography"
11037_left.jpeg,diabetic_retinopathy,"high quality fundus photograph of an eye with diabetic retinopathy, microaneurysms, hemorrhages, exudates, neovascularization, medical ophthalmology image, detailed retinal view, clinical photography"
11037_right.jpeg,diabetic_retinopathy,"high quality fundus photograph of an eye with diabetic retinopathy, microaneurysms, hemorrhages, exudates, neovascularization, medical ophthalmology image, detailed retinal view, clinical photography"
11040_left.jpeg,diabetic_retinopathy,"high quality fundus photograph of an eye with diabetic retinopathy, microaneurysms, hemorrhages, exudates, neovascularization, medical ophthalmology image, detailed retinal view, clinical photography"
11040_right.jpeg,diabetic_retinopathy,"high quality fundus photograph of an eye with diabetic retinopathy, microaneurysms, hemorrhages, exudates, neovascularization, medical ophthalmology image, detailed retinal view, clinical photography"
11049_left.jpeg,diabetic_retinopathy,"high quality fundus photograph of an eye with diabetic retinopathy, microaneurysms, hemorrhages, exudates, neovascularization, medical ophthalmology image, detailed retinal view, clinical photography"
11049_right.jpeg,diabetic_retinopathy,"high quality fundus photograph of an eye with diabetic retinopathy, microaneurysms, hemorrhages, exudates, neovascularization, medical ophthalmology image, detailed retinal view, clinical photography"
11050_left.jpeg,diabetic_retinopathy,"high quality fundus photograph of an eye with diabetic retinopathy, microaneurysms, hemorrhages, exudates, neovascularization, medical ophthalmology image, detailed retinal view, clinical photography"
11050_right.jpeg,diabetic_retinopathy,"high quality fundus photograph of an eye with diabetic retinopathy, microaneurysms, hemorrhages, exudates, neovascularization, medical ophthalmology image, detailed retinal view, clinical photography"
11053_left.jpeg,diabetic_retinopathy,"high quality fundus photograph of an eye with diabetic retinopathy, microaneurysms, hemorrhages, exudates, neovascularization, medical ophthalmology image, detailed retinal view, clinical photography"
11053_right.jpeg,diabetic_retinopathy,"high quality fundus photograph of an eye with diabetic retinopathy, microaneurysms, hemorrhages, exudates, neovascularization, medical ophthalmology image, detailed retinal view, clinical photography"
11057_left.jpeg,diabetic_retinopathy,"high quality fundus photograph of an eye with diabetic retinopathy, microaneurysms, hemorrhages, exudates, neovascularization, medical ophthalmology image, detailed retinal view, clinical photography"
11057_right.jpeg,diabetic_retinopathy,"high quality fundus photograph of an eye with diabetic retinopathy, microaneurysms, hemorrhages, exudates, neovascularization, medical ophthalmology image, detailed retinal view, clinical photography"
11058_left.jpeg,diabetic_retinopathy,"high quality fundus photograph of an eye with diabetic retinopathy, microaneurysms, hemorrhages, exudates, neovascularization, medical ophthalmology image, detailed retinal view, clinical photography"
11058_right.jpeg,diabetic_retinopathy,"high quality fundus photograph of an eye with diabetic retinopathy, microaneurysms, hemorrhages, exudates, neovascularization, medical ophthalmology image, detailed retinal view, clinical photography"
11067_left.jpeg,diabetic_retinopathy,"high quality fundus photograph of an eye with diabetic retinopathy, microaneurysms, hemorrhages, exudates, neovascularization, medical ophthalmology image, detailed retinal view, clinical photography"
11067_right.jpeg,diabetic_retinopathy,"high quality fundus photograph of an eye with diabetic retinopathy, microaneurysms, hemorrhages, exudates, neovascularization, medical ophthalmology image, detailed retinal view, clinical photography"
11080_left.jpeg,diabetic_retinopathy,"high quality fundus photograph of an eye with diabetic retinopathy, microaneurysms, hemorrhages, exudates, neovascularization, medical ophthalmology image, detailed retinal view, clinical photography"
11080_right.jpeg,diabetic_retinopathy,"high quality fundus photograph of an eye with diabetic retinopathy, microaneurysms, hemorrhages, exudates, neovascularization, medical ophthalmology image, detailed retinal view, clinical photography"
11087_left.jpeg,diabetic_retinopathy,"high quality fundus photograph of an eye with diabetic retinopathy, microaneurysms, hemorrhages, exudates, neovascularization, medical ophthalmology image, detailed retinal view, clinical photography"
11087_right.jpeg,diabetic_retinopathy,"high quality fundus photograph of an eye with diabetic retinopathy, microaneurysms, hemorrhages, exudates, neovascularization, medical ophthalmology image, detailed retinal view, clinical photography"
11091_left.jpeg,diabetic_retinopathy,"high quality fundus photograph of an eye with diabetic retinopathy, microaneurysms, hemorrhages, exudates, neovascularization, medical ophthalmology image, detailed retinal view, clinical photography"
11091_right.jpeg,diabetic_retinopathy,"high quality fundus photograph of an eye with diabetic retinopathy, microaneurysms, hemorrhages, exudates, neovascularization, medical ophthalmology image, detailed retinal view, clinical photography"
11098_left.jpeg,diabetic_retinopathy,"high quality fundus photograph of an eye with diabetic retinopathy, microaneurysms, hemorrhages, exudates, neovascularization, medical ophthalmology image, detailed retinal view, clinical photography"
11098_right.jpeg,diabetic_retinopathy,"high quality fundus photograph of an eye with diabetic retinopathy, microaneurysms, hemorrhages, exudates, neovascularization, medical ophthalmology image, detailed retinal view, clinical photography"
11113_left.jpeg,diabetic_retinopathy,"high quality fundus photograph of an eye with diabetic retinopathy, microaneurysms, hemorrhages, exudates, neovascularization, medical ophthalmology image, detailed retinal view, clinical photography"
11113_right.jpeg,diabetic_retinopathy,"high quality fundus photograph of an eye with diabetic retinopathy, microaneurysms, hemorrhages, exudates, neovascularization, medical ophthalmology image, detailed retinal view, clinical photography"
11114_left.jpeg,diabetic_retinopathy,"high quality fundus photograph of an eye with diabetic retinopathy, microaneurysms, hemorrhages, exudates, neovascularization, medical ophthalmology image, detailed retinal view, clinical photography"
11114_right.jpeg,diabetic_retinopathy,"high quality fundus photograph of an eye with diabetic retinopathy, microaneurysms, hemorrhages, exudates, neovascularization, medical ophthalmology image, detailed retinal view, clinical photography"
11115_left.jpeg,diabetic_retinopathy,"high quality fundus photograph of an eye with diabetic retinopathy, microaneurysms, hemorrhages, exudates, neovascularization, medical ophthalmology image, detailed retinal view, clinical photography"
11115_right.jpeg,diabetic_retinopathy,"high quality fundus photograph of an eye with diabetic retinopathy, microaneurysms, hemorrhages, exudates, neovascularization, medical ophthalmology image, detailed retinal view, clinical photography"
11117_left.jpeg,diabetic_retinopathy,"high quality fundus photograph of an eye with diabetic retinopathy, microaneurysms, hemorrhages, exudates, neovascularization, medical ophthalmology image, detailed retinal view, clinical photography"
11117_right.jpeg,diabetic_retinopathy,"high quality fundus photograph of an eye with diabetic retinopathy, microaneurysms, hemorrhages, exudates, neovascularization, medical ophthalmology image, detailed retinal view, clinical photography"
11119_left.jpeg,diabetic_retinopathy,"high quality fundus photograph of an eye with diabetic retinopathy, microaneurysms, hemorrhages, exudates, neovascularization, medical ophthalmology image, detailed retinal view, clinical photography"
11119_right.jpeg,diabetic_retinopathy,"high quality fundus photograph of an eye with diabetic retinopathy, microaneurysms, hemorrhages, exudates, neovascularization, medical ophthalmology image, detailed retinal view, clinical photography"
1111_left.jpeg,diabetic_retinopathy,"high quality fundus photograph of an eye with diabetic retinopathy, microaneurysms, hemorrhages, exudates, neovascularization, medical ophthalmology image, detailed retinal view, clinical photography"
1111_right.jpeg,diabetic_retinopathy,"high quality fundus photograph of an eye with diabetic retinopathy, microaneurysms, hemorrhages, exudates, neovascularization, medical ophthalmology image, detailed retinal view, clinical photography"
11120_left.jpeg,diabetic_retinopathy,"high quality fundus photograph of an eye with diabetic retinopathy, microaneurysms, hemorrhages, exudates, neovascularization, medical ophthalmology image, detailed retinal view, clinical photography"
11120_right.jpeg,diabetic_retinopathy,"high quality fundus photograph of an eye with diabetic retinopathy, microaneurysms, hemorrhages, exudates, neovascularization, medical ophthalmology image, detailed retinal view, clinical photography"
11121_left.jpeg,diabetic_retinopathy,"high quality fundus photograph of an eye with diabetic retinopathy, microaneurysms, hemorrhages, exudates, neovascularization, medical ophthalmology image, detailed retinal view, clinical photography"
11121_right.jpeg,diabetic_retinopathy,"high quality fundus photograph of an eye with diabetic retinopathy, microaneurysms, hemorrhages, exudates, neovascularization, medical ophthalmology image, detailed retinal view, clinical photography"
11122_left.jpeg,diabetic_retinopathy,"high quality fundus photograph of an eye with diabetic retinopathy, microaneurysms, hemorrhages, exudates, neovascularization, medical ophthalmology image, detailed retinal view, clinical photography"
11122_right.jpeg,diabetic_retinopathy,"high quality fundus photograph of an eye with diabetic retinopathy, microaneurysms, hemorrhages, exudates, neovascularization, medical ophthalmology image, detailed retinal view, clinical photography"
11123_left.jpeg,diabetic_retinopathy,"high quality fundus photograph of an eye with diabetic retinopathy, microaneurysms, hemorrhages, exudates, neovascularization, medical ophthalmology image, detailed retinal view, clinical photography"
11123_right.jpeg,diabetic_retinopathy,"high quality fundus photograph of an eye with diabetic retinopathy, microaneurysms, hemorrhages, exudates, neovascularization, medical ophthalmology image, detailed retinal view, clinical photography"
11124_left.jpeg,diabetic_retinopathy,"high quality fundus photograph of an eye with diabetic retinopathy, microaneurysms, hemorrhages, exudates, neovascularization, medical ophthalmology image, detailed retinal view, clinical photography"
11124_right.jpeg,diabetic_retinopathy,"high quality fundus photograph of an eye with diabetic retinopathy, microaneurysms, hemorrhages, exudates, neovascularization, medical ophthalmology image, detailed retinal view, clinical photography"
11127_left.jpeg,diabetic_retinopathy,"high quality fundus photograph of an eye with diabetic retinopathy, microaneurysms, hemorrhages, exudates, neovascularization, medical ophthalmology image, detailed retinal view, clinical photography"
11127_right.jpeg,diabetic_retinopathy,"high quality fundus photograph of an eye with diabetic retinopathy, microaneurysms, hemorrhages, exudates, neovascularization, medical ophthalmology image, detailed retinal view, clinical photography"
11130_left.jpeg,diabetic_retinopathy,"high quality fundus photograph of an eye with diabetic retinopathy, microaneurysms, hemorrhages, exudates, neovascularization, medical ophthalmology image, detailed retinal view, clinical photography"
11130_right.jpeg,diabetic_retinopathy,"high quality fundus photograph of an eye with diabetic retinopathy, microaneurysms, hemorrhages, exudates, neovascularization, medical ophthalmology image, detailed retinal view, clinical photography"
11136_left.jpeg,diabetic_retinopathy,"high quality fundus photograph of an eye with diabetic retinopathy, microaneurysms, hemorrhages, exudates, neovascularization, medical ophthalmology image, detailed retinal view, clinical photography"
11136_right.jpeg,diabetic_retinopathy,"high quality fundus photograph of an eye with diabetic retinopathy, microaneurysms, hemorrhages, exudates, neovascularization, medical ophthalmology image, detailed retinal view, clinical photography"
1113_left.jpeg,diabetic_retinopathy,"high quality fundus photograph of an eye with diabetic retinopathy, microaneurysms, hemorrhages, exudates, neovascularization, medical ophthalmology image, detailed retinal view, clinical photography"
1113_right.jpeg,diabetic_retinopathy,"high quality fundus photograph of an eye with diabetic retinopathy, microaneurysms, hemorrhages, exudates, neovascularization, medical ophthalmology image, detailed retinal view, clinical photography"
11142_left.jpeg,diabetic_retinopathy,"high quality fundus photograph of an eye with diabetic retinopathy, microaneurysms, hemorrhages, exudates, neovascularization, medical ophthalmology image, detailed retinal view, clinical photography"
11142_right.jpeg,diabetic_retinopathy,"high quality fundus photograph of an eye with diabetic retinopathy, microaneurysms, hemorrhages, exudates, neovascularization, medical ophthalmology image, detailed retinal view, clinical photography"
11147_left.jpeg,diabetic_retinopathy,"high quality fundus photograph of an eye with diabetic retinopathy, microaneurysms, hemorrhages, exudates, neovascularization, medical ophthalmology image, detailed retinal view, clinical photography"
11147_right.jpeg,diabetic_retinopathy,"high quality fundus photograph of an eye with diabetic retinopathy, microaneurysms, hemorrhages, exudates, neovascularization, medical ophthalmology image, detailed retinal view, clinical photography"
11152_left.jpeg,diabetic_retinopathy,"high quality fundus photograph of an eye with diabetic retinopathy, microaneurysms, hemorrhages, exudates, neovascularization, medical ophthalmology image, detailed retinal view, clinical photography"
11152_right.jpeg,diabetic_retinopathy,"high quality fundus photograph of an eye with diabetic retinopathy, microaneurysms, hemorrhages, exudates, neovascularization, medical ophthalmology image, detailed retinal view, clinical photography"
11153_left.jpeg,diabetic_retinopathy,"high quality fundus photograph of an eye with diabetic retinopathy, microaneurysms, hemorrhages, exudates, neovascularization, medical ophthalmology image, detailed retinal view, clinical photography"
11153_right.jpeg,diabetic_retinopathy,"high quality fundus photograph of an eye with diabetic retinopathy, microaneurysms, hemorrhages, exudates, neovascularization, medical ophthalmology image, detailed retinal view, clinical photography"
11155_left.jpeg,diabetic_retinopathy,"high quality fundus photograph of an eye with diabetic retinopathy, microaneurysms, hemorrhages, exudates, neovascularization, medical ophthalmology image, detailed retinal view, clinical photography"
11155_right.jpeg,diabetic_retinopathy,"high quality fundus photograph of an eye with diabetic retinopathy, microaneurysms, hemorrhages, exudates, neovascularization, medical ophthalmology image, detailed retinal view, clinical photography"
11156_left.jpeg,diabetic_retinopathy,"high quality fundus photograph of an eye with diabetic retinopathy, microaneurysms, hemorrhages, exudates, neovascularization, medical ophthalmology image, detailed retinal view, clinical photography"
11156_right.jpeg,diabetic_retinopathy,"high quality fundus photograph of an eye with diabetic retinopathy, microaneurysms, hemorrhages, exudates, neovascularization, medical ophthalmology image, detailed retinal view, clinical photography"
11157_left.jpeg,diabetic_retinopathy,"high quality fundus photograph of an eye with diabetic retinopathy, microaneurysms, hemorrhages, exudates, neovascularization, medical ophthalmology image, detailed retinal view, clinical photography"
11157_right.jpeg,diabetic_retinopathy,"high quality fundus photograph of an eye with diabetic retinopathy, microaneurysms, hemorrhages, exudates, neovascularization, medical ophthalmology image, detailed retinal view, clinical photography"
11159_left.jpeg,diabetic_retinopathy,"high quality fundus photograph of an eye with diabetic retinopathy, microaneurysms, hemorrhages, exudates, neovascularization, medical ophthalmology image, detailed retinal view, clinical photography"
11159_right.jpeg,diabetic_retinopathy,"high quality fundus photograph of an eye with diabetic retinopathy, microaneurysms, hemorrhages, exudates, neovascularization, medical ophthalmology image, detailed retinal view, clinical photography"
11161_left.jpeg,diabetic_retinopathy,"high quality fundus photograph of an eye with diabetic retinopathy, microaneurysms, hemorrhages, exudates, neovascularization, medical ophthalmology image, detailed retinal view, clinical photography"
11161_right.jpeg,diabetic_retinopathy,"high quality fundus photograph of an eye with diabetic retinopathy, microaneurysms, hemorrhages, exudates, neovascularization, medical ophthalmology image, detailed retinal view, clinical photography"
11164_left.jpeg,diabetic_retinopathy,"high quality fundus photograph of an eye with diabetic retinopathy, microaneurysms, hemorrhages, exudates, neovascularization, medical ophthalmology image, detailed retinal view, clinical photography"
11164_right.jpeg,diabetic_retinopathy,"high quality fundus photograph of an eye with diabetic retinopathy, microaneurysms, hemorrhages, exudates, neovascularization, medical ophthalmology image, detailed retinal view, clinical photography"
11165_left.jpeg,diabetic_retinopathy,"high quality fundus photograph of an eye with diabetic retinopathy, microaneurysms, hemorrhages, exudates, neovascularization, medical ophthalmology image, detailed retinal view, clinical photography"
11165_right.jpeg,diabetic_retinopathy,"high quality fundus photograph of an eye with diabetic retinopathy, microaneurysms, hemorrhages, exudates, neovascularization, medical ophthalmology image, detailed retinal view, clinical photography"
11169_left.jpeg,diabetic_retinopathy,"high quality fundus photograph of an eye with diabetic retinopathy, microaneurysms, hemorrhages, exudates, neovascularization, medical ophthalmology image, detailed retinal view, clinical photography"
11169_right.jpeg,diabetic_retinopathy,"high quality fundus photograph of an eye with diabetic retinopathy, microaneurysms, hemorrhages, exudates, neovascularization, medical ophthalmology image, detailed retinal view, clinical photography"
11176_left.jpeg,diabetic_retinopathy,"high quality fundus photograph of an eye with diabetic retinopathy, microaneurysms, hemorrhages, exudates, neovascularization, medical ophthalmology image, detailed retinal view, clinical photography"
11176_right.jpeg,diabetic_retinopathy,"high quality fundus photograph of an eye with diabetic retinopathy, microaneurysms, hemorrhages, exudates, neovascularization, medical ophthalmology image, detailed retinal view, clinical photography"
11181_left.jpeg,diabetic_retinopathy,"high quality fundus photograph of an eye with diabetic retinopathy, microaneurysms, hemorrhages, exudates, neovascularization, medical ophthalmology image, detailed retinal view, clinical photography"
11181_right.jpeg,diabetic_retinopathy,"high quality fundus photograph of an eye with diabetic retinopathy, microaneurysms, hemorrhages, exudates, neovascularization, medical ophthalmology image, detailed retinal view, clinical photography"
11182_left.jpeg,diabetic_retinopathy,"high quality fundus photograph of an eye with diabetic retinopathy, microaneurysms, hemorrhages, exudates, neovascularization, medical ophthalmology image, detailed retinal view, clinical photography"
11182_right.jpeg,diabetic_retinopathy,"high quality fundus photograph of an eye with diabetic retinopathy, microaneurysms, hemorrhages, exudates, neovascularization, medical ophthalmology image, detailed retinal view, clinical photography"
11183_left.jpeg,diabetic_retinopathy,"high quality fundus photograph of an eye with diabetic retinopathy, microaneurysms, hemorrhages, exudates, neovascularization, medical ophthalmology image, detailed retinal view, clinical photography"
11183_right.jpeg,diabetic_retinopathy,"high quality fundus photograph of an eye with diabetic retinopathy, microaneurysms, hemorrhages, exudates, neovascularization, medical ophthalmology image, detailed retinal view, clinical photography"
11187_left.jpeg,diabetic_retinopathy,"high quality fundus photograph of an eye with diabetic retinopathy, microaneurysms, hemorrhages, exudates, neovascularization, medical ophthalmology image, detailed retinal view, clinical photography"
11187_right.jpeg,diabetic_retinopathy,"high quality fundus photograph of an eye with diabetic retinopathy, microaneurysms, hemorrhages, exudates, neovascularization, medical ophthalmology image, detailed retinal view, clinical photography"
11196_left.jpeg,diabetic_retinopathy,"high quality fundus photograph of an eye with diabetic retinopathy, microaneurysms, hemorrhages, exudates, neovascularization, medical ophthalmology image, detailed retinal view, clinical photography"
11196_right.jpeg,diabetic_retinopathy,"high quality fundus photograph of an eye with diabetic retinopathy, microaneurysms, hemorrhages, exudates, neovascularization, medical ophthalmology image, detailed retinal view, clinical photography"
11197_left.jpeg,diabetic_retinopathy,"high quality fundus photograph of an eye with diabetic retinopathy, microaneurysms, hemorrhages, exudates, neovascularization, medical ophthalmology image, detailed retinal view, clinical photography"
11197_right.jpeg,diabetic_retinopathy,"high quality fundus photograph of an eye with diabetic retinopathy, microaneurysms, hemorrhages, exudates, neovascularization, medical ophthalmology image, detailed retinal view, clinical photography"
11198_left.jpeg,diabetic_retinopathy,"high quality fundus photograph of an eye with diabetic retinopathy, microaneurysms, hemorrhages, exudates, neovascularization, medical ophthalmology image, detailed retinal view, clinical photography"
11198_right.jpeg,diabetic_retinopathy,"high quality fundus photograph of an eye with diabetic retinopathy, microaneurysms, hemorrhages, exudates, neovascularization, medical ophthalmology image, detailed retinal view, clinical photography"
111_left.jpeg,diabetic_retinopathy,"high quality fundus photograph of an eye with diabetic retinopathy, microaneurysms, hemorrhages, exudates, neovascularization, medical ophthalmology image, detailed retinal view, clinical photography"
111_right.jpeg,diabetic_retinopathy,"high quality fundus photograph of an eye with diabetic retinopathy, microaneurysms, hemorrhages, exudates, neovascularization, medical ophthalmology image, detailed retinal view, clinical photography"
11203_left.jpeg,diabetic_retinopathy,"high quality fundus photograph of an eye with diabetic retinopathy, microaneurysms, hemorrhages, exudates, neovascularization, medical ophthalmology image, detailed retinal view, clinical photography"
11203_right.jpeg,diabetic_retinopathy,"high quality fundus photograph of an eye with diabetic retinopathy, microaneurysms, hemorrhages, exudates, neovascularization, medical ophthalmology image, detailed retinal view, clinical photography"
11206_left.jpeg,diabetic_retinopathy,"high quality fundus photograph of an eye with diabetic retinopathy, microaneurysms, hemorrhages, exudates, neovascularization, medical ophthalmology image, detailed retinal view, clinical photography"
11206_right.jpeg,diabetic_retinopathy,"high quality fundus photograph of an eye with diabetic retinopathy, microaneurysms, hemorrhages, exudates, neovascularization, medical ophthalmology image, detailed retinal view, clinical photography"
11216_left.jpeg,diabetic_retinopathy,"high quality fundus photograph of an eye with diabetic retinopathy, microaneurysms, hemorrhages, exudates, neovascularization, medical ophthalmology image, detailed retinal view, clinical photography"
11216_right.jpeg,diabetic_retinopathy,"high quality fundus photograph of an eye with diabetic retinopathy, microaneurysms, hemorrhages, exudates, neovascularization, medical ophthalmology image, detailed retinal view, clinical photography"
11219_left.jpeg,diabetic_retinopathy,"high quality fundus photograph of an eye with diabetic retinopathy, microaneurysms, hemorrhages, exudates, neovascularization, medical ophthalmology image, detailed retinal view, clinical photography"
11219_right.jpeg,diabetic_retinopathy,"high quality fundus photograph of an eye with diabetic retinopathy, microaneurysms, hemorrhages, exudates, neovascularization, medical ophthalmology image, detailed retinal view, clinical photography"
11221_left.jpeg,diabetic_retinopathy,"high quality fundus photograph of an eye with diabetic retinopathy, microaneurysms, hemorrhages, exudates, neovascularization, medical ophthalmology image, detailed retinal view, clinical photography"
11221_right.jpeg,diabetic_retinopathy,"high quality fundus photograph of an eye with diabetic retinopathy, microaneurysms, hemorrhages, exudates, neovascularization, medical ophthalmology image, detailed retinal view, clinical photography"
11222_left.jpeg,diabetic_retinopathy,"high quality fundus photograph of an eye with diabetic retinopathy, microaneurysms, hemorrhages, exudates, neovascularization, medical ophthalmology image, detailed retinal view, clinical photography"
11222_right.jpeg,diabetic_retinopathy,"high quality fundus photograph of an eye with diabetic retinopathy, microaneurysms, hemorrhages, exudates, neovascularization, medical ophthalmology image, detailed retinal view, clinical photography"
11228_left.jpeg,diabetic_retinopathy,"high quality fundus photograph of an eye with diabetic retinopathy, microaneurysms, hemorrhages, exudates, neovascularization, medical ophthalmology image, detailed retinal view, clinical photography"
11228_right.jpeg,diabetic_retinopathy,"high quality fundus photograph of an eye with diabetic retinopathy, microaneurysms, hemorrhages, exudates, neovascularization, medical ophthalmology image, detailed retinal view, clinical photography"
11229_left.jpeg,diabetic_retinopathy,"high quality fundus photograph of an eye with diabetic retinopathy, microaneurysms, hemorrhages, exudates, neovascularization, medical ophthalmology image, detailed retinal view, clinical photography"
11229_right.jpeg,diabetic_retinopathy,"high quality fundus photograph of an eye with diabetic retinopathy, microaneurysms, hemorrhages, exudates, neovascularization, medical ophthalmology image, detailed retinal view, clinical photography"
11231_left.jpeg,diabetic_retinopathy,"high quality fundus photograph of an eye with diabetic retinopathy, microaneurysms, hemorrhages, exudates, neovascularization, medical ophthalmology image, detailed retinal view, clinical photography"
11231_right.jpeg,diabetic_retinopathy,"high quality fundus photograph of an eye with diabetic retinopathy, microaneurysms, hemorrhages, exudates, neovascularization, medical ophthalmology image, detailed retinal view, clinical photography"
11232_left.jpeg,diabetic_retinopathy,"high quality fundus photograph of an eye with diabetic retinopathy, microaneurysms, hemorrhages, exudates, neovascularization, medical ophthalmology image, detailed retinal view, clinical photography"
11232_right.jpeg,diabetic_retinopathy,"high quality fundus photograph of an eye with diabetic retinopathy, microaneurysms, hemorrhages, exudates, neovascularization, medical ophthalmology image, detailed retinal view, clinical photography"
11234_left.jpeg,diabetic_retinopathy,"high quality fundus photograph of an eye with diabetic retinopathy, microaneurysms, hemorrhages, exudates, neovascularization, medical ophthalmology image, detailed retinal view, clinical photography"
11234_right.jpeg,diabetic_retinopathy,"high quality fundus photograph of an eye with diabetic retinopathy, microaneurysms, hemorrhages, exudates, neovascularization, medical ophthalmology image, detailed retinal view, clinical photography"
1123_left.jpeg,diabetic_retinopathy,"high quality fundus photograph of an eye with diabetic retinopathy, microaneurysms, hemorrhages, exudates, neovascularization, medical ophthalmology image, detailed retinal view, clinical photography"
1123_right.jpeg,diabetic_retinopathy,"high quality fundus photograph of an eye with diabetic retinopathy, microaneurysms, hemorrhages, exudates, neovascularization, medical ophthalmology image, detailed retinal view, clinical photography"
11241_left.jpeg,diabetic_retinopathy,"high quality fundus photograph of an eye with diabetic retinopathy, microaneurysms, hemorrhages, exudates, neovascularization, medical ophthalmology image, detailed retinal view, clinical photography"
11241_right.jpeg,diabetic_retinopathy,"high quality fundus photograph of an eye with diabetic retinopathy, microaneurysms, hemorrhages, exudates, neovascularization, medical ophthalmology image, detailed retinal view, clinical photography"
11243_left.jpeg,diabetic_retinopathy,"high quality fundus photograph of an eye with diabetic retinopathy, microaneurysms, hemorrhages, exudates, neovascularization, medical ophthalmology image, detailed retinal view, clinical photography"
11243_right.jpeg,diabetic_retinopathy,"high quality fundus photograph of an eye with diabetic retinopathy, microaneurysms, hemorrhages, exudates, neovascularization, medical ophthalmology image, detailed retinal view, clinical photography"
11244_left.jpeg,diabetic_retinopathy,"high quality fundus photograph of an eye with diabetic retinopathy, microaneurysms, hemorrhages, exudates, neovascularization, medical ophthalmology image, detailed retinal view, clinical photography"
11244_right.jpeg,diabetic_retinopathy,"high quality fundus photograph of an eye with diabetic retinopathy, microaneurysms, hemorrhages, exudates, neovascularization, medical ophthalmology image, detailed retinal view, clinical photography"
11246_left.jpeg,diabetic_retinopathy,"high quality fundus photograph of an eye with diabetic retinopathy, microaneurysms, hemorrhages, exudates, neovascularization, medical ophthalmology image, detailed retinal view, clinical photography"
11246_right.jpeg,diabetic_retinopathy,"high quality fundus photograph of an eye with diabetic retinopathy, microaneurysms, hemorrhages, exudates, neovascularization, medical ophthalmology image, detailed retinal view, clinical photography"
11247_left.jpeg,diabetic_retinopathy,"high quality fundus photograph of an eye with diabetic retinopathy, microaneurysms, hemorrhages, exudates, neovascularization, medical ophthalmology image, detailed retinal view, clinical photography"
11247_right.jpeg,diabetic_retinopathy,"high quality fundus photograph of an eye with diabetic retinopathy, microaneurysms, hemorrhages, exudates, neovascularization, medical ophthalmology image, detailed retinal view, clinical photography"
11249_left.jpeg,diabetic_retinopathy,"high quality fundus photograph of an eye with diabetic retinopathy, microaneurysms, hemorrhages, exudates, neovascularization, medical ophthalmology image, detailed retinal view, clinical photography"
11249_right.jpeg,diabetic_retinopathy,"high quality fundus photograph of an eye with diabetic retinopathy, microaneurysms, hemorrhages, exudates, neovascularization, medical ophthalmology image, detailed retinal view, clinical photography"
11261_left.jpeg,diabetic_retinopathy,"high quality fundus photograph of an eye with diabetic retinopathy, microaneurysms, hemorrhages, exudates, neovascularization, medical ophthalmology image, detailed retinal view, clinical photography"
11261_right.jpeg,diabetic_retinopathy,"high quality fundus photograph of an eye with diabetic retinopathy, microaneurysms, hemorrhages, exudates, neovascularization, medical ophthalmology image, detailed retinal view, clinical photography"
11265_left.jpeg,diabetic_retinopathy,"high quality fundus photograph of an eye with diabetic retinopathy, microaneurysms, hemorrhages, exudates, neovascularization, medical ophthalmology image, detailed retinal view, clinical photography"
11265_right.jpeg,diabetic_retinopathy,"high quality fundus photograph of an eye with diabetic retinopathy, microaneurysms, hemorrhages, exudates, neovascularization, medical ophthalmology image, detailed retinal view, clinical photography"
11267_left.jpeg,diabetic_retinopathy,"high quality fundus photograph of an eye with diabetic retinopathy, microaneurysms, hemorrhages, exudates, neovascularization, medical ophthalmology image, detailed retinal view, clinical photography"
11267_right.jpeg,diabetic_retinopathy,"high quality fundus photograph of an eye with diabetic retinopathy, microaneurysms, hemorrhages, exudates, neovascularization, medical ophthalmology image, detailed retinal view, clinical photography"
11270_left.jpeg,diabetic_retinopathy,"high quality fundus photograph of an eye with diabetic retinopathy, microaneurysms, hemorrhages, exudates, neovascularization, medical ophthalmology image, detailed retinal view, clinical photography"
11270_right.jpeg,diabetic_retinopathy,"high quality fundus photograph of an eye with diabetic retinopathy, microaneurysms, hemorrhages, exudates, neovascularization, medical ophthalmology image, detailed retinal view, clinical photography"
11271_left.jpeg,diabetic_retinopathy,"high quality fundus photograph of an eye with diabetic retinopathy, microaneurysms, hemorrhages, exudates, neovascularization, medical ophthalmology image, detailed retinal view, clinical photography"
11271_right.jpeg,diabetic_retinopathy,"high quality fundus photograph of an eye with diabetic retinopathy, microaneurysms, hemorrhages, exudates, neovascularization, medical ophthalmology image, detailed retinal view, clinical photography"
11273_left.jpeg,diabetic_retinopathy,"high quality fundus photograph of an eye with diabetic retinopathy, microaneurysms, hemorrhages, exudates, neovascularization, medical ophthalmology image, detailed retinal view, clinical photography"
11273_right.jpeg,diabetic_retinopathy,"high quality fundus photograph of an eye with diabetic retinopathy, microaneurysms, hemorrhages, exudates, neovascularization, medical ophthalmology image, detailed retinal view, clinical photography"
11283_left.jpeg,diabetic_retinopathy,"high quality fundus photograph of an eye with diabetic retinopathy, microaneurysms, hemorrhages, exudates, neovascularization, medical ophthalmology image, detailed retinal view, clinical photography"
11283_right.jpeg,diabetic_retinopathy,"high quality fundus photograph of an eye with diabetic retinopathy, microaneurysms, hemorrhages, exudates, neovascularization, medical ophthalmology image, detailed retinal view, clinical photography"
11288_left.jpeg,diabetic_retinopathy,"high quality fundus photograph of an eye with diabetic retinopathy, microaneurysms, hemorrhages, exudates, neovascularization, medical ophthalmology image, detailed retinal view, clinical photography"
11288_right.jpeg,diabetic_retinopathy,"high quality fundus photograph of an eye with diabetic retinopathy, microaneurysms, hemorrhages, exudates, neovascularization, medical ophthalmology image, detailed retinal view, clinical photography"
11289_left.jpeg,diabetic_retinopathy,"high quality fundus photograph of an eye with diabetic retinopathy, microaneurysms, hemorrhages, exudates, neovascularization, medical ophthalmology image, detailed retinal view, clinical photography"
11289_right.jpeg,diabetic_retinopathy,"high quality fundus photograph of an eye with diabetic retinopathy, microaneurysms, hemorrhages, exudates, neovascularization, medical ophthalmology image, detailed retinal view, clinical photography"
11291_left.jpeg,diabetic_retinopathy,"high quality fundus photograph of an eye with diabetic retinopathy, microaneurysms, hemorrhages, exudates, neovascularization, medical ophthalmology image, detailed retinal view, clinical photography"
11291_right.jpeg,diabetic_retinopathy,"high quality fundus photograph of an eye with diabetic retinopathy, microaneurysms, hemorrhages, exudates, neovascularization, medical ophthalmology image, detailed retinal view, clinical photography"
11292_left.jpeg,diabetic_retinopathy,"high quality fundus photograph of an eye with diabetic retinopathy, microaneurysms, hemorrhages, exudates, neovascularization, medical ophthalmology image, detailed retinal view, clinical photography"
11292_right.jpeg,diabetic_retinopathy,"high quality fundus photograph of an eye with diabetic retinopathy, microaneurysms, hemorrhages, exudates, neovascularization, medical ophthalmology image, detailed retinal view, clinical photography"
11293_left.jpeg,diabetic_retinopathy,"high quality fundus photograph of an eye with diabetic retinopathy, microaneurysms, hemorrhages, exudates, neovascularization, medical ophthalmology image, detailed retinal view, clinical photography"
11293_right.jpeg,diabetic_retinopathy,"high quality fundus photograph of an eye with diabetic retinopathy, microaneurysms, hemorrhages, exudates, neovascularization, medical ophthalmology image, detailed retinal view, clinical photography"
11298_left.jpeg,diabetic_retinopathy,"high quality fundus photograph of an eye with diabetic retinopathy, microaneurysms, hemorrhages, exudates, neovascularization, medical ophthalmology image, detailed retinal view, clinical photography"
11298_right.jpeg,diabetic_retinopathy,"high quality fundus photograph of an eye with diabetic retinopathy, microaneurysms, hemorrhages, exudates, neovascularization, medical ophthalmology image, detailed retinal view, clinical photography"
11299_left.jpeg,diabetic_retinopathy,"high quality fundus photograph of an eye with diabetic retinopathy, microaneurysms, hemorrhages, exudates, neovascularization, medical ophthalmology image, detailed retinal view, clinical photography"
11299_right.jpeg,diabetic_retinopathy,"high quality fundus photograph of an eye with diabetic retinopathy, microaneurysms, hemorrhages, exudates, neovascularization, medical ophthalmology image, detailed retinal view, clinical photography"
11301_left.jpeg,diabetic_retinopathy,"high quality fundus photograph of an eye with diabetic retinopathy, microaneurysms, hemorrhages, exudates, neovascularization, medical ophthalmology image, detailed retinal view, clinical photography"
11301_right.jpeg,diabetic_retinopathy,"high quality fundus photograph of an eye with diabetic retinopathy, microaneurysms, hemorrhages, exudates, neovascularization, medical ophthalmology image, detailed retinal view, clinical photography"
11304_left.jpeg,diabetic_retinopathy,"high quality fundus photograph of an eye with diabetic retinopathy, microaneurysms, hemorrhages, exudates, neovascularization, medical ophthalmology image, detailed retinal view, clinical photography"
11304_right.jpeg,diabetic_retinopathy,"high quality fundus photograph of an eye with diabetic retinopathy, microaneurysms, hemorrhages, exudates, neovascularization, medical ophthalmology image, detailed retinal view, clinical photography"
11305_left.jpeg,diabetic_retinopathy,"high quality fundus photograph of an eye with diabetic retinopathy, microaneurysms, hemorrhages, exudates, neovascularization, medical ophthalmology image, detailed retinal view, clinical photography"
11305_right.jpeg,diabetic_retinopathy,"high quality fundus photograph of an eye with diabetic retinopathy, microaneurysms, hemorrhages, exudates, neovascularization, medical ophthalmology image, detailed retinal view, clinical photography"
11310_left.jpeg,diabetic_retinopathy,"high quality fundus photograph of an eye with diabetic retinopathy, microaneurysms, hemorrhages, exudates, neovascularization, medical ophthalmology image, detailed retinal view, clinical photography"
11310_right.jpeg,diabetic_retinopathy,"high quality fundus photograph of an eye with diabetic retinopathy, microaneurysms, hemorrhages, exudates, neovascularization, medical ophthalmology image, detailed retinal view, clinical photography"
11313_left.jpeg,diabetic_retinopathy,"high quality fundus photograph of an eye with diabetic retinopathy, microaneurysms, hemorrhages, exudates, neovascularization, medical ophthalmology image, detailed retinal view, clinical photography"
11313_right.jpeg,diabetic_retinopathy,"high quality fundus photograph of an eye with diabetic retinopathy, microaneurysms, hemorrhages, exudates, neovascularization, medical ophthalmology image, detailed retinal view, clinical photography"
11314_left.jpeg,diabetic_retinopathy,"high quality fundus photograph of an eye with diabetic retinopathy, microaneurysms, hemorrhages, exudates, neovascularization, medical ophthalmology image, detailed retinal view, clinical photography"
11314_right.jpeg,diabetic_retinopathy,"high quality fundus photograph of an eye with diabetic retinopathy, microaneurysms, hemorrhages, exudates, neovascularization, medical ophthalmology image, detailed retinal view, clinical photography"
11315_left.jpeg,diabetic_retinopathy,"high quality fundus photograph of an eye with diabetic retinopathy, microaneurysms, hemorrhages, exudates, neovascularization, medical ophthalmology image, detailed retinal view, clinical photography"
11315_right.jpeg,diabetic_retinopathy,"high quality fundus photograph of an eye with diabetic retinopathy, microaneurysms, hemorrhages, exudates, neovascularization, medical ophthalmology image, detailed retinal view, clinical photography"
11316_left.jpeg,diabetic_retinopathy,"high quality fundus photograph of an eye with diabetic retinopathy, microaneurysms, hemorrhages, exudates, neovascularization, medical ophthalmology image, detailed retinal view, clinical photography"
11316_right.jpeg,diabetic_retinopathy,"high quality fundus photograph of an eye with diabetic retinopathy, microaneurysms, hemorrhages, exudates, neovascularization, medical ophthalmology image, detailed retinal view, clinical photography"
11317_left.jpeg,diabetic_retinopathy,"high quality fundus photograph of an eye with diabetic retinopathy, microaneurysms, hemorrhages, exudates, neovascularization, medical ophthalmology image, detailed retinal view, clinical photography"
11317_right.jpeg,diabetic_retinopathy,"high quality fundus photograph of an eye with diabetic retinopathy, microaneurysms, hemorrhages, exudates, neovascularization, medical ophthalmology image, detailed retinal view, clinical photography"
11319_left.jpeg,diabetic_retinopathy,"high quality fundus photograph of an eye with diabetic retinopathy, microaneurysms, hemorrhages, exudates, neovascularization, medical ophthalmology image, detailed retinal view, clinical photography"
11319_right.jpeg,diabetic_retinopathy,"high quality fundus photograph of an eye with diabetic retinopathy, microaneurysms, hemorrhages, exudates, neovascularization, medical ophthalmology image, detailed retinal view, clinical photography"
1131_left.jpeg,diabetic_retinopathy,"high quality fundus photograph of an eye with diabetic retinopathy, microaneurysms, hemorrhages, exudates, neovascularization, medical ophthalmology image, detailed retinal view, clinical photography"
1131_right.jpeg,diabetic_retinopathy,"high quality fundus photograph of an eye with diabetic retinopathy, microaneurysms, hemorrhages, exudates, neovascularization, medical ophthalmology image, detailed retinal view, clinical photography"
11321_left.jpeg,diabetic_retinopathy,"high quality fundus photograph of an eye with diabetic retinopathy, microaneurysms, hemorrhages, exudates, neovascularization, medical ophthalmology image, detailed retinal view, clinical photography"
11321_right.jpeg,diabetic_retinopathy,"high quality fundus photograph of an eye with diabetic retinopathy, microaneurysms, hemorrhages, exudates, neovascularization, medical ophthalmology image, detailed retinal view, clinical photography"
11326_left.jpeg,diabetic_retinopathy,"high quality fundus photograph of an eye with diabetic retinopathy, microaneurysms, hemorrhages, exudates, neovascularization, medical ophthalmology image, detailed retinal view, clinical photography"
11326_right.jpeg,diabetic_retinopathy,"high quality fundus photograph of an eye with diabetic retinopathy, microaneurysms, hemorrhages, exudates, neovascularization, medical ophthalmology image, detailed retinal view, clinical photography"
11335_left.jpeg,diabetic_retinopathy,"high quality fundus photograph of an eye with diabetic retinopathy, microaneurysms, hemorrhages, exudates, neovascularization, medical ophthalmology image, detailed retinal view, clinical photography"
11335_right.jpeg,diabetic_retinopathy,"high quality fundus photograph of an eye with diabetic retinopathy, microaneurysms, hemorrhages, exudates, neovascularization, medical ophthalmology image, detailed retinal view, clinical photography"
1133_left.jpeg,diabetic_retinopathy,"high quality fundus photograph of an eye with diabetic retinopathy, microaneurysms, hemorrhages, exudates, neovascularization, medical ophthalmology image, detailed retinal view, clinical photography"
1133_right.jpeg,diabetic_retinopathy,"high quality fundus photograph of an eye with diabetic retinopathy, microaneurysms, hemorrhages, exudates, neovascularization, medical ophthalmology image, detailed retinal view, clinical photography"
11340_left.jpeg,diabetic_retinopathy,"high quality fundus photograph of an eye with diabetic retinopathy, microaneurysms, hemorrhages, exudates, neovascularization, medical ophthalmology image, detailed retinal view, clinical photography"
11340_right.jpeg,diabetic_retinopathy,"high quality fundus photograph of an eye with diabetic retinopathy, microaneurysms, hemorrhages, exudates, neovascularization, medical ophthalmology image, detailed retinal view, clinical photography"
11341_left.jpeg,diabetic_retinopathy,"high quality fundus photograph of an eye with diabetic retinopathy, microaneurysms, hemorrhages, exudates, neovascularization, medical ophthalmology image, detailed retinal view, clinical photography"
11341_right.jpeg,diabetic_retinopathy,"high quality fundus photograph of an eye with diabetic retinopathy, microaneurysms, hemorrhages, exudates, neovascularization, medical ophthalmology image, detailed retinal view, clinical photography"
11345_left.jpeg,diabetic_retinopathy,"high quality fundus photograph of an eye with diabetic retinopathy, microaneurysms, hemorrhages, exudates, neovascularization, medical ophthalmology image, detailed retinal view, clinical photography"
11345_right.jpeg,diabetic_retinopathy,"high quality fundus photograph of an eye with diabetic retinopathy, microaneurysms, hemorrhages, exudates, neovascularization, medical ophthalmology image, detailed retinal view, clinical photography"
11349_left.jpeg,diabetic_retinopathy,"high quality fundus photograph of an eye with diabetic retinopathy, microaneurysms, hemorrhages, exudates, neovascularization, medical ophthalmology image, detailed retinal view, clinical photography"
11349_right.jpeg,diabetic_retinopathy,"high quality fundus photograph of an eye with diabetic retinopathy, microaneurysms, hemorrhages, exudates, neovascularization, medical ophthalmology image, detailed retinal view, clinical photography"
11364_left.jpeg,diabetic_retinopathy,"high quality fundus photograph of an eye with diabetic retinopathy, microaneurysms, hemorrhages, exudates, neovascularization, medical ophthalmology image, detailed retinal view, clinical photography"
11364_right.jpeg,diabetic_retinopathy,"high quality fundus photograph of an eye with diabetic retinopathy, microaneurysms, hemorrhages, exudates, neovascularization, medical ophthalmology image, detailed retinal view, clinical photography"
11365_left.jpeg,diabetic_retinopathy,"high quality fundus photograph of an eye with diabetic retinopathy, microaneurysms, hemorrhages, exudates, neovascularization, medical ophthalmology image, detailed retinal view, clinical photography"
11365_right.jpeg,diabetic_retinopathy,"high quality fundus photograph of an eye with diabetic retinopathy, microaneurysms, hemorrhages, exudates, neovascularization, medical ophthalmology image, detailed retinal view, clinical photography"
1136_left.jpeg,diabetic_retinopathy,"high quality fundus photograph of an eye with diabetic retinopathy, microaneurysms, hemorrhages, exudates, neovascularization, medical ophthalmology image, detailed retinal view, clinical photography"
1136_right.jpeg,diabetic_retinopathy,"high quality fundus photograph of an eye with diabetic retinopathy, microaneurysms, hemorrhages, exudates, neovascularization, medical ophthalmology image, detailed retinal view, clinical photography"
11370_left.jpeg,diabetic_retinopathy,"high quality fundus photograph of an eye with diabetic retinopathy, microaneurysms, hemorrhages, exudates, neovascularization, medical ophthalmology image, detailed retinal view, clinical photography"
11370_right.jpeg,diabetic_retinopathy,"high quality fundus photograph of an eye with diabetic retinopathy, microaneurysms, hemorrhages, exudates, neovascularization, medical ophthalmology image, detailed retinal view, clinical photography"
11371_left.jpeg,diabetic_retinopathy,"high quality fundus photograph of an eye with diabetic retinopathy, microaneurysms, hemorrhages, exudates, neovascularization, medical ophthalmology image, detailed retinal view, clinical photography"
11371_right.jpeg,diabetic_retinopathy,"high quality fundus photograph of an eye with diabetic retinopathy, microaneurysms, hemorrhages, exudates, neovascularization, medical ophthalmology image, detailed retinal view, clinical photography"
11378_left.jpeg,diabetic_retinopathy,"high quality fundus photograph of an eye with diabetic retinopathy, microaneurysms, hemorrhages, exudates, neovascularization, medical ophthalmology image, detailed retinal view, clinical photography"
11378_right.jpeg,diabetic_retinopathy,"high quality fundus photograph of an eye with diabetic retinopathy, microaneurysms, hemorrhages, exudates, neovascularization, medical ophthalmology image, detailed retinal view, clinical photography"
11382_left.jpeg,diabetic_retinopathy,"high quality fundus photograph of an eye with diabetic retinopathy, microaneurysms, hemorrhages, exudates, neovascularization, medical ophthalmology image, detailed retinal view, clinical photography"
11382_right.jpeg,diabetic_retinopathy,"high quality fundus photograph of an eye with diabetic retinopathy, microaneurysms, hemorrhages, exudates, neovascularization, medical ophthalmology image, detailed retinal view, clinical photography"
11385_left.jpeg,diabetic_retinopathy,"high quality fundus photograph of an eye with diabetic retinopathy, microaneurysms, hemorrhages, exudates, neovascularization, medical ophthalmology image, detailed retinal view, clinical photography"
11385_right.jpeg,diabetic_retinopathy,"high quality fundus photograph of an eye with diabetic retinopathy, microaneurysms, hemorrhages, exudates, neovascularization, medical ophthalmology image, detailed retinal view, clinical photography"
11387_left.jpeg,diabetic_retinopathy,"high quality fundus photograph of an eye with diabetic retinopathy, microaneurysms, hemorrhages, exudates, neovascularization, medical ophthalmology image, detailed retinal view, clinical photography"
11387_right.jpeg,diabetic_retinopathy,"high quality fundus photograph of an eye with diabetic retinopathy, microaneurysms, hemorrhages, exudates, neovascularization, medical ophthalmology image, detailed retinal view, clinical photography"
11388_left.jpeg,diabetic_retinopathy,"high quality fundus photograph of an eye with diabetic retinopathy, microaneurysms, hemorrhages, exudates, neovascularization, medical ophthalmology image, detailed retinal view, clinical photography"
11388_right.jpeg,diabetic_retinopathy,"high quality fundus photograph of an eye with diabetic retinopathy, microaneurysms, hemorrhages, exudates, neovascularization, medical ophthalmology image, detailed retinal view, clinical photography"
1138_left.jpeg,diabetic_retinopathy,"high quality fundus photograph of an eye with diabetic retinopathy, microaneurysms, hemorrhages, exudates, neovascularization, medical ophthalmology image, detailed retinal view, clinical photography"
1138_right.jpeg,diabetic_retinopathy,"high quality fundus photograph of an eye with diabetic retinopathy, microaneurysms, hemorrhages, exudates, neovascularization, medical ophthalmology image, detailed retinal view, clinical photography"
11391_left.jpeg,diabetic_retinopathy,"high quality fundus photograph of an eye with diabetic retinopathy, microaneurysms, hemorrhages, exudates, neovascularization, medical ophthalmology image, detailed retinal view, clinical photography"
11391_right.jpeg,diabetic_retinopathy,"high quality fundus photograph of an eye with diabetic retinopathy, microaneurysms, hemorrhages, exudates, neovascularization, medical ophthalmology image, detailed retinal view, clinical photography"
11392_left.jpeg,diabetic_retinopathy,"high quality fundus photograph of an eye with diabetic retinopathy, microaneurysms, hemorrhages, exudates, neovascularization, medical ophthalmology image, detailed retinal view, clinical photography"
11392_right.jpeg,diabetic_retinopathy,"high quality fundus photograph of an eye with diabetic retinopathy, microaneurysms, hemorrhages, exudates, neovascularization, medical ophthalmology image, detailed retinal view, clinical photography"
11393_left.jpeg,diabetic_retinopathy,"high quality fundus photograph of an eye with diabetic retinopathy, microaneurysms, hemorrhages, exudates, neovascularization, medical ophthalmology image, detailed retinal view, clinical photography"
11393_right.jpeg,diabetic_retinopathy,"high quality fundus photograph of an eye with diabetic retinopathy, microaneurysms, hemorrhages, exudates, neovascularization, medical ophthalmology image, detailed retinal view, clinical photography"
11394_left.jpeg,diabetic_retinopathy,"high quality fundus photograph of an eye with diabetic retinopathy, microaneurysms, hemorrhages, exudates, neovascularization, medical ophthalmology image, detailed retinal view, clinical photography"
11394_right.jpeg,diabetic_retinopathy,"high quality fundus photograph of an eye with diabetic retinopathy, microaneurysms, hemorrhages, exudates, neovascularization, medical ophthalmology image, detailed retinal view, clinical photography"
11397_left.jpeg,diabetic_retinopathy,"high quality fundus photograph of an eye with diabetic retinopathy, microaneurysms, hemorrhages, exudates, neovascularization, medical ophthalmology image, detailed retinal view, clinical photography"
11397_right.jpeg,diabetic_retinopathy,"high quality fundus photograph of an eye with diabetic retinopathy, microaneurysms, hemorrhages, exudates, neovascularization, medical ophthalmology image, detailed retinal view, clinical photography"
1139_left.jpeg,diabetic_retinopathy,"high quality fundus photograph of an eye with diabetic retinopathy, microaneurysms, hemorrhages, exudates, neovascularization, medical ophthalmology image, detailed retinal view, clinical photography"
1139_right.jpeg,diabetic_retinopathy,"high quality fundus photograph of an eye with diabetic retinopathy, microaneurysms, hemorrhages, exudates, neovascularization, medical ophthalmology image, detailed retinal view, clinical photography"
11407_left.jpeg,diabetic_retinopathy,"high quality fundus photograph of an eye with diabetic retinopathy, microaneurysms, hemorrhages, exudates, neovascularization, medical ophthalmology image, detailed retinal view, clinical photography"
11407_right.jpeg,diabetic_retinopathy,"high quality fundus photograph of an eye with diabetic retinopathy, microaneurysms, hemorrhages, exudates, neovascularization, medical ophthalmology image, detailed retinal view, clinical photography"
11408_left.jpeg,diabetic_retinopathy,"high quality fundus photograph of an eye with diabetic retinopathy, microaneurysms, hemorrhages, exudates, neovascularization, medical ophthalmology image, detailed retinal view, clinical photography"
11408_right.jpeg,diabetic_retinopathy,"high quality fundus photograph of an eye with diabetic retinopathy, microaneurysms, hemorrhages, exudates, neovascularization, medical ophthalmology image, detailed retinal view, clinical photography"
11409_left.jpeg,diabetic_retinopathy,"high quality fundus photograph of an eye with diabetic retinopathy, microaneurysms, hemorrhages, exudates, neovascularization, medical ophthalmology image, detailed retinal view, clinical photography"
11409_right.jpeg,diabetic_retinopathy,"high quality fundus photograph of an eye with diabetic retinopathy, microaneurysms, hemorrhages, exudates, neovascularization, medical ophthalmology image, detailed retinal view, clinical photography"
11417_left.jpeg,diabetic_retinopathy,"high quality fundus photograph of an eye with diabetic retinopathy, microaneurysms, hemorrhages, exudates, neovascularization, medical ophthalmology image, detailed retinal view, clinical photography"
11417_right.jpeg,diabetic_retinopathy,"high quality fundus photograph of an eye with diabetic retinopathy, microaneurysms, hemorrhages, exudates, neovascularization, medical ophthalmology image, detailed retinal view, clinical photography"
11420_left.jpeg,diabetic_retinopathy,"high quality fundus photograph of an eye with diabetic retinopathy, microaneurysms, hemorrhages, exudates, neovascularization, medical ophthalmology image, detailed retinal view, clinical photography"
11420_right.jpeg,diabetic_retinopathy,"high quality fundus photograph of an eye with diabetic retinopathy, microaneurysms, hemorrhages, exudates, neovascularization, medical ophthalmology image, detailed retinal view, clinical photography"
11421_left.jpeg,diabetic_retinopathy,"high quality fundus photograph of an eye with diabetic retinopathy, microaneurysms, hemorrhages, exudates, neovascularization, medical ophthalmology image, detailed retinal view, clinical photography"
11421_right.jpeg,diabetic_retinopathy,"high quality fundus photograph of an eye with diabetic retinopathy, microaneurysms, hemorrhages, exudates, neovascularization, medical ophthalmology image, detailed retinal view, clinical photography"
11425_left.jpeg,diabetic_retinopathy,"high quality fundus photograph of an eye with diabetic retinopathy, microaneurysms, hemorrhages, exudates, neovascularization, medical ophthalmology image, detailed retinal view, clinical photography"
11425_right.jpeg,diabetic_retinopathy,"high quality fundus photograph of an eye with diabetic retinopathy, microaneurysms, hemorrhages, exudates, neovascularization, medical ophthalmology image, detailed retinal view, clinical photography"
11428_left.jpeg,diabetic_retinopathy,"high quality fundus photograph of an eye with diabetic retinopathy, microaneurysms, hemorrhages, exudates, neovascularization, medical ophthalmology image, detailed retinal view, clinical photography"
11428_right.jpeg,diabetic_retinopathy,"high quality fundus photograph of an eye with diabetic retinopathy, microaneurysms, hemorrhages, exudates, neovascularization, medical ophthalmology image, detailed retinal view, clinical photography"
11432_left.jpeg,diabetic_retinopathy,"high quality fundus photograph of an eye with diabetic retinopathy, microaneurysms, hemorrhages, exudates, neovascularization, medical ophthalmology image, detailed retinal view, clinical photography"
11432_right.jpeg,diabetic_retinopathy,"high quality fundus photograph of an eye with diabetic retinopathy, microaneurysms, hemorrhages, exudates, neovascularization, medical ophthalmology image, detailed retinal view, clinical photography"
11435_left.jpeg,diabetic_retinopathy,"high quality fundus photograph of an eye with diabetic retinopathy, microaneurysms, hemorrhages, exudates, neovascularization, medical ophthalmology image, detailed retinal view, clinical photography"
11435_right.jpeg,diabetic_retinopathy,"high quality fundus photograph of an eye with diabetic retinopathy, microaneurysms, hemorrhages, exudates, neovascularization, medical ophthalmology image, detailed retinal view, clinical photography"
11437_left.jpeg,diabetic_retinopathy,"high quality fundus photograph of an eye with diabetic retinopathy, microaneurysms, hemorrhages, exudates, neovascularization, medical ophthalmology image, detailed retinal view, clinical photography"
11437_right.jpeg,diabetic_retinopathy,"high quality fundus photograph of an eye with diabetic retinopathy, microaneurysms, hemorrhages, exudates, neovascularization, medical ophthalmology image, detailed retinal view, clinical photography"
11438_left.jpeg,diabetic_retinopathy,"high quality fundus photograph of an eye with diabetic retinopathy, microaneurysms, hemorrhages, exudates, neovascularization, medical ophthalmology image, detailed retinal view, clinical photography"
11438_right.jpeg,diabetic_retinopathy,"high quality fundus photograph of an eye with diabetic retinopathy, microaneurysms, hemorrhages, exudates, neovascularization, medical ophthalmology image, detailed retinal view, clinical photography"
11439_left.jpeg,diabetic_retinopathy,"high quality fundus photograph of an eye with diabetic retinopathy, microaneurysms, hemorrhages, exudates, neovascularization, medical ophthalmology image, detailed retinal view, clinical photography"
11439_right.jpeg,diabetic_retinopathy,"high quality fundus photograph of an eye with diabetic retinopathy, microaneurysms, hemorrhages, exudates, neovascularization, medical ophthalmology image, detailed retinal view, clinical photography"
11443_left.jpeg,diabetic_retinopathy,"high quality fundus photograph of an eye with diabetic retinopathy, microaneurysms, hemorrhages, exudates, neovascularization, medical ophthalmology image, detailed retinal view, clinical photography"
11443_right.jpeg,diabetic_retinopathy,"high quality fundus photograph of an eye with diabetic retinopathy, microaneurysms, hemorrhages, exudates, neovascularization, medical ophthalmology image, detailed retinal view, clinical photography"
11444_left.jpeg,diabetic_retinopathy,"high quality fundus photograph of an eye with diabetic retinopathy, microaneurysms, hemorrhages, exudates, neovascularization, medical ophthalmology image, detailed retinal view, clinical photography"
11444_right.jpeg,diabetic_retinopathy,"high quality fundus photograph of an eye with diabetic retinopathy, microaneurysms, hemorrhages, exudates, neovascularization, medical ophthalmology image, detailed retinal view, clinical photography"
11445_left.jpeg,diabetic_retinopathy,"high quality fundus photograph of an eye with diabetic retinopathy, microaneurysms, hemorrhages, exudates, neovascularization, medical ophthalmology image, detailed retinal view, clinical photography"
11445_right.jpeg,diabetic_retinopathy,"high quality fundus photograph of an eye with diabetic retinopathy, microaneurysms, hemorrhages, exudates, neovascularization, medical ophthalmology image, detailed retinal view, clinical photography"
11446_left.jpeg,diabetic_retinopathy,"high quality fundus photograph of an eye with diabetic retinopathy, microaneurysms, hemorrhages, exudates, neovascularization, medical ophthalmology image, detailed retinal view, clinical photography"
11446_right.jpeg,diabetic_retinopathy,"high quality fundus photograph of an eye with diabetic retinopathy, microaneurysms, hemorrhages, exudates, neovascularization, medical ophthalmology image, detailed retinal view, clinical photography"
11448_left.jpeg,diabetic_retinopathy,"high quality fundus photograph of an eye with diabetic retinopathy, microaneurysms, hemorrhages, exudates, neovascularization, medical ophthalmology image, detailed retinal view, clinical photography"
11448_right.jpeg,diabetic_retinopathy,"high quality fundus photograph of an eye with diabetic retinopathy, microaneurysms, hemorrhages, exudates, neovascularization, medical ophthalmology image, detailed retinal view, clinical photography"
11455_left.jpeg,diabetic_retinopathy,"high quality fundus photograph of an eye with diabetic retinopathy, microaneurysms, hemorrhages, exudates, neovascularization, medical ophthalmology image, detailed retinal view, clinical photography"
11455_right.jpeg,diabetic_retinopathy,"high quality fundus photograph of an eye with diabetic retinopathy, microaneurysms, hemorrhages, exudates, neovascularization, medical ophthalmology image, detailed retinal view, clinical photography"
1145_left.jpeg,diabetic_retinopathy,"high quality fundus photograph of an eye with diabetic retinopathy, microaneurysms, hemorrhages, exudates, neovascularization, medical ophthalmology image, detailed retinal view, clinical photography"
1145_right.jpeg,diabetic_retinopathy,"high quality fundus photograph of an eye with diabetic retinopathy, microaneurysms, hemorrhages, exudates, neovascularization, medical ophthalmology image, detailed retinal view, clinical photography"
11464_left.jpeg,diabetic_retinopathy,"high quality fundus photograph of an eye with diabetic retinopathy, microaneurysms, hemorrhages, exudates, neovascularization, medical ophthalmology image, detailed retinal view, clinical photography"
11464_right.jpeg,diabetic_retinopathy,"high quality fundus photograph of an eye with diabetic retinopathy, microaneurysms, hemorrhages, exudates, neovascularization, medical ophthalmology image, detailed retinal view, clinical photography"
1146_left.jpeg,diabetic_retinopathy,"high quality fundus photograph of an eye with diabetic retinopathy, microaneurysms, hemorrhages, exudates, neovascularization, medical ophthalmology image, detailed retinal view, clinical photography"
1146_right.jpeg,diabetic_retinopathy,"high quality fundus photograph of an eye with diabetic retinopathy, microaneurysms, hemorrhages, exudates, neovascularization, medical ophthalmology image, detailed retinal view, clinical photography"
11471_left.jpeg,diabetic_retinopathy,"high quality fundus photograph of an eye with diabetic retinopathy, microaneurysms, hemorrhages, exudates, neovascularization, medical ophthalmology image, detailed retinal view, clinical photography"
11471_right.jpeg,diabetic_retinopathy,"high quality fundus photograph of an eye with diabetic retinopathy, microaneurysms, hemorrhages, exudates, neovascularization, medical ophthalmology image, detailed retinal view, clinical photography"
11474_left.jpeg,diabetic_retinopathy,"high quality fundus photograph of an eye with diabetic retinopathy, microaneurysms, hemorrhages, exudates, neovascularization, medical ophthalmology image, detailed retinal view, clinical photography"
11474_right.jpeg,diabetic_retinopathy,"high quality fundus photograph of an eye with diabetic retinopathy, microaneurysms, hemorrhages, exudates, neovascularization, medical ophthalmology image, detailed retinal view, clinical photography"
11476_left.jpeg,diabetic_retinopathy,"high quality fundus photograph of an eye with diabetic retinopathy, microaneurysms, hemorrhages, exudates, neovascularization, medical ophthalmology image, detailed retinal view, clinical photography"
11476_right.jpeg,diabetic_retinopathy,"high quality fundus photograph of an eye with diabetic retinopathy, microaneurysms, hemorrhages, exudates, neovascularization, medical ophthalmology image, detailed retinal view, clinical photography"
1147_left.jpeg,diabetic_retinopathy,"high quality fundus photograph of an eye with diabetic retinopathy, microaneurysms, hemorrhages, exudates, neovascularization, medical ophthalmology image, detailed retinal view, clinical photography"
1147_right.jpeg,diabetic_retinopathy,"high quality fundus photograph of an eye with diabetic retinopathy, microaneurysms, hemorrhages, exudates, neovascularization, medical ophthalmology image, detailed retinal view, clinical photography"
11482_left.jpeg,diabetic_retinopathy,"high quality fundus photograph of an eye with diabetic retinopathy, microaneurysms, hemorrhages, exudates, neovascularization, medical ophthalmology image, detailed retinal view, clinical photography"
11482_right.jpeg,diabetic_retinopathy,"high quality fundus photograph of an eye with diabetic retinopathy, microaneurysms, hemorrhages, exudates, neovascularization, medical ophthalmology image, detailed retinal view, clinical photography"
11487_left.jpeg,diabetic_retinopathy,"high quality fundus photograph of an eye with diabetic retinopathy, microaneurysms, hemorrhages, exudates, neovascularization, medical ophthalmology image, detailed retinal view, clinical photography"
11487_right.jpeg,diabetic_retinopathy,"high quality fundus photograph of an eye with diabetic retinopathy, microaneurysms, hemorrhages, exudates, neovascularization, medical ophthalmology image, detailed retinal view, clinical photography"
11490_left.jpeg,diabetic_retinopathy,"high quality fundus photograph of an eye with diabetic retinopathy, microaneurysms, hemorrhages, exudates, neovascularization, medical ophthalmology image, detailed retinal view, clinical photography"
11490_right.jpeg,diabetic_retinopathy,"high quality fundus photograph of an eye with diabetic retinopathy, microaneurysms, hemorrhages, exudates, neovascularization, medical ophthalmology image, detailed retinal view, clinical photography"
11495_left.jpeg,diabetic_retinopathy,"high quality fundus photograph of an eye with diabetic retinopathy, microaneurysms, hemorrhages, exudates, neovascularization, medical ophthalmology image, detailed retinal view, clinical photography"
11495_right.jpeg,diabetic_retinopathy,"high quality fundus photograph of an eye with diabetic retinopathy, microaneurysms, hemorrhages, exudates, neovascularization, medical ophthalmology image, detailed retinal view, clinical photography"
11496_left.jpeg,diabetic_retinopathy,"high quality fundus photograph of an eye with diabetic retinopathy, microaneurysms, hemorrhages, exudates, neovascularization, medical ophthalmology image, detailed retinal view, clinical photography"
11496_right.jpeg,diabetic_retinopathy,"high quality fundus photograph of an eye with diabetic retinopathy, microaneurysms, hemorrhages, exudates, neovascularization, medical ophthalmology image, detailed retinal view, clinical photography"
11500_left.jpeg,diabetic_retinopathy,"high quality fundus photograph of an eye with diabetic retinopathy, microaneurysms, hemorrhages, exudates, neovascularization, medical ophthalmology image, detailed retinal view, clinical photography"
11500_right.jpeg,diabetic_retinopathy,"high quality fundus photograph of an eye with diabetic retinopathy, microaneurysms, hemorrhages, exudates, neovascularization, medical ophthalmology image, detailed retinal view, clinical photography"
11504_left.jpeg,diabetic_retinopathy,"high quality fundus photograph of an eye with diabetic retinopathy, microaneurysms, hemorrhages, exudates, neovascularization, medical ophthalmology image, detailed retinal view, clinical photography"
11504_right.jpeg,diabetic_retinopathy,"high quality fundus photograph of an eye with diabetic retinopathy, microaneurysms, hemorrhages, exudates, neovascularization, medical ophthalmology image, detailed retinal view, clinical photography"
11516_left.jpeg,diabetic_retinopathy,"high quality fundus photograph of an eye with diabetic retinopathy, microaneurysms, hemorrhages, exudates, neovascularization, medical ophthalmology image, detailed retinal view, clinical photography"
11516_right.jpeg,diabetic_retinopathy,"high quality fundus photograph of an eye with diabetic retinopathy, microaneurysms, hemorrhages, exudates, neovascularization, medical ophthalmology image, detailed retinal view, clinical photography"
11519_left.jpeg,diabetic_retinopathy,"high quality fundus photograph of an eye with diabetic retinopathy, microaneurysms, hemorrhages, exudates, neovascularization, medical ophthalmology image, detailed retinal view, clinical photography"
11519_right.jpeg,diabetic_retinopathy,"high quality fundus photograph of an eye with diabetic retinopathy, microaneurysms, hemorrhages, exudates, neovascularization, medical ophthalmology image, detailed retinal view, clinical photography"
11520_left.jpeg,diabetic_retinopathy,"high quality fundus photograph of an eye with diabetic retinopathy, microaneurysms, hemorrhages, exudates, neovascularization, medical ophthalmology image, detailed retinal view, clinical photography"
11520_right.jpeg,diabetic_retinopathy,"high quality fundus photograph of an eye with diabetic retinopathy, microaneurysms, hemorrhages, exudates, neovascularization, medical ophthalmology image, detailed retinal view, clinical photography"
11527_left.jpeg,diabetic_retinopathy,"high quality fundus photograph of an eye with diabetic retinopathy, microaneurysms, hemorrhages, exudates, neovascularization, medical ophthalmology image, detailed retinal view, clinical photography"
11527_right.jpeg,diabetic_retinopathy,"high quality fundus photograph of an eye with diabetic retinopathy, microaneurysms, hemorrhages, exudates, neovascularization, medical ophthalmology image, detailed retinal view, clinical photography"
11529_left.jpeg,diabetic_retinopathy,"high quality fundus photograph of an eye with diabetic retinopathy, microaneurysms, hemorrhages, exudates, neovascularization, medical ophthalmology image, detailed retinal view, clinical photography"
11529_right.jpeg,diabetic_retinopathy,"high quality fundus photograph of an eye with diabetic retinopathy, microaneurysms, hemorrhages, exudates, neovascularization, medical ophthalmology image, detailed retinal view, clinical photography"
11534_left.jpeg,diabetic_retinopathy,"high quality fundus photograph of an eye with diabetic retinopathy, microaneurysms, hemorrhages, exudates, neovascularization, medical ophthalmology image, detailed retinal view, clinical photography"
11534_right.jpeg,diabetic_retinopathy,"high quality fundus photograph of an eye with diabetic retinopathy, microaneurysms, hemorrhages, exudates, neovascularization, medical ophthalmology image, detailed retinal view, clinical photography"
11541_left.jpeg,diabetic_retinopathy,"high quality fundus photograph of an eye with diabetic retinopathy, microaneurysms, hemorrhages, exudates, neovascularization, medical ophthalmology image, detailed retinal view, clinical photography"
11541_right.jpeg,diabetic_retinopathy,"high quality fundus photograph of an eye with diabetic retinopathy, microaneurysms, hemorrhages, exudates, neovascularization, medical ophthalmology image, detailed retinal view, clinical photography"
11542_left.jpeg,diabetic_retinopathy,"high quality fundus photograph of an eye with diabetic retinopathy, microaneurysms, hemorrhages, exudates, neovascularization, medical ophthalmology image, detailed retinal view, clinical photography"
11542_right.jpeg,diabetic_retinopathy,"high quality fundus photograph of an eye with diabetic retinopathy, microaneurysms, hemorrhages, exudates, neovascularization, medical ophthalmology image, detailed retinal view, clinical photography"
11545_left.jpeg,diabetic_retinopathy,"high quality fundus photograph of an eye with diabetic retinopathy, microaneurysms, hemorrhages, exudates, neovascularization, medical ophthalmology image, detailed retinal view, clinical photography"
11545_right.jpeg,diabetic_retinopathy,"high quality fundus photograph of an eye with diabetic retinopathy, microaneurysms, hemorrhages, exudates, neovascularization, medical ophthalmology image, detailed retinal view, clinical photography"
11546_left.jpeg,diabetic_retinopathy,"high quality fundus photograph of an eye with diabetic retinopathy, microaneurysms, hemorrhages, exudates, neovascularization, medical ophthalmology image, detailed retinal view, clinical photography"
11546_right.jpeg,diabetic_retinopathy,"high quality fundus photograph of an eye with diabetic retinopathy, microaneurysms, hemorrhages, exudates, neovascularization, medical ophthalmology image, detailed retinal view, clinical photography"
11550_left.jpeg,diabetic_retinopathy,"high quality fundus photograph of an eye with diabetic retinopathy, microaneurysms, hemorrhages, exudates, neovascularization, medical ophthalmology image, detailed retinal view, clinical photography"
11550_right.jpeg,diabetic_retinopathy,"high quality fundus photograph of an eye with diabetic retinopathy, microaneurysms, hemorrhages, exudates, neovascularization, medical ophthalmology image, detailed retinal view, clinical photography"
11551_left.jpeg,diabetic_retinopathy,"high quality fundus photograph of an eye with diabetic retinopathy, microaneurysms, hemorrhages, exudates, neovascularization, medical ophthalmology image, detailed retinal view, clinical photography"
11551_right.jpeg,diabetic_retinopathy,"high quality fundus photograph of an eye with diabetic retinopathy, microaneurysms, hemorrhages, exudates, neovascularization, medical ophthalmology image, detailed retinal view, clinical photography"
11553_left.jpeg,diabetic_retinopathy,"high quality fundus photograph of an eye with diabetic retinopathy, microaneurysms, hemorrhages, exudates, neovascularization, medical ophthalmology image, detailed retinal view, clinical photography"
11553_right.jpeg,diabetic_retinopathy,"high quality fundus photograph of an eye with diabetic retinopathy, microaneurysms, hemorrhages, exudates, neovascularization, medical ophthalmology image, detailed retinal view, clinical photography"
11573_left.jpeg,diabetic_retinopathy,"high quality fundus photograph of an eye with diabetic retinopathy, microaneurysms, hemorrhages, exudates, neovascularization, medical ophthalmology image, detailed retinal view, clinical photography"
11573_right.jpeg,diabetic_retinopathy,"high quality fundus photograph of an eye with diabetic retinopathy, microaneurysms, hemorrhages, exudates, neovascularization, medical ophthalmology image, detailed retinal view, clinical photography"
11574_left.jpeg,diabetic_retinopathy,"high quality fundus photograph of an eye with diabetic retinopathy, microaneurysms, hemorrhages, exudates, neovascularization, medical ophthalmology image, detailed retinal view, clinical photography"
11574_right.jpeg,diabetic_retinopathy,"high quality fundus photograph of an eye with diabetic retinopathy, microaneurysms, hemorrhages, exudates, neovascularization, medical ophthalmology image, detailed retinal view, clinical photography"
11575_left.jpeg,diabetic_retinopathy,"high quality fundus photograph of an eye with diabetic retinopathy, microaneurysms, hemorrhages, exudates, neovascularization, medical ophthalmology image, detailed retinal view, clinical photography"
11575_right.jpeg,diabetic_retinopathy,"high quality fundus photograph of an eye with diabetic retinopathy, microaneurysms, hemorrhages, exudates, neovascularization, medical ophthalmology image, detailed retinal view, clinical photography"
11579_left.jpeg,diabetic_retinopathy,"high quality fundus photograph of an eye with diabetic retinopathy, microaneurysms, hemorrhages, exudates, neovascularization, medical ophthalmology image, detailed retinal view, clinical photography"
11579_right.jpeg,diabetic_retinopathy,"high quality fundus photograph of an eye with diabetic retinopathy, microaneurysms, hemorrhages, exudates, neovascularization, medical ophthalmology image, detailed retinal view, clinical photography"
11581_left.jpeg,diabetic_retinopathy,"high quality fundus photograph of an eye with diabetic retinopathy, microaneurysms, hemorrhages, exudates, neovascularization, medical ophthalmology image, detailed retinal view, clinical photography"
11581_right.jpeg,diabetic_retinopathy,"high quality fundus photograph of an eye with diabetic retinopathy, microaneurysms, hemorrhages, exudates, neovascularization, medical ophthalmology image, detailed retinal view, clinical photography"
11584_left.jpeg,diabetic_retinopathy,"high quality fundus photograph of an eye with diabetic retinopathy, microaneurysms, hemorrhages, exudates, neovascularization, medical ophthalmology image, detailed retinal view, clinical photography"
11584_right.jpeg,diabetic_retinopathy,"high quality fundus photograph of an eye with diabetic retinopathy, microaneurysms, hemorrhages, exudates, neovascularization, medical ophthalmology image, detailed retinal view, clinical photography"
11590_left.jpeg,diabetic_retinopathy,"high quality fundus photograph of an eye with diabetic retinopathy, microaneurysms, hemorrhages, exudates, neovascularization, medical ophthalmology image, detailed retinal view, clinical photography"
11590_right.jpeg,diabetic_retinopathy,"high quality fundus photograph of an eye with diabetic retinopathy, microaneurysms, hemorrhages, exudates, neovascularization, medical ophthalmology image, detailed retinal view, clinical photography"
11593_left.jpeg,diabetic_retinopathy,"high quality fundus photograph of an eye with diabetic retinopathy, microaneurysms, hemorrhages, exudates, neovascularization, medical ophthalmology image, detailed retinal view, clinical photography"
11593_right.jpeg,diabetic_retinopathy,"high quality fundus photograph of an eye with diabetic retinopathy, microaneurysms, hemorrhages, exudates, neovascularization, medical ophthalmology image, detailed retinal view, clinical photography"
11594_left.jpeg,diabetic_retinopathy,"high quality fundus photograph of an eye with diabetic retinopathy, microaneurysms, hemorrhages, exudates, neovascularization, medical ophthalmology image, detailed retinal view, clinical photography"
11594_right.jpeg,diabetic_retinopathy,"high quality fundus photograph of an eye with diabetic retinopathy, microaneurysms, hemorrhages, exudates, neovascularization, medical ophthalmology image, detailed retinal view, clinical photography"
11598_left.jpeg,diabetic_retinopathy,"high quality fundus photograph of an eye with diabetic retinopathy, microaneurysms, hemorrhages, exudates, neovascularization, medical ophthalmology image, detailed retinal view, clinical photography"
11598_right.jpeg,diabetic_retinopathy,"high quality fundus photograph of an eye with diabetic retinopathy, microaneurysms, hemorrhages, exudates, neovascularization, medical ophthalmology image, detailed retinal view, clinical photography"
1161_left.jpeg,diabetic_retinopathy,"high quality fundus photograph of an eye with diabetic retinopathy, microaneurysms, hemorrhages, exudates, neovascularization, medical ophthalmology image, detailed retinal view, clinical photography"
1161_right.jpeg,diabetic_retinopathy,"high quality fundus photograph of an eye with diabetic retinopathy, microaneurysms, hemorrhages, exudates, neovascularization, medical ophthalmology image, detailed retinal view, clinical photography"
1165_left.jpeg,diabetic_retinopathy,"high quality fundus photograph of an eye with diabetic retinopathy, microaneurysms, hemorrhages, exudates, neovascularization, medical ophthalmology image, detailed retinal view, clinical photography"
1165_right.jpeg,diabetic_retinopathy,"high quality fundus photograph of an eye with diabetic retinopathy, microaneurysms, hemorrhages, exudates, neovascularization, medical ophthalmology image, detailed retinal view, clinical photography"
1167_left.jpeg,diabetic_retinopathy,"high quality fundus photograph of an eye with diabetic retinopathy, microaneurysms, hemorrhages, exudates, neovascularization, medical ophthalmology image, detailed retinal view, clinical photography"
1167_right.jpeg,diabetic_retinopathy,"high quality fundus photograph of an eye with diabetic retinopathy, microaneurysms, hemorrhages, exudates, neovascularization, medical ophthalmology image, detailed retinal view, clinical photography"
1170_left.jpeg,diabetic_retinopathy,"high quality fundus photograph of an eye with diabetic retinopathy, microaneurysms, hemorrhages, exudates, neovascularization, medical ophthalmology image, detailed retinal view, clinical photography"
1170_right.jpeg,diabetic_retinopathy,"high quality fundus photograph of an eye with diabetic retinopathy, microaneurysms, hemorrhages, exudates, neovascularization, medical ophthalmology image, detailed retinal view, clinical photography"
1172_left.jpeg,diabetic_retinopathy,"high quality fundus photograph of an eye with diabetic retinopathy, microaneurysms, hemorrhages, exudates, neovascularization, medical ophthalmology image, detailed retinal view, clinical photography"
1172_right.jpeg,diabetic_retinopathy,"high quality fundus photograph of an eye with diabetic retinopathy, microaneurysms, hemorrhages, exudates, neovascularization, medical ophthalmology image, detailed retinal view, clinical photography"
1178_left.jpeg,diabetic_retinopathy,"high quality fundus photograph of an eye with diabetic retinopathy, microaneurysms, hemorrhages, exudates, neovascularization, medical ophthalmology image, detailed retinal view, clinical photography"
1178_right.jpeg,diabetic_retinopathy,"high quality fundus photograph of an eye with diabetic retinopathy, microaneurysms, hemorrhages, exudates, neovascularization, medical ophthalmology image, detailed retinal view, clinical photography"
1179_left.jpeg,diabetic_retinopathy,"high quality fundus photograph of an eye with diabetic retinopathy, microaneurysms, hemorrhages, exudates, neovascularization, medical ophthalmology image, detailed retinal view, clinical photography"
1179_right.jpeg,diabetic_retinopathy,"high quality fundus photograph of an eye with diabetic retinopathy, microaneurysms, hemorrhages, exudates, neovascularization, medical ophthalmology image, detailed retinal view, clinical photography"
117_left.jpeg,diabetic_retinopathy,"high quality fundus photograph of an eye with diabetic retinopathy, microaneurysms, hemorrhages, exudates, neovascularization, medical ophthalmology image, detailed retinal view, clinical photography"
117_right.jpeg,diabetic_retinopathy,"high quality fundus photograph of an eye with diabetic retinopathy, microaneurysms, hemorrhages, exudates, neovascularization, medical ophthalmology image, detailed retinal view, clinical photography"
1180_left.jpeg,diabetic_retinopathy,"high quality fundus photograph of an eye with diabetic retinopathy, microaneurysms, hemorrhages, exudates, neovascularization, medical ophthalmology image, detailed retinal view, clinical photography"
1180_right.jpeg,diabetic_retinopathy,"high quality fundus photograph of an eye with diabetic retinopathy, microaneurysms, hemorrhages, exudates, neovascularization, medical ophthalmology image, detailed retinal view, clinical photography"
1182_left.jpeg,diabetic_retinopathy,"high quality fundus photograph of an eye with diabetic retinopathy, microaneurysms, hemorrhages, exudates, neovascularization, medical ophthalmology image, detailed retinal view, clinical photography"
1182_right.jpeg,diabetic_retinopathy,"high quality fundus photograph of an eye with diabetic retinopathy, microaneurysms, hemorrhages, exudates, neovascularization, medical ophthalmology image, detailed retinal view, clinical photography"
1188_left.jpeg,diabetic_retinopathy,"high quality fundus photograph of an eye with diabetic retinopathy, microaneurysms, hemorrhages, exudates, neovascularization, medical ophthalmology image, detailed retinal view, clinical photography"
1188_right.jpeg,diabetic_retinopathy,"high quality fundus photograph of an eye with diabetic retinopathy, microaneurysms, hemorrhages, exudates, neovascularization, medical ophthalmology image, detailed retinal view, clinical photography"
1192_left.jpeg,diabetic_retinopathy,"high quality fundus photograph of an eye with diabetic retinopathy, microaneurysms, hemorrhages, exudates, neovascularization, medical ophthalmology image, detailed retinal view, clinical photography"
1192_right.jpeg,diabetic_retinopathy,"high quality fundus photograph of an eye with diabetic retinopathy, microaneurysms, hemorrhages, exudates, neovascularization, medical ophthalmology image, detailed retinal view, clinical photography"
1196_left.jpeg,diabetic_retinopathy,"high quality fundus photograph of an eye with diabetic retinopathy, microaneurysms, hemorrhages, exudates, neovascularization, medical ophthalmology image, detailed retinal view, clinical photography"
1196_right.jpeg,diabetic_retinopathy,"high quality fundus photograph of an eye with diabetic retinopathy, microaneurysms, hemorrhages, exudates, neovascularization, medical ophthalmology image, detailed retinal view, clinical photography"
1197_left.jpeg,diabetic_retinopathy,"high quality fundus photograph of an eye with diabetic retinopathy, microaneurysms, hemorrhages, exudates, neovascularization, medical ophthalmology image, detailed retinal view, clinical photography"
1197_right.jpeg,diabetic_retinopathy,"high quality fundus photograph of an eye with diabetic retinopathy, microaneurysms, hemorrhages, exudates, neovascularization, medical ophthalmology image, detailed retinal view, clinical photography"
1199_left.jpeg,diabetic_retinopathy,"high quality fundus photograph of an eye with diabetic retinopathy, microaneurysms, hemorrhages, exudates, neovascularization, medical ophthalmology image, detailed retinal view, clinical photography"
1199_right.jpeg,diabetic_retinopathy,"high quality fundus photograph of an eye with diabetic retinopathy, microaneurysms, hemorrhages, exudates, neovascularization, medical ophthalmology image, detailed retinal view, clinical photography"
119_left.jpeg,diabetic_retinopathy,"high quality fundus photograph of an eye with diabetic retinopathy, microaneurysms, hemorrhages, exudates, neovascularization, medical ophthalmology image, detailed retinal view, clinical photography"
119_right.jpeg,diabetic_retinopathy,"high quality fundus photograph of an eye with diabetic retinopathy, microaneurysms, hemorrhages, exudates, neovascularization, medical ophthalmology image, detailed retinal view, clinical photography"
1204_left.jpeg,diabetic_retinopathy,"high quality fundus photograph of an eye with diabetic retinopathy, microaneurysms, hemorrhages, exudates, neovascularization, medical ophthalmology image, detailed retinal view, clinical photography"
1204_right.jpeg,diabetic_retinopathy,"high quality fundus photograph of an eye with diabetic retinopathy, microaneurysms, hemorrhages, exudates, neovascularization, medical ophthalmology image, detailed retinal view, clinical photography"
1206_left.jpeg,diabetic_retinopathy,"high quality fundus photograph of an eye with diabetic retinopathy, microaneurysms, hemorrhages, exudates, neovascularization, medical ophthalmology image, detailed retinal view, clinical photography"
1206_right.jpeg,diabetic_retinopathy,"high quality fundus photograph of an eye with diabetic retinopathy, microaneurysms, hemorrhages, exudates, neovascularization, medical ophthalmology image, detailed retinal view, clinical photography"
1211_left.jpeg,diabetic_retinopathy,"high quality fundus photograph of an eye with diabetic retinopathy, microaneurysms, hemorrhages, exudates, neovascularization, medical ophthalmology image, detailed retinal view, clinical photography"
1211_right.jpeg,diabetic_retinopathy,"high quality fundus photograph of an eye with diabetic retinopathy, microaneurysms, hemorrhages, exudates, neovascularization, medical ophthalmology image, detailed retinal view, clinical photography"
122_left.jpeg,diabetic_retinopathy,"high quality fundus photograph of an eye with diabetic retinopathy, microaneurysms, hemorrhages, exudates, neovascularization, medical ophthalmology image, detailed retinal view, clinical photography"
122_right.jpeg,diabetic_retinopathy,"high quality fundus photograph of an eye with diabetic retinopathy, microaneurysms, hemorrhages, exudates, neovascularization, medical ophthalmology image, detailed retinal view, clinical photography"
1240_left.jpeg,diabetic_retinopathy,"high quality fundus photograph of an eye with diabetic retinopathy, microaneurysms, hemorrhages, exudates, neovascularization, medical ophthalmology image, detailed retinal view, clinical photography"
1240_right.jpeg,diabetic_retinopathy,"high quality fundus photograph of an eye with diabetic retinopathy, microaneurysms, hemorrhages, exudates, neovascularization, medical ophthalmology image, detailed retinal view, clinical photography"
1242_left.jpeg,diabetic_retinopathy,"high quality fundus photograph of an eye with diabetic retinopathy, microaneurysms, hemorrhages, exudates, neovascularization, medical ophthalmology image, detailed retinal view, clinical photography"
1242_right.jpeg,diabetic_retinopathy,"high quality fundus photograph of an eye with diabetic retinopathy, microaneurysms, hemorrhages, exudates, neovascularization, medical ophthalmology image, detailed retinal view, clinical photography"
1259_left.jpeg,diabetic_retinopathy,"high quality fundus photograph of an eye with diabetic retinopathy, microaneurysms, hemorrhages, exudates, neovascularization, medical ophthalmology image, detailed retinal view, clinical photography"
1259_right.jpeg,diabetic_retinopathy,"high quality fundus photograph of an eye with diabetic retinopathy, microaneurysms, hemorrhages, exudates, neovascularization, medical ophthalmology image, detailed retinal view, clinical photography"
125_left.jpeg,diabetic_retinopathy,"high quality fundus photograph of an eye with diabetic retinopathy, microaneurysms, hemorrhages, exudates, neovascularization, medical ophthalmology image, detailed retinal view, clinical photography"
125_right.jpeg,diabetic_retinopathy,"high quality fundus photograph of an eye with diabetic retinopathy, microaneurysms, hemorrhages, exudates, neovascularization, medical ophthalmology image, detailed retinal view, clinical photography"
1260_left.jpeg,diabetic_retinopathy,"high quality fundus photograph of an eye with diabetic retinopathy, microaneurysms, hemorrhages, exudates, neovascularization, medical ophthalmology image, detailed retinal view, clinical photography"
1260_right.jpeg,diabetic_retinopathy,"high quality fundus photograph of an eye with diabetic retinopathy, microaneurysms, hemorrhages, exudates, neovascularization, medical ophthalmology image, detailed retinal view, clinical photography"
1266_left.jpeg,diabetic_retinopathy,"high quality fundus photograph of an eye with diabetic retinopathy, microaneurysms, hemorrhages, exudates, neovascularization, medical ophthalmology image, detailed retinal view, clinical photography"
1266_right.jpeg,diabetic_retinopathy,"high quality fundus photograph of an eye with diabetic retinopathy, microaneurysms, hemorrhages, exudates, neovascularization, medical ophthalmology image, detailed retinal view, clinical photography"
1267_left.jpeg,diabetic_retinopathy,"high quality fundus photograph of an eye with diabetic retinopathy, microaneurysms, hemorrhages, exudates, neovascularization, medical ophthalmology image, detailed retinal view, clinical photography"
1267_right.jpeg,diabetic_retinopathy,"high quality fundus photograph of an eye with diabetic retinopathy, microaneurysms, hemorrhages, exudates, neovascularization, medical ophthalmology image, detailed retinal view, clinical photography"
1269_left.jpeg,diabetic_retinopathy,"high quality fundus photograph of an eye with diabetic retinopathy, microaneurysms, hemorrhages, exudates, neovascularization, medical ophthalmology image, detailed retinal view, clinical photography"
1269_right.jpeg,diabetic_retinopathy,"high quality fundus photograph of an eye with diabetic retinopathy, microaneurysms, hemorrhages, exudates, neovascularization, medical ophthalmology image, detailed retinal view, clinical photography"
1272_left.jpeg,diabetic_retinopathy,"high quality fundus photograph of an eye with diabetic retinopathy, microaneurysms, hemorrhages, exudates, neovascularization, medical ophthalmology image, detailed retinal view, clinical photography"
1272_right.jpeg,diabetic_retinopathy,"high quality fundus photograph of an eye with diabetic retinopathy, microaneurysms, hemorrhages, exudates, neovascularization, medical ophthalmology image, detailed retinal view, clinical photography"
1275_left.jpeg,diabetic_retinopathy,"high quality fundus photograph of an eye with diabetic retinopathy, microaneurysms, hemorrhages, exudates, neovascularization, medical ophthalmology image, detailed retinal view, clinical photography"
1275_right.jpeg,diabetic_retinopathy,"high quality fundus photograph of an eye with diabetic retinopathy, microaneurysms, hemorrhages, exudates, neovascularization, medical ophthalmology image, detailed retinal view, clinical photography"
1277_left.jpeg,diabetic_retinopathy,"high quality fundus photograph of an eye with diabetic retinopathy, microaneurysms, hemorrhages, exudates, neovascularization, medical ophthalmology image, detailed retinal view, clinical photography"
1277_right.jpeg,diabetic_retinopathy,"high quality fundus photograph of an eye with diabetic retinopathy, microaneurysms, hemorrhages, exudates, neovascularization, medical ophthalmology image, detailed retinal view, clinical photography"
1285_left.jpeg,diabetic_retinopathy,"high quality fundus photograph of an eye with diabetic retinopathy, microaneurysms, hemorrhages, exudates, neovascularization, medical ophthalmology image, detailed retinal view, clinical photography"
1285_right.jpeg,diabetic_retinopathy,"high quality fundus photograph of an eye with diabetic retinopathy, microaneurysms, hemorrhages, exudates, neovascularization, medical ophthalmology image, detailed retinal view, clinical photography"
1289_left.jpeg,diabetic_retinopathy,"high quality fundus photograph of an eye with diabetic retinopathy, microaneurysms, hemorrhages, exudates, neovascularization, medical ophthalmology image, detailed retinal view, clinical photography"
1289_right.jpeg,diabetic_retinopathy,"high quality fundus photograph of an eye with diabetic retinopathy, microaneurysms, hemorrhages, exudates, neovascularization, medical ophthalmology image, detailed retinal view, clinical photography"
1292_left.jpeg,diabetic_retinopathy,"high quality fundus photograph of an eye with diabetic retinopathy, microaneurysms, hemorrhages, exudates, neovascularization, medical ophthalmology image, detailed retinal view, clinical photography"
1292_right.jpeg,diabetic_retinopathy,"high quality fundus photograph of an eye with diabetic retinopathy, microaneurysms, hemorrhages, exudates, neovascularization, medical ophthalmology image, detailed retinal view, clinical photography"
1294_left.jpeg,diabetic_retinopathy,"high quality fundus photograph of an eye with diabetic retinopathy, microaneurysms, hemorrhages, exudates, neovascularization, medical ophthalmology image, detailed retinal view, clinical photography"
1294_right.jpeg,diabetic_retinopathy,"high quality fundus photograph of an eye with diabetic retinopathy, microaneurysms, hemorrhages, exudates, neovascularization, medical ophthalmology image, detailed retinal view, clinical photography"
1296_left.jpeg,diabetic_retinopathy,"high quality fundus photograph of an eye with diabetic retinopathy, microaneurysms, hemorrhages, exudates, neovascularization, medical ophthalmology image, detailed retinal view, clinical photography"
1296_right.jpeg,diabetic_retinopathy,"high quality fundus photograph of an eye with diabetic retinopathy, microaneurysms, hemorrhages, exudates, neovascularization, medical ophthalmology image, detailed retinal view, clinical photography"
1297_left.jpeg,diabetic_retinopathy,"high quality fundus photograph of an eye with diabetic retinopathy, microaneurysms, hemorrhages, exudates, neovascularization, medical ophthalmology image, detailed retinal view, clinical photography"
1297_right.jpeg,diabetic_retinopathy,"high quality fundus photograph of an eye with diabetic retinopathy, microaneurysms, hemorrhages, exudates, neovascularization, medical ophthalmology image, detailed retinal view, clinical photography"
129_left.jpeg,diabetic_retinopathy,"high quality fundus photograph of an eye with diabetic retinopathy, microaneurysms, hemorrhages, exudates, neovascularization, medical ophthalmology image, detailed retinal view, clinical photography"
129_right.jpeg,diabetic_retinopathy,"high quality fundus photograph of an eye with diabetic retinopathy, microaneurysms, hemorrhages, exudates, neovascularization, medical ophthalmology image, detailed retinal view, clinical photography"
1302_left.jpeg,diabetic_retinopathy,"high quality fundus photograph of an eye with diabetic retinopathy, microaneurysms, hemorrhages, exudates, neovascularization, medical ophthalmology image, detailed retinal view, clinical photography"
1302_right.jpeg,diabetic_retinopathy,"high quality fundus photograph of an eye with diabetic retinopathy, microaneurysms, hemorrhages, exudates, neovascularization, medical ophthalmology image, detailed retinal view, clinical photography"
1305_left.jpeg,diabetic_retinopathy,"high quality fundus photograph of an eye with diabetic retinopathy, microaneurysms, hemorrhages, exudates, neovascularization, medical ophthalmology image, detailed retinal view, clinical photography"
1305_right.jpeg,diabetic_retinopathy,"high quality fundus photograph of an eye with diabetic retinopathy, microaneurysms, hemorrhages, exudates, neovascularization, medical ophthalmology image, detailed retinal view, clinical photography"
1020_left.jpg,glaucoma,"high quality fundus photograph of an eye with glaucoma, optic disc cupping, increased cup-to-disc ratio, medical ophthalmology image, detailed retinal view, clinical photography"
1209_left.jpg,glaucoma,"high quality fundus photograph of an eye with glaucoma, optic disc cupping, increased cup-to-disc ratio, medical ophthalmology image, detailed retinal view, clinical photography"
1209_right.jpg,glaucoma,"high quality fundus photograph of an eye with glaucoma, optic disc cupping, increased cup-to-disc ratio, medical ophthalmology image, detailed retinal view, clinical photography"
1210_left.jpg,glaucoma,"high quality fundus photograph of an eye with glaucoma, optic disc cupping, increased cup-to-disc ratio, medical ophthalmology image, detailed retinal view, clinical photography"
1210_right.jpg,glaucoma,"high quality fundus photograph of an eye with glaucoma, optic disc cupping, increased cup-to-disc ratio, medical ophthalmology image, detailed retinal view, clinical photography"
1211_right.jpg,glaucoma,"high quality fundus photograph of an eye with glaucoma, optic disc cupping, increased cup-to-disc ratio, medical ophthalmology image, detailed retinal view, clinical photography"
1212_left.jpg,glaucoma,"high quality fundus photograph of an eye with glaucoma, optic disc cupping, increased cup-to-disc ratio, medical ophthalmology image, detailed retinal view, clinical photography"
1212_right.jpg,glaucoma,"high quality fundus photograph of an eye with glaucoma, optic disc cupping, increased cup-to-disc ratio, medical ophthalmology image, detailed retinal view, clinical photography"
1213_left.jpg,glaucoma,"high quality fundus photograph of an eye with glaucoma, optic disc cupping, increased cup-to-disc ratio, medical ophthalmology image, detailed retinal view, clinical photography"
1213_right.jpg,glaucoma,"high quality fundus photograph of an eye with glaucoma, optic disc cupping, increased cup-to-disc ratio, medical ophthalmology image, detailed retinal view, clinical photography"
1214_right.jpg,glaucoma,"high quality fundus photograph of an eye with glaucoma, optic disc cupping, increased cup-to-disc ratio, medical ophthalmology image, detailed retinal view, clinical photography"
1215_left.jpg,glaucoma,"high quality fundus photograph of an eye with glaucoma, optic disc cupping, increased cup-to-disc ratio, medical ophthalmology image, detailed retinal view, clinical photography"
1215_right.jpg,glaucoma,"high quality fundus photograph of an eye with glaucoma, optic disc cupping, increased cup-to-disc ratio, medical ophthalmology image, detailed retinal view, clinical photography"
1216_left.jpg,glaucoma,"high quality fundus photograph of an eye with glaucoma, optic disc cupping, increased cup-to-disc ratio, medical ophthalmology image, detailed retinal view, clinical photography"
1216_right.jpg,glaucoma,"high quality fundus photograph of an eye with glaucoma, optic disc cupping, increased cup-to-disc ratio, medical ophthalmology image, detailed retinal view, clinical photography"
1217_left.jpg,glaucoma,"high quality fundus photograph of an eye with glaucoma, optic disc cupping, increased cup-to-disc ratio, medical ophthalmology image, detailed retinal view, clinical photography"
1217_right.jpg,glaucoma,"high quality fundus photograph of an eye with glaucoma, optic disc cupping, increased cup-to-disc ratio, medical ophthalmology image, detailed retinal view, clinical photography"
1218_left.jpg,glaucoma,"high quality fundus photograph of an eye with glaucoma, optic disc cupping, increased cup-to-disc ratio, medical ophthalmology image, detailed retinal view, clinical photography"
1218_right.jpg,glaucoma,"high quality fundus photograph of an eye with glaucoma, optic disc cupping, increased cup-to-disc ratio, medical ophthalmology image, detailed retinal view, clinical photography"
1220_left.jpg,glaucoma,"high quality fundus photograph of an eye with glaucoma, optic disc cupping, increased cup-to-disc ratio, medical ophthalmology image, detailed retinal view, clinical photography"
1220_right.jpg,glaucoma,"high quality fundus photograph of an eye with glaucoma, optic disc cupping, increased cup-to-disc ratio, medical ophthalmology image, detailed retinal view, clinical photography"
1221_left.jpg,glaucoma,"high quality fundus photograph of an eye with glaucoma, optic disc cupping, increased cup-to-disc ratio, medical ophthalmology image, detailed retinal view, clinical photography"
1221_right.jpg,glaucoma,"high quality fundus photograph of an eye with glaucoma, optic disc cupping, increased cup-to-disc ratio, medical ophthalmology image, detailed retinal view, clinical photography"
1222_left.jpg,glaucoma,"high quality fundus photograph of an eye with glaucoma, optic disc cupping, increased cup-to-disc ratio, medical ophthalmology image, detailed retinal view, clinical photography"
1222_right.jpg,glaucoma,"high quality fundus photograph of an eye with glaucoma, optic disc cupping, increased cup-to-disc ratio, medical ophthalmology image, detailed retinal view, clinical photography"
1225_left.jpg,glaucoma,"high quality fundus photograph of an eye with glaucoma, optic disc cupping, increased cup-to-disc ratio, medical ophthalmology image, detailed retinal view, clinical photography"
1225_right.jpg,glaucoma,"high quality fundus photograph of an eye with glaucoma, optic disc cupping, increased cup-to-disc ratio, medical ophthalmology image, detailed retinal view, clinical photography"
1226_left.jpg,glaucoma,"high quality fundus photograph of an eye with glaucoma, optic disc cupping, increased cup-to-disc ratio, medical ophthalmology image, detailed retinal view, clinical photography"
1226_right.jpg,glaucoma,"high quality fundus photograph of an eye with glaucoma, optic disc cupping, increased cup-to-disc ratio, medical ophthalmology image, detailed retinal view, clinical photography"
1227_left.jpg,glaucoma,"high quality fundus photograph of an eye with glaucoma, optic disc cupping, increased cup-to-disc ratio, medical ophthalmology image, detailed retinal view, clinical photography"
1227_right.jpg,glaucoma,"high quality fundus photograph of an eye with glaucoma, optic disc cupping, increased cup-to-disc ratio, medical ophthalmology image, detailed retinal view, clinical photography"
1228_left.jpg,glaucoma,"high quality fundus photograph of an eye with glaucoma, optic disc cupping, increased cup-to-disc ratio, medical ophthalmology image, detailed retinal view, clinical photography"
1229_left.jpg,glaucoma,"high quality fundus photograph of an eye with glaucoma, optic disc cupping, increased cup-to-disc ratio, medical ophthalmology image, detailed retinal view, clinical photography"
1229_right.jpg,glaucoma,"high quality fundus photograph of an eye with glaucoma, optic disc cupping, increased cup-to-disc ratio, medical ophthalmology image, detailed retinal view, clinical photography"
1230_left.jpg,glaucoma,"high quality fundus photograph of an eye with glaucoma, optic disc cupping, increased cup-to-disc ratio, medical ophthalmology image, detailed retinal view, clinical photography"
1230_right.jpg,glaucoma,"high quality fundus photograph of an eye with glaucoma, optic disc cupping, increased cup-to-disc ratio, medical ophthalmology image, detailed retinal view, clinical photography"
1231_left.jpg,glaucoma,"high quality fundus photograph of an eye with glaucoma, optic disc cupping, increased cup-to-disc ratio, medical ophthalmology image, detailed retinal view, clinical photography"
1231_right.jpg,glaucoma,"high quality fundus photograph of an eye with glaucoma, optic disc cupping, increased cup-to-disc ratio, medical ophthalmology image, detailed retinal view, clinical photography"
1232_left.jpg,glaucoma,"high quality fundus photograph of an eye with glaucoma, optic disc cupping, increased cup-to-disc ratio, medical ophthalmology image, detailed retinal view, clinical photography"
1232_right.jpg,glaucoma,"high quality fundus photograph of an eye with glaucoma, optic disc cupping, increased cup-to-disc ratio, medical ophthalmology image, detailed retinal view, clinical photography"
1234_left.jpg,glaucoma,"high quality fundus photograph of an eye with glaucoma, optic disc cupping, increased cup-to-disc ratio, medical ophthalmology image, detailed retinal view, clinical photography"
1234_right.jpg,glaucoma,"high quality fundus photograph of an eye with glaucoma, optic disc cupping, increased cup-to-disc ratio, medical ophthalmology image, detailed retinal view, clinical photography"
1237_left.jpg,glaucoma,"high quality fundus photograph of an eye with glaucoma, optic disc cupping, increased cup-to-disc ratio, medical ophthalmology image, detailed retinal view, clinical photography"
1237_right.jpg,glaucoma,"high quality fundus photograph of an eye with glaucoma, optic disc cupping, increased cup-to-disc ratio, medical ophthalmology image, detailed retinal view, clinical photography"
1238_right.jpg,glaucoma,"high quality fundus photograph of an eye with glaucoma, optic disc cupping, increased cup-to-disc ratio, medical ophthalmology image, detailed retinal view, clinical photography"
1239_left.jpg,glaucoma,"high quality fundus photograph of an eye with glaucoma, optic disc cupping, increased cup-to-disc ratio, medical ophthalmology image, detailed retinal view, clinical photography"
1239_right.jpg,glaucoma,"high quality fundus photograph of an eye with glaucoma, optic disc cupping, increased cup-to-disc ratio, medical ophthalmology image, detailed retinal view, clinical photography"
1241_left.jpg,glaucoma,"high quality fundus photograph of an eye with glaucoma, optic disc cupping, increased cup-to-disc ratio, medical ophthalmology image, detailed retinal view, clinical photography"
1241_right.jpg,glaucoma,"high quality fundus photograph of an eye with glaucoma, optic disc cupping, increased cup-to-disc ratio, medical ophthalmology image, detailed retinal view, clinical photography"
1243_right.jpg,glaucoma,"high quality fundus photograph of an eye with glaucoma, optic disc cupping, increased cup-to-disc ratio, medical ophthalmology image, detailed retinal view, clinical photography"
1246_left.jpg,glaucoma,"high quality fundus photograph of an eye with glaucoma, optic disc cupping, increased cup-to-disc ratio, medical ophthalmology image, detailed retinal view, clinical photography"
1246_right.jpg,glaucoma,"high quality fundus photograph of an eye with glaucoma, optic disc cupping, increased cup-to-disc ratio, medical ophthalmology image, detailed retinal view, clinical photography"
1247_left.jpg,glaucoma,"high quality fundus photograph of an eye with glaucoma, optic disc cupping, increased cup-to-disc ratio, medical ophthalmology image, detailed retinal view, clinical photography"
1247_right.jpg,glaucoma,"high quality fundus photograph of an eye with glaucoma, optic disc cupping, increased cup-to-disc ratio, medical ophthalmology image, detailed retinal view, clinical photography"
1248_left.jpg,glaucoma,"high quality fundus photograph of an eye with glaucoma, optic disc cupping, increased cup-to-disc ratio, medical ophthalmology image, detailed retinal view, clinical photography"
1248_right.jpg,glaucoma,"high quality fundus photograph of an eye with glaucoma, optic disc cupping, increased cup-to-disc ratio, medical ophthalmology image, detailed retinal view, clinical photography"
1251_left.jpg,glaucoma,"high quality fundus photograph of an eye with glaucoma, optic disc cupping, increased cup-to-disc ratio, medical ophthalmology image, detailed retinal view, clinical photography"
1254_right.jpg,glaucoma,"high quality fundus photograph of an eye with glaucoma, optic disc cupping, increased cup-to-disc ratio, medical ophthalmology image, detailed retinal view, clinical photography"
1255_left.jpg,glaucoma,"high quality fundus photograph of an eye with glaucoma, optic disc cupping, increased cup-to-disc ratio, medical ophthalmology image, detailed retinal view, clinical photography"
1255_right.jpg,glaucoma,"high quality fundus photograph of an eye with glaucoma, optic disc cupping, increased cup-to-disc ratio, medical ophthalmology image, detailed retinal view, clinical photography"
1256_left.jpg,glaucoma,"high quality fundus photograph of an eye with glaucoma, optic disc cupping, increased cup-to-disc ratio, medical ophthalmology image, detailed retinal view, clinical photography"
1256_right.jpg,glaucoma,"high quality fundus photograph of an eye with glaucoma, optic disc cupping, increased cup-to-disc ratio, medical ophthalmology image, detailed retinal view, clinical photography"
1258_left.jpg,glaucoma,"high quality fundus photograph of an eye with glaucoma, optic disc cupping, increased cup-to-disc ratio, medical ophthalmology image, detailed retinal view, clinical photography"
1258_right.jpg,glaucoma,"high quality fundus photograph of an eye with glaucoma, optic disc cupping, increased cup-to-disc ratio, medical ophthalmology image, detailed retinal view, clinical photography"
1259_left.jpg,glaucoma,"high quality fundus photograph of an eye with glaucoma, optic disc cupping, increased cup-to-disc ratio, medical ophthalmology image, detailed retinal view, clinical photography"
1259_right.jpg,glaucoma,"high quality fundus photograph of an eye with glaucoma, optic disc cupping, increased cup-to-disc ratio, medical ophthalmology image, detailed retinal view, clinical photography"
1260_left.jpg,glaucoma,"high quality fundus photograph of an eye with glaucoma, optic disc cupping, increased cup-to-disc ratio, medical ophthalmology image, detailed retinal view, clinical photography"
1260_right.jpg,glaucoma,"high quality fundus photograph of an eye with glaucoma, optic disc cupping, increased cup-to-disc ratio, medical ophthalmology image, detailed retinal view, clinical photography"
1261_left.jpg,glaucoma,"high quality fundus photograph of an eye with glaucoma, optic disc cupping, increased cup-to-disc ratio, medical ophthalmology image, detailed retinal view, clinical photography"
1261_right.jpg,glaucoma,"high quality fundus photograph of an eye with glaucoma, optic disc cupping, increased cup-to-disc ratio, medical ophthalmology image, detailed retinal view, clinical photography"
1263_right.jpg,glaucoma,"high quality fundus photograph of an eye with glaucoma, optic disc cupping, increased cup-to-disc ratio, medical ophthalmology image, detailed retinal view, clinical photography"
1265_left.jpg,glaucoma,"high quality fundus photograph of an eye with glaucoma, optic disc cupping, increased cup-to-disc ratio, medical ophthalmology image, detailed retinal view, clinical photography"
1265_right.jpg,glaucoma,"high quality fundus photograph of an eye with glaucoma, optic disc cupping, increased cup-to-disc ratio, medical ophthalmology image, detailed retinal view, clinical photography"
1266_left.jpg,glaucoma,"high quality fundus photograph of an eye with glaucoma, optic disc cupping, increased cup-to-disc ratio, medical ophthalmology image, detailed retinal view, clinical photography"
1266_right.jpg,glaucoma,"high quality fundus photograph of an eye with glaucoma, optic disc cupping, increased cup-to-disc ratio, medical ophthalmology image, detailed retinal view, clinical photography"
1267_left.jpg,glaucoma,"high quality fundus photograph of an eye with glaucoma, optic disc cupping, increased cup-to-disc ratio, medical ophthalmology image, detailed retinal view, clinical photography"
1267_right.jpg,glaucoma,"high quality fundus photograph of an eye with glaucoma, optic disc cupping, increased cup-to-disc ratio, medical ophthalmology image, detailed retinal view, clinical photography"
1268_left.jpg,glaucoma,"high quality fundus photograph of an eye with glaucoma, optic disc cupping, increased cup-to-disc ratio, medical ophthalmology image, detailed retinal view, clinical photography"
1268_right.jpg,glaucoma,"high quality fundus photograph of an eye with glaucoma, optic disc cupping, increased cup-to-disc ratio, medical ophthalmology image, detailed retinal view, clinical photography"
1269_left.jpg,glaucoma,"high quality fundus photograph of an eye with glaucoma, optic disc cupping, increased cup-to-disc ratio, medical ophthalmology image, detailed retinal view, clinical photography"
1269_right.jpg,glaucoma,"high quality fundus photograph of an eye with glaucoma, optic disc cupping, increased cup-to-disc ratio, medical ophthalmology image, detailed retinal view, clinical photography"
1270_left.jpg,glaucoma,"high quality fundus photograph of an eye with glaucoma, optic disc cupping, increased cup-to-disc ratio, medical ophthalmology image, detailed retinal view, clinical photography"
1270_right.jpg,glaucoma,"high quality fundus photograph of an eye with glaucoma, optic disc cupping, increased cup-to-disc ratio, medical ophthalmology image, detailed retinal view, clinical photography"
1271_left.jpg,glaucoma,"high quality fundus photograph of an eye with glaucoma, optic disc cupping, increased cup-to-disc ratio, medical ophthalmology image, detailed retinal view, clinical photography"
1271_right.jpg,glaucoma,"high quality fundus photograph of an eye with glaucoma, optic disc cupping, increased cup-to-disc ratio, medical ophthalmology image, detailed retinal view, clinical photography"
1272_left.jpg,glaucoma,"high quality fundus photograph of an eye with glaucoma, optic disc cupping, increased cup-to-disc ratio, medical ophthalmology image, detailed retinal view, clinical photography"
1272_right.jpg,glaucoma,"high quality fundus photograph of an eye with glaucoma, optic disc cupping, increased cup-to-disc ratio, medical ophthalmology image, detailed retinal view, clinical photography"
1273_right.jpg,glaucoma,"high quality fundus photograph of an eye with glaucoma, optic disc cupping, increased cup-to-disc ratio, medical ophthalmology image, detailed retinal view, clinical photography"
1276_left.jpg,glaucoma,"high quality fundus photograph of an eye with glaucoma, optic disc cupping, increased cup-to-disc ratio, medical ophthalmology image, detailed retinal view, clinical photography"
1276_right.jpg,glaucoma,"high quality fundus photograph of an eye with glaucoma, optic disc cupping, increased cup-to-disc ratio, medical ophthalmology image, detailed retinal view, clinical photography"
1277_left.jpg,glaucoma,"high quality fundus photograph of an eye with glaucoma, optic disc cupping, increased cup-to-disc ratio, medical ophthalmology image, detailed retinal view, clinical photography"
1277_right.jpg,glaucoma,"high quality fundus photograph of an eye with glaucoma, optic disc cupping, increased cup-to-disc ratio, medical ophthalmology image, detailed retinal view, clinical photography"
1279_left.jpg,glaucoma,"high quality fundus photograph of an eye with glaucoma, optic disc cupping, increased cup-to-disc ratio, medical ophthalmology image, detailed retinal view, clinical photography"
1279_right.jpg,glaucoma,"high quality fundus photograph of an eye with glaucoma, optic disc cupping, increased cup-to-disc ratio, medical ophthalmology image, detailed retinal view, clinical photography"
1280_left.jpg,glaucoma,"high quality fundus photograph of an eye with glaucoma, optic disc cupping, increased cup-to-disc ratio, medical ophthalmology image, detailed retinal view, clinical photography"
1281_left.jpg,glaucoma,"high quality fundus photograph of an eye with glaucoma, optic disc cupping, increased cup-to-disc ratio, medical ophthalmology image, detailed retinal view, clinical photography"
1281_right.jpg,glaucoma,"high quality fundus photograph of an eye with glaucoma, optic disc cupping, increased cup-to-disc ratio, medical ophthalmology image, detailed retinal view, clinical photography"
1282_left.jpg,glaucoma,"high quality fundus photograph of an eye with glaucoma, optic disc cupping, increased cup-to-disc ratio, medical ophthalmology image, detailed retinal view, clinical photography"
1282_right.jpg,glaucoma,"high quality fundus photograph of an eye with glaucoma, optic disc cupping, increased cup-to-disc ratio, medical ophthalmology image, detailed retinal view, clinical photography"
1284_left.jpg,glaucoma,"high quality fundus photograph of an eye with glaucoma, optic disc cupping, increased cup-to-disc ratio, medical ophthalmology image, detailed retinal view, clinical photography"
1284_right.jpg,glaucoma,"high quality fundus photograph of an eye with glaucoma, optic disc cupping, increased cup-to-disc ratio, medical ophthalmology image, detailed retinal view, clinical photography"
1286_left.jpg,glaucoma,"high quality fundus photograph of an eye with glaucoma, optic disc cupping, increased cup-to-disc ratio, medical ophthalmology image, detailed retinal view, clinical photography"
1286_right.jpg,glaucoma,"high quality fundus photograph of an eye with glaucoma, optic disc cupping, increased cup-to-disc ratio, medical ophthalmology image, detailed retinal view, clinical photography"
1287_left.jpg,glaucoma,"high quality fundus photograph of an eye with glaucoma, optic disc cupping, increased cup-to-disc ratio, medical ophthalmology image, detailed retinal view, clinical photography"
1287_right.jpg,glaucoma,"high quality fundus photograph of an eye with glaucoma, optic disc cupping, increased cup-to-disc ratio, medical ophthalmology image, detailed retinal view, clinical photography"
1288_left.jpg,glaucoma,"high quality fundus photograph of an eye with glaucoma, optic disc cupping, increased cup-to-disc ratio, medical ophthalmology image, detailed retinal view, clinical photography"
1288_right.jpg,glaucoma,"high quality fundus photograph of an eye with glaucoma, optic disc cupping, increased cup-to-disc ratio, medical ophthalmology image, detailed retinal view, clinical photography"
1289_left.jpg,glaucoma,"high quality fundus photograph of an eye with glaucoma, optic disc cupping, increased cup-to-disc ratio, medical ophthalmology image, detailed retinal view, clinical photography"
1289_right.jpg,glaucoma,"high quality fundus photograph of an eye with glaucoma, optic disc cupping, increased cup-to-disc ratio, medical ophthalmology image, detailed retinal view, clinical photography"
1290_left.jpg,glaucoma,"high quality fundus photograph of an eye with glaucoma, optic disc cupping, increased cup-to-disc ratio, medical ophthalmology image, detailed retinal view, clinical photography"
1290_right.jpg,glaucoma,"high quality fundus photograph of an eye with glaucoma, optic disc cupping, increased cup-to-disc ratio, medical ophthalmology image, detailed retinal view, clinical photography"
1291_left.jpg,glaucoma,"high quality fundus photograph of an eye with glaucoma, optic disc cupping, increased cup-to-disc ratio, medical ophthalmology image, detailed retinal view, clinical photography"
1291_right.jpg,glaucoma,"high quality fundus photograph of an eye with glaucoma, optic disc cupping, increased cup-to-disc ratio, medical ophthalmology image, detailed retinal view, clinical photography"
1294_left.jpg,glaucoma,"high quality fundus photograph of an eye with glaucoma, optic disc cupping, increased cup-to-disc ratio, medical ophthalmology image, detailed retinal view, clinical photography"
1294_right.jpg,glaucoma,"high quality fundus photograph of an eye with glaucoma, optic disc cupping, increased cup-to-disc ratio, medical ophthalmology image, detailed retinal view, clinical photography"
1297_left.jpg,glaucoma,"high quality fundus photograph of an eye with glaucoma, optic disc cupping, increased cup-to-disc ratio, medical ophthalmology image, detailed retinal view, clinical photography"
1297_right.jpg,glaucoma,"high quality fundus photograph of an eye with glaucoma, optic disc cupping, increased cup-to-disc ratio, medical ophthalmology image, detailed retinal view, clinical photography"
1301_left.jpg,glaucoma,"high quality fundus photograph of an eye with glaucoma, optic disc cupping, increased cup-to-disc ratio, medical ophthalmology image, detailed retinal view, clinical photography"
1301_right.jpg,glaucoma,"high quality fundus photograph of an eye with glaucoma, optic disc cupping, increased cup-to-disc ratio, medical ophthalmology image, detailed retinal view, clinical photography"
1302_left.jpg,glaucoma,"high quality fundus photograph of an eye with glaucoma, optic disc cupping, increased cup-to-disc ratio, medical ophthalmology image, detailed retinal view, clinical photography"
1302_right.jpg,glaucoma,"high quality fundus photograph of an eye with glaucoma, optic disc cupping, increased cup-to-disc ratio, medical ophthalmology image, detailed retinal view, clinical photography"
1303_left.jpg,glaucoma,"high quality fundus photograph of an eye with glaucoma, optic disc cupping, increased cup-to-disc ratio, medical ophthalmology image, detailed retinal view, clinical photography"
1306_left.jpg,glaucoma,"high quality fundus photograph of an eye with glaucoma, optic disc cupping, increased cup-to-disc ratio, medical ophthalmology image, detailed retinal view, clinical photography"
1306_right.jpg,glaucoma,"high quality fundus photograph of an eye with glaucoma, optic disc cupping, increased cup-to-disc ratio, medical ophthalmology image, detailed retinal view, clinical photography"
1307_left.jpg,glaucoma,"high quality fundus photograph of an eye with glaucoma, optic disc cupping, increased cup-to-disc ratio, medical ophthalmology image, detailed retinal view, clinical photography"
1307_right.jpg,glaucoma,"high quality fundus photograph of an eye with glaucoma, optic disc cupping, increased cup-to-disc ratio, medical ophthalmology image, detailed retinal view, clinical photography"
1309_left.jpg,glaucoma,"high quality fundus photograph of an eye with glaucoma, optic disc cupping, increased cup-to-disc ratio, medical ophthalmology image, detailed retinal view, clinical photography"
1309_right.jpg,glaucoma,"high quality fundus photograph of an eye with glaucoma, optic disc cupping, increased cup-to-disc ratio, medical ophthalmology image, detailed retinal view, clinical photography"
1314_left.jpg,glaucoma,"high quality fundus photograph of an eye with glaucoma, optic disc cupping, increased cup-to-disc ratio, medical ophthalmology image, detailed retinal view, clinical photography"
1314_right.jpg,glaucoma,"high quality fundus photograph of an eye with glaucoma, optic disc cupping, increased cup-to-disc ratio, medical ophthalmology image, detailed retinal view, clinical photography"
1318_left.jpg,glaucoma,"high quality fundus photograph of an eye with glaucoma, optic disc cupping, increased cup-to-disc ratio, medical ophthalmology image, detailed retinal view, clinical photography"
1318_right.jpg,glaucoma,"high quality fundus photograph of an eye with glaucoma, optic disc cupping, increased cup-to-disc ratio, medical ophthalmology image, detailed retinal view, clinical photography"
1319_right.jpg,glaucoma,"high quality fundus photograph of an eye with glaucoma, optic disc cupping, increased cup-to-disc ratio, medical ophthalmology image, detailed retinal view, clinical photography"
1325_left.jpg,glaucoma,"high quality fundus photograph of an eye with glaucoma, optic disc cupping, increased cup-to-disc ratio, medical ophthalmology image, detailed retinal view, clinical photography"
1325_right.jpg,glaucoma,"high quality fundus photograph of an eye with glaucoma, optic disc cupping, increased cup-to-disc ratio, medical ophthalmology image, detailed retinal view, clinical photography"
1327_left.jpg,glaucoma,"high quality fundus photograph of an eye with glaucoma, optic disc cupping, increased cup-to-disc ratio, medical ophthalmology image, detailed retinal view, clinical photography"
1327_right.jpg,glaucoma,"high quality fundus photograph of an eye with glaucoma, optic disc cupping, increased cup-to-disc ratio, medical ophthalmology image, detailed retinal view, clinical photography"
1330_left.jpg,glaucoma,"high quality fundus photograph of an eye with glaucoma, optic disc cupping, increased cup-to-disc ratio, medical ophthalmology image, detailed retinal view, clinical photography"
1330_right.jpg,glaucoma,"high quality fundus photograph of an eye with glaucoma, optic disc cupping, increased cup-to-disc ratio, medical ophthalmology image, detailed retinal view, clinical photography"
1334_left.jpg,glaucoma,"high quality fundus photograph of an eye with glaucoma, optic disc cupping, increased cup-to-disc ratio, medical ophthalmology image, detailed retinal view, clinical photography"
1334_right.jpg,glaucoma,"high quality fundus photograph of an eye with glaucoma, optic disc cupping, increased cup-to-disc ratio, medical ophthalmology image, detailed retinal view, clinical photography"
1344_left.jpg,glaucoma,"high quality fundus photograph of an eye with glaucoma, optic disc cupping, increased cup-to-disc ratio, medical ophthalmology image, detailed retinal view, clinical photography"
1344_right.jpg,glaucoma,"high quality fundus photograph of an eye with glaucoma, optic disc cupping, increased cup-to-disc ratio, medical ophthalmology image, detailed retinal view, clinical photography"
1345_left.jpg,glaucoma,"high quality fundus photograph of an eye with glaucoma, optic disc cupping, increased cup-to-disc ratio, medical ophthalmology image, detailed retinal view, clinical photography"
1345_right.jpg,glaucoma,"high quality fundus photograph of an eye with glaucoma, optic disc cupping, increased cup-to-disc ratio, medical ophthalmology image, detailed retinal view, clinical photography"
1351_left.jpg,glaucoma,"high quality fundus photograph of an eye with glaucoma, optic disc cupping, increased cup-to-disc ratio, medical ophthalmology image, detailed retinal view, clinical photography"
1351_right.jpg,glaucoma,"high quality fundus photograph of an eye with glaucoma, optic disc cupping, increased cup-to-disc ratio, medical ophthalmology image, detailed retinal view, clinical photography"
1352_left.jpg,glaucoma,"high quality fundus photograph of an eye with glaucoma, optic disc cupping, increased cup-to-disc ratio, medical ophthalmology image, detailed retinal view, clinical photography"
1352_right.jpg,glaucoma,"high quality fundus photograph of an eye with glaucoma, optic disc cupping, increased cup-to-disc ratio, medical ophthalmology image, detailed retinal view, clinical photography"
1353_left.jpg,glaucoma,"high quality fundus photograph of an eye with glaucoma, optic disc cupping, increased cup-to-disc ratio, medical ophthalmology image, detailed retinal view, clinical photography"
1353_right.jpg,glaucoma,"high quality fundus photograph of an eye with glaucoma, optic disc cupping, increased cup-to-disc ratio, medical ophthalmology image, detailed retinal view, clinical photography"
1362_left.jpg,glaucoma,"high quality fundus photograph of an eye with glaucoma, optic disc cupping, increased cup-to-disc ratio, medical ophthalmology image, detailed retinal view, clinical photography"
1362_right.jpg,glaucoma,"high quality fundus photograph of an eye with glaucoma, optic disc cupping, increased cup-to-disc ratio, medical ophthalmology image, detailed retinal view, clinical photography"
1365_left.jpg,glaucoma,"high quality fundus photograph of an eye with glaucoma, optic disc cupping, increased cup-to-disc ratio, medical ophthalmology image, detailed retinal view, clinical photography"
1365_right.jpg,glaucoma,"high quality fundus photograph of an eye with glaucoma, optic disc cupping, increased cup-to-disc ratio, medical ophthalmology image, detailed retinal view, clinical photography"
1369_left.jpg,glaucoma,"high quality fundus photograph of an eye with glaucoma, optic disc cupping, increased cup-to-disc ratio, medical ophthalmology image, detailed retinal view, clinical photography"
1371_left.jpg,glaucoma,"high quality fundus photograph of an eye with glaucoma, optic disc cupping, increased cup-to-disc ratio, medical ophthalmology image, detailed retinal view, clinical photography"
1371_right.jpg,glaucoma,"high quality fundus photograph of an eye with glaucoma, optic disc cupping, increased cup-to-disc ratio, medical ophthalmology image, detailed retinal view, clinical photography"
1374_left.jpg,glaucoma,"high quality fundus photograph of an eye with glaucoma, optic disc cupping, increased cup-to-disc ratio, medical ophthalmology image, detailed retinal view, clinical photography"
1374_right.jpg,glaucoma,"high quality fundus photograph of an eye with glaucoma, optic disc cupping, increased cup-to-disc ratio, medical ophthalmology image, detailed retinal view, clinical photography"
1377_right.jpg,glaucoma,"high quality fundus photograph of an eye with glaucoma, optic disc cupping, increased cup-to-disc ratio, medical ophthalmology image, detailed retinal view, clinical photography"
1378_right.jpg,glaucoma,"high quality fundus photograph of an eye with glaucoma, optic disc cupping, increased cup-to-disc ratio, medical ophthalmology image, detailed retinal view, clinical photography"
1383_left.jpg,glaucoma,"high quality fundus photograph of an eye with glaucoma, optic disc cupping, increased cup-to-disc ratio, medical ophthalmology image, detailed retinal view, clinical photography"
1386_left.jpg,glaucoma,"high quality fundus photograph of an eye with glaucoma, optic disc cupping, increased cup-to-disc ratio, medical ophthalmology image, detailed retinal view, clinical photography"
1386_right.jpg,glaucoma,"high quality fundus photograph of an eye with glaucoma, optic disc cupping, increased cup-to-disc ratio, medical ophthalmology image, detailed retinal view, clinical photography"
1388_right.jpg,glaucoma,"high quality fundus photograph of an eye with glaucoma, optic disc cupping, increased cup-to-disc ratio, medical ophthalmology image, detailed retinal view, clinical photography"
1389_left.jpg,glaucoma,"high quality fundus photograph of an eye with glaucoma, optic disc cupping, increased cup-to-disc ratio, medical ophthalmology image, detailed retinal view, clinical photography"
1389_right.jpg,glaucoma,"high quality fundus photograph of an eye with glaucoma, optic disc cupping, increased cup-to-disc ratio, medical ophthalmology image, detailed retinal view, clinical photography"
1392_left.jpg,glaucoma,"high quality fundus photograph of an eye with glaucoma, optic disc cupping, increased cup-to-disc ratio, medical ophthalmology image, detailed retinal view, clinical photography"
1392_right.jpg,glaucoma,"high quality fundus photograph of an eye with glaucoma, optic disc cupping, increased cup-to-disc ratio, medical ophthalmology image, detailed retinal view, clinical photography"
1393_right.jpg,glaucoma,"high quality fundus photograph of an eye with glaucoma, optic disc cupping, increased cup-to-disc ratio, medical ophthalmology image, detailed retinal view, clinical photography"
1396_left.jpg,glaucoma,"high quality fundus photograph of an eye with glaucoma, optic disc cupping, increased cup-to-disc ratio, medical ophthalmology image, detailed retinal view, clinical photography"
1397_left.jpg,glaucoma,"high quality fundus photograph of an eye with glaucoma, optic disc cupping, increased cup-to-disc ratio, medical ophthalmology image, detailed retinal view, clinical photography"
1402_left.jpg,glaucoma,"high quality fundus photograph of an eye with glaucoma, optic disc cupping, increased cup-to-disc ratio, medical ophthalmology image, detailed retinal view, clinical photography"
1404_left.jpg,glaucoma,"high quality fundus photograph of an eye with glaucoma, optic disc cupping, increased cup-to-disc ratio, medical ophthalmology image, detailed retinal view, clinical photography"
1405_left.jpg,glaucoma,"high quality fundus photograph of an eye with glaucoma, optic disc cupping, increased cup-to-disc ratio, medical ophthalmology image, detailed retinal view, clinical photography"
1406_left.jpg,glaucoma,"high quality fundus photograph of an eye with glaucoma, optic disc cupping, increased cup-to-disc ratio, medical ophthalmology image, detailed retinal view, clinical photography"
1408_right.jpg,glaucoma,"high quality fundus photograph of an eye with glaucoma, optic disc cupping, increased cup-to-disc ratio, medical ophthalmology image, detailed retinal view, clinical photography"
1409_right.jpg,glaucoma,"high quality fundus photograph of an eye with glaucoma, optic disc cupping, increased cup-to-disc ratio, medical ophthalmology image, detailed retinal view, clinical photography"
1410_left.jpg,glaucoma,"high quality fundus photograph of an eye with glaucoma, optic disc cupping, increased cup-to-disc ratio, medical ophthalmology image, detailed retinal view, clinical photography"
1411_left.jpg,glaucoma,"high quality fundus photograph of an eye with glaucoma, optic disc cupping, increased cup-to-disc ratio, medical ophthalmology image, detailed retinal view, clinical photography"
1411_right.jpg,glaucoma,"high quality fundus photograph of an eye with glaucoma, optic disc cupping, increased cup-to-disc ratio, medical ophthalmology image, detailed retinal view, clinical photography"
1412_right.jpg,glaucoma,"high quality fundus photograph of an eye with glaucoma, optic disc cupping, increased cup-to-disc ratio, medical ophthalmology image, detailed retinal view, clinical photography"
1413_right.jpg,glaucoma,"high quality fundus photograph of an eye with glaucoma, optic disc cupping, increased cup-to-disc ratio, medical ophthalmology image, detailed retinal view, clinical photography"
1414_left.jpg,glaucoma,"high quality fundus photograph of an eye with glaucoma, optic disc cupping, increased cup-to-disc ratio, medical ophthalmology image, detailed retinal view, clinical photography"
1415_right.jpg,glaucoma,"high quality fundus photograph of an eye with glaucoma, optic disc cupping, increased cup-to-disc ratio, medical ophthalmology image, detailed retinal view, clinical photography"
1416_right.jpg,glaucoma,"high quality fundus photograph of an eye with glaucoma, optic disc cupping, increased cup-to-disc ratio, medical ophthalmology image, detailed retinal view, clinical photography"
1417_right.jpg,glaucoma,"high quality fundus photograph of an eye with glaucoma, optic disc cupping, increased cup-to-disc ratio, medical ophthalmology image, detailed retinal view, clinical photography"
1418_left.jpg,glaucoma,"high quality fundus photograph of an eye with glaucoma, optic disc cupping, increased cup-to-disc ratio, medical ophthalmology image, detailed retinal view, clinical photography"
1419_left.jpg,glaucoma,"high quality fundus photograph of an eye with glaucoma, optic disc cupping, increased cup-to-disc ratio, medical ophthalmology image, detailed retinal view, clinical photography"
1420_right.jpg,glaucoma,"high quality fundus photograph of an eye with glaucoma, optic disc cupping, increased cup-to-disc ratio, medical ophthalmology image, detailed retinal view, clinical photography"
1421_left.jpg,glaucoma,"high quality fundus photograph of an eye with glaucoma, optic disc cupping, increased cup-to-disc ratio, medical ophthalmology image, detailed retinal view, clinical photography"
1423_left.jpg,glaucoma,"high quality fundus photograph of an eye with glaucoma, optic disc cupping, increased cup-to-disc ratio, medical ophthalmology image, detailed retinal view, clinical photography"
1424_left.jpg,glaucoma,"high quality fundus photograph of an eye with glaucoma, optic disc cupping, increased cup-to-disc ratio, medical ophthalmology image, detailed retinal view, clinical photography"
1425_right.jpg,glaucoma,"high quality fundus photograph of an eye with glaucoma, optic disc cupping, increased cup-to-disc ratio, medical ophthalmology image, detailed retinal view, clinical photography"
1426_left.jpg,glaucoma,"high quality fundus photograph of an eye with glaucoma, optic disc cupping, increased cup-to-disc ratio, medical ophthalmology image, detailed retinal view, clinical photography"
1427_right.jpg,glaucoma,"high quality fundus photograph of an eye with glaucoma, optic disc cupping, increased cup-to-disc ratio, medical ophthalmology image, detailed retinal view, clinical photography"
1428_left.jpg,glaucoma,"high quality fundus photograph of an eye with glaucoma, optic disc cupping, increased cup-to-disc ratio, medical ophthalmology image, detailed retinal view, clinical photography"
1429_left.jpg,glaucoma,"high quality fundus photograph of an eye with glaucoma, optic disc cupping, increased cup-to-disc ratio, medical ophthalmology image, detailed retinal view, clinical photography"
1431_left.jpg,glaucoma,"high quality fundus photograph of an eye with glaucoma, optic disc cupping, increased cup-to-disc ratio, medical ophthalmology image, detailed retinal view, clinical photography"
1431_right.jpg,glaucoma,"high quality fundus photograph of an eye with glaucoma, optic disc cupping, increased cup-to-disc ratio, medical ophthalmology image, detailed retinal view, clinical photography"
1433_left.jpg,glaucoma,"high quality fundus photograph of an eye with glaucoma, optic disc cupping, increased cup-to-disc ratio, medical ophthalmology image, detailed retinal view, clinical photography"
1433_right.jpg,glaucoma,"high quality fundus photograph of an eye with glaucoma, optic disc cupping, increased cup-to-disc ratio, medical ophthalmology image, detailed retinal view, clinical photography"
1434_left.jpg,glaucoma,"high quality fundus photograph of an eye with glaucoma, optic disc cupping, increased cup-to-disc ratio, medical ophthalmology image, detailed retinal view, clinical photography"
1434_right.jpg,glaucoma,"high quality fundus photograph of an eye with glaucoma, optic disc cupping, increased cup-to-disc ratio, medical ophthalmology image, detailed retinal view, clinical photography"
1436_left.jpg,glaucoma,"high quality fundus photograph of an eye with glaucoma, optic disc cupping, increased cup-to-disc ratio, medical ophthalmology image, detailed retinal view, clinical photography"
1436_right.jpg,glaucoma,"high quality fundus photograph of an eye with glaucoma, optic disc cupping, increased cup-to-disc ratio, medical ophthalmology image, detailed retinal view, clinical photography"
1439_left.jpg,glaucoma,"high quality fundus photograph of an eye with glaucoma, optic disc cupping, increased cup-to-disc ratio, medical ophthalmology image, detailed retinal view, clinical photography"
1440_left.jpg,glaucoma,"high quality fundus photograph of an eye with glaucoma, optic disc cupping, increased cup-to-disc ratio, medical ophthalmology image, detailed retinal view, clinical photography"
1440_right.jpg,glaucoma,"high quality fundus photograph of an eye with glaucoma, optic disc cupping, increased cup-to-disc ratio, medical ophthalmology image, detailed retinal view, clinical photography"
1441_left.jpg,glaucoma,"high quality fundus photograph of an eye with glaucoma, optic disc cupping, increased cup-to-disc ratio, medical ophthalmology image, detailed retinal view, clinical photography"
1442_left.jpg,glaucoma,"high quality fundus photograph of an eye with glaucoma, optic disc cupping, increased cup-to-disc ratio, medical ophthalmology image, detailed retinal view, clinical photography"
1443_left.jpg,glaucoma,"high quality fundus photograph of an eye with glaucoma, optic disc cupping, increased cup-to-disc ratio, medical ophthalmology image, detailed retinal view, clinical photography"
1443_right.jpg,glaucoma,"high quality fundus photograph of an eye with glaucoma, optic disc cupping, increased cup-to-disc ratio, medical ophthalmology image, detailed retinal view, clinical photography"
1447_left.jpg,glaucoma,"high quality fundus photograph of an eye with glaucoma, optic disc cupping, increased cup-to-disc ratio, medical ophthalmology image, detailed retinal view, clinical photography"
1450_left.jpg,glaucoma,"high quality fundus photograph of an eye with glaucoma, optic disc cupping, increased cup-to-disc ratio, medical ophthalmology image, detailed retinal view, clinical photography"
1453_right.jpg,glaucoma,"high quality fundus photograph of an eye with glaucoma, optic disc cupping, increased cup-to-disc ratio, medical ophthalmology image, detailed retinal view, clinical photography"
1458_left.jpg,glaucoma,"high quality fundus photograph of an eye with glaucoma, optic disc cupping, increased cup-to-disc ratio, medical ophthalmology image, detailed retinal view, clinical photography"
1458_right.jpg,glaucoma,"high quality fundus photograph of an eye with glaucoma, optic disc cupping, increased cup-to-disc ratio, medical ophthalmology image, detailed retinal view, clinical photography"
1462_left.jpg,glaucoma,"high quality fundus photograph of an eye with glaucoma, optic disc cupping, increased cup-to-disc ratio, medical ophthalmology image, detailed retinal view, clinical photography"
1465_right.jpg,glaucoma,"high quality fundus photograph of an eye with glaucoma, optic disc cupping, increased cup-to-disc ratio, medical ophthalmology image, detailed retinal view, clinical photography"
1469_left.jpg,glaucoma,"high quality fundus photograph of an eye with glaucoma, optic disc cupping, increased cup-to-disc ratio, medical ophthalmology image, detailed retinal view, clinical photography"
1469_right.jpg,glaucoma,"high quality fundus photograph of an eye with glaucoma, optic disc cupping, increased cup-to-disc ratio, medical ophthalmology image, detailed retinal view, clinical photography"
1470_left.jpg,glaucoma,"high quality fundus photograph of an eye with glaucoma, optic disc cupping, increased cup-to-disc ratio, medical ophthalmology image, detailed retinal view, clinical photography"
1470_right.jpg,glaucoma,"high quality fundus photograph of an eye with glaucoma, optic disc cupping, increased cup-to-disc ratio, medical ophthalmology image, detailed retinal view, clinical photography"
1471_left.jpg,glaucoma,"high quality fundus photograph of an eye with glaucoma, optic disc cupping, increased cup-to-disc ratio, medical ophthalmology image, detailed retinal view, clinical photography"
1473_left.jpg,glaucoma,"high quality fundus photograph of an eye with glaucoma, optic disc cupping, increased cup-to-disc ratio, medical ophthalmology image, detailed retinal view, clinical photography"
1473_right.jpg,glaucoma,"high quality fundus photograph of an eye with glaucoma, optic disc cupping, increased cup-to-disc ratio, medical ophthalmology image, detailed retinal view, clinical photography"
1474_left.jpg,glaucoma,"high quality fundus photograph of an eye with glaucoma, optic disc cupping, increased cup-to-disc ratio, medical ophthalmology image, detailed retinal view, clinical photography"
1476_right.jpg,glaucoma,"high quality fundus photograph of an eye with glaucoma, optic disc cupping, increased cup-to-disc ratio, medical ophthalmology image, detailed retinal view, clinical photography"
1477_left.jpg,glaucoma,"high quality fundus photograph of an eye with glaucoma, optic disc cupping, increased cup-to-disc ratio, medical ophthalmology image, detailed retinal view, clinical photography"
1477_right.jpg,glaucoma,"high quality fundus photograph of an eye with glaucoma, optic disc cupping, increased cup-to-disc ratio, medical ophthalmology image, detailed retinal view, clinical photography"
1478_left.jpg,glaucoma,"high quality fundus photograph of an eye with glaucoma, optic disc cupping, increased cup-to-disc ratio, medical ophthalmology image, detailed retinal view, clinical photography"
1479_left.jpg,glaucoma,"high quality fundus photograph of an eye with glaucoma, optic disc cupping, increased cup-to-disc ratio, medical ophthalmology image, detailed retinal view, clinical photography"
1480_right.jpg,glaucoma,"high quality fundus photograph of an eye with glaucoma, optic disc cupping, increased cup-to-disc ratio, medical ophthalmology image, detailed retinal view, clinical photography"
1482_left.jpg,glaucoma,"high quality fundus photograph of an eye with glaucoma, optic disc cupping, increased cup-to-disc ratio, medical ophthalmology image, detailed retinal view, clinical photography"
1485_right.jpg,glaucoma,"high quality fundus photograph of an eye with glaucoma, optic disc cupping, increased cup-to-disc ratio, medical ophthalmology image, detailed retinal view, clinical photography"
1486_left.jpg,glaucoma,"high quality fundus photograph of an eye with glaucoma, optic disc cupping, increased cup-to-disc ratio, medical ophthalmology image, detailed retinal view, clinical photography"
1487_left.jpg,glaucoma,"high quality fundus photograph of an eye with glaucoma, optic disc cupping, increased cup-to-disc ratio, medical ophthalmology image, detailed retinal view, clinical photography"
1487_right.jpg,glaucoma,"high quality fundus photograph of an eye with glaucoma, optic disc cupping, increased cup-to-disc ratio, medical ophthalmology image, detailed retinal view, clinical photography"
1488_left.jpg,glaucoma,"high quality fundus photograph of an eye with glaucoma, optic disc cupping, increased cup-to-disc ratio, medical ophthalmology image, detailed retinal view, clinical photography"
1488_right.jpg,glaucoma,"high quality fundus photograph of an eye with glaucoma, optic disc cupping, increased cup-to-disc ratio, medical ophthalmology image, detailed retinal view, clinical photography"
1489_left.jpg,glaucoma,"high quality fundus photograph of an eye with glaucoma, optic disc cupping, increased cup-to-disc ratio, medical ophthalmology image, detailed retinal view, clinical photography"
1491_left.jpg,glaucoma,"high quality fundus photograph of an eye with glaucoma, optic disc cupping, increased cup-to-disc ratio, medical ophthalmology image, detailed retinal view, clinical photography"
1492_left.jpg,glaucoma,"high quality fundus photograph of an eye with glaucoma, optic disc cupping, increased cup-to-disc ratio, medical ophthalmology image, detailed retinal view, clinical photography"
1492_right.jpg,glaucoma,"high quality fundus photograph of an eye with glaucoma, optic disc cupping, increased cup-to-disc ratio, medical ophthalmology image, detailed retinal view, clinical photography"
1493_left.jpg,glaucoma,"high quality fundus photograph of an eye with glaucoma, optic disc cupping, increased cup-to-disc ratio, medical ophthalmology image, detailed retinal view, clinical photography"
1494_left.jpg,glaucoma,"high quality fundus photograph of an eye with glaucoma, optic disc cupping, increased cup-to-disc ratio, medical ophthalmology image, detailed retinal view, clinical photography"
1495_left.jpg,glaucoma,"high quality fundus photograph of an eye with glaucoma, optic disc cupping, increased cup-to-disc ratio, medical ophthalmology image, detailed retinal view, clinical photography"
1495_right.jpg,glaucoma,"high quality fundus photograph of an eye with glaucoma, optic disc cupping, increased cup-to-disc ratio, medical ophthalmology image, detailed retinal view, clinical photography"
1496_right.jpg,glaucoma,"high quality fundus photograph of an eye with glaucoma, optic disc cupping, increased cup-to-disc ratio, medical ophthalmology image, detailed retinal view, clinical photography"
1497_left.jpg,glaucoma,"high quality fundus photograph of an eye with glaucoma, optic disc cupping, increased cup-to-disc ratio, medical ophthalmology image, detailed retinal view, clinical photography"
1497_right.jpg,glaucoma,"high quality fundus photograph of an eye with glaucoma, optic disc cupping, increased cup-to-disc ratio, medical ophthalmology image, detailed retinal view, clinical photography"
1498_left.jpg,glaucoma,"high quality fundus photograph of an eye with glaucoma, optic disc cupping, increased cup-to-disc ratio, medical ophthalmology image, detailed retinal view, clinical photography"
1503_right.jpg,glaucoma,"high quality fundus photograph of an eye with glaucoma, optic disc cupping, increased cup-to-disc ratio, medical ophthalmology image, detailed retinal view, clinical photography"
1507_right.jpg,glaucoma,"high quality fundus photograph of an eye with glaucoma, optic disc cupping, increased cup-to-disc ratio, medical ophthalmology image, detailed retinal view, clinical photography"
1510_right.jpg,glaucoma,"high quality fundus photograph of an eye with glaucoma, optic disc cupping, increased cup-to-disc ratio, medical ophthalmology image, detailed retinal view, clinical photography"
1514_left.jpg,glaucoma,"high quality fundus photograph of an eye with glaucoma, optic disc cupping, increased cup-to-disc ratio, medical ophthalmology image, detailed retinal view, clinical photography"
1515_left.jpg,glaucoma,"high quality fundus photograph of an eye with glaucoma, optic disc cupping, increased cup-to-disc ratio, medical ophthalmology image, detailed retinal view, clinical photography"
153_left.jpg,glaucoma,"high quality fundus photograph of an eye with glaucoma, optic disc cupping, increased cup-to-disc ratio, medical ophthalmology image, detailed retinal view, clinical photography"
167_left.jpg,glaucoma,"high quality fundus photograph of an eye with glaucoma, optic disc cupping, increased cup-to-disc ratio, medical ophthalmology image, detailed retinal view, clinical photography"
167_right.jpg,glaucoma,"high quality fundus photograph of an eye with glaucoma, optic disc cupping, increased cup-to-disc ratio, medical ophthalmology image, detailed retinal view, clinical photography"
178_left.jpg,glaucoma,"high quality fundus photograph of an eye with glaucoma, optic disc cupping, increased cup-to-disc ratio, medical ophthalmology image, detailed retinal view, clinical photography"
1881_left.jpg,glaucoma,"high quality fundus photograph of an eye with glaucoma, optic disc cupping, increased cup-to-disc ratio, medical ophthalmology image, detailed retinal view, clinical photography"
1881_right.jpg,glaucoma,"high quality fundus photograph of an eye with glaucoma, optic disc cupping, increased cup-to-disc ratio, medical ophthalmology image, detailed retinal view, clinical photography"
1959_left.jpg,glaucoma,"high quality fundus photograph of an eye with glaucoma, optic disc cupping, increased cup-to-disc ratio, medical ophthalmology image, detailed retinal view, clinical photography"
1959_right.jpg,glaucoma,"high quality fundus photograph of an eye with glaucoma, optic disc cupping, increased cup-to-disc ratio, medical ophthalmology image, detailed retinal view, clinical photography"
1963_right.jpg,glaucoma,"high quality fundus photograph of an eye with glaucoma, optic disc cupping, increased cup-to-disc ratio, medical ophthalmology image, detailed retinal view, clinical photography"
1964_left.jpg,glaucoma,"high quality fundus photograph of an eye with glaucoma, optic disc cupping, increased cup-to-disc ratio, medical ophthalmology image, detailed retinal view, clinical photography"
1965_left.jpg,glaucoma,"high quality fundus photograph of an eye with glaucoma, optic disc cupping, increased cup-to-disc ratio, medical ophthalmology image, detailed retinal view, clinical photography"
1967_left.jpg,glaucoma,"high quality fundus photograph of an eye with glaucoma, optic disc cupping, increased cup-to-disc ratio, medical ophthalmology image, detailed retinal view, clinical photography"
1967_right.jpg,glaucoma,"high quality fundus photograph of an eye with glaucoma, optic disc cupping, increased cup-to-disc ratio, medical ophthalmology image, detailed retinal view, clinical photography"
1970_left.jpg,glaucoma,"high quality fundus photograph of an eye with glaucoma, optic disc cupping, increased cup-to-disc ratio, medical ophthalmology image, detailed retinal view, clinical photography"
1971_left.jpg,glaucoma,"high quality fundus photograph of an eye with glaucoma, optic disc cupping, increased cup-to-disc ratio, medical ophthalmology image, detailed retinal view, clinical photography"
1975_left.jpg,glaucoma,"high quality fundus photograph of an eye with glaucoma, optic disc cupping, increased cup-to-disc ratio, medical ophthalmology image, detailed retinal view, clinical photography"
1977_left.jpg,glaucoma,"high quality fundus photograph of an eye with glaucoma, optic disc cupping, increased cup-to-disc ratio, medical ophthalmology image, detailed retinal view, clinical photography"
1977_right.jpg,glaucoma,"high quality fundus photograph of an eye with glaucoma, optic disc cupping, increased cup-to-disc ratio, medical ophthalmology image, detailed retinal view, clinical photography"
1985_left.jpg,glaucoma,"high quality fundus photograph of an eye with glaucoma, optic disc cupping, increased cup-to-disc ratio, medical ophthalmology image, detailed retinal view, clinical photography"
1986_left.jpg,glaucoma,"high quality fundus photograph of an eye with glaucoma, optic disc cupping, increased cup-to-disc ratio, medical ophthalmology image, detailed retinal view, clinical photography"
1990_right.jpg,glaucoma,"high quality fundus photograph of an eye with glaucoma, optic disc cupping, increased cup-to-disc ratio, medical ophthalmology image, detailed retinal view, clinical photography"
1999_right.jpg,glaucoma,"high quality fundus photograph of an eye with glaucoma, optic disc cupping, increased cup-to-disc ratio, medical ophthalmology image, detailed retinal view, clinical photography"
2006_left.jpg,glaucoma,"high quality fundus photograph of an eye with glaucoma, optic disc cupping, increased cup-to-disc ratio, medical ophthalmology image, detailed retinal view, clinical photography"
2010_left.jpg,glaucoma,"high quality fundus photograph of an eye with glaucoma, optic disc cupping, increased cup-to-disc ratio, medical ophthalmology image, detailed retinal view, clinical photography"
2020_left.jpg,glaucoma,"high quality fundus photograph of an eye with glaucoma, optic disc cupping, increased cup-to-disc ratio, medical ophthalmology image, detailed retinal view, clinical photography"
2030_left.jpg,glaucoma,"high quality fundus photograph of an eye with glaucoma, optic disc cupping, increased cup-to-disc ratio, medical ophthalmology image, detailed retinal view, clinical photography"
2030_right.jpg,glaucoma,"high quality fundus photograph of an eye with glaucoma, optic disc cupping, increased cup-to-disc ratio, medical ophthalmology image, detailed retinal view, clinical photography"
2032_right.jpg,glaucoma,"high quality fundus photograph of an eye with glaucoma, optic disc cupping, increased cup-to-disc ratio, medical ophthalmology image, detailed retinal view, clinical photography"
2041_left.jpg,glaucoma,"high quality fundus photograph of an eye with glaucoma, optic disc cupping, increased cup-to-disc ratio, medical ophthalmology image, detailed retinal view, clinical photography"
2048_right.jpg,glaucoma,"high quality fundus photograph of an eye with glaucoma, optic disc cupping, increased cup-to-disc ratio, medical ophthalmology image, detailed retinal view, clinical photography"
2063_left.jpg,glaucoma,"high quality fundus photograph of an eye with glaucoma, optic disc cupping, increased cup-to-disc ratio, medical ophthalmology image, detailed retinal view, clinical photography"
2063_right.jpg,glaucoma,"high quality fundus photograph of an eye with glaucoma, optic disc cupping, increased cup-to-disc ratio, medical ophthalmology image, detailed retinal view, clinical photography"
2074_left.jpg,glaucoma,"high quality fundus photograph of an eye with glaucoma, optic disc cupping, increased cup-to-disc ratio, medical ophthalmology image, detailed retinal view, clinical photography"
238_right.jpg,glaucoma,"high quality fundus photograph of an eye with glaucoma, optic disc cupping, increased cup-to-disc ratio, medical ophthalmology image, detailed retinal view, clinical photography"
247_left.jpg,glaucoma,"high quality fundus photograph of an eye with glaucoma, optic disc cupping, increased cup-to-disc ratio, medical ophthalmology image, detailed retinal view, clinical photography"
247_right.jpg,glaucoma,"high quality fundus photograph of an eye with glaucoma, optic disc cupping, increased cup-to-disc ratio, medical ophthalmology image, detailed retinal view, clinical photography"
365_left.jpg,glaucoma,"high quality fundus photograph of an eye with glaucoma, optic disc cupping, increased cup-to-disc ratio, medical ophthalmology image, detailed retinal view, clinical photography"
365_right.jpg,glaucoma,"high quality fundus photograph of an eye with glaucoma, optic disc cupping, increased cup-to-disc ratio, medical ophthalmology image, detailed retinal view, clinical photography"
43_right.jpg,glaucoma,"high quality fundus photograph of an eye with glaucoma, optic disc cupping, increased cup-to-disc ratio, medical ophthalmology image, detailed retinal view, clinical photography"
583_left.jpg,glaucoma,"high quality fundus photograph of an eye with glaucoma, optic disc cupping, increased cup-to-disc ratio, medical ophthalmology image, detailed retinal view, clinical photography"
583_right.jpg,glaucoma,"high quality fundus photograph of an eye with glaucoma, optic disc cupping, increased cup-to-disc ratio, medical ophthalmology image, detailed retinal view, clinical photography"
625_left.jpg,glaucoma,"high quality fundus photograph of an eye with glaucoma, optic disc cupping, increased cup-to-disc ratio, medical ophthalmology image, detailed retinal view, clinical photography"
746_left.jpg,glaucoma,"high quality fundus photograph of an eye with glaucoma, optic disc cupping, increased cup-to-disc ratio, medical ophthalmology image, detailed retinal view, clinical photography"
746_right.jpg,glaucoma,"high quality fundus photograph of an eye with glaucoma, optic disc cupping, increased cup-to-disc ratio, medical ophthalmology image, detailed retinal view, clinical photography"
931_left.jpg,glaucoma,"high quality fundus photograph of an eye with glaucoma, optic disc cupping, increased cup-to-disc ratio, medical ophthalmology image, detailed retinal view, clinical photography"
931_right.jpg,glaucoma,"high quality fundus photograph of an eye with glaucoma, optic disc cupping, increased cup-to-disc ratio, medical ophthalmology image, detailed retinal view, clinical photography"
95_left.jpg,glaucoma,"high quality fundus photograph of an eye with glaucoma, optic disc cupping, increased cup-to-disc ratio, medical ophthalmology image, detailed retinal view, clinical photography"
Glaucoma_001.png,glaucoma,"high quality fundus photograph of an eye with glaucoma, optic disc cupping, increased cup-to-disc ratio, medical ophthalmology image, detailed retinal view, clinical photography"
Glaucoma_002.png,glaucoma,"high quality fundus photograph of an eye with glaucoma, optic disc cupping, increased cup-to-disc ratio, medical ophthalmology image, detailed retinal view, clinical photography"
Glaucoma_003.png,glaucoma,"high quality fundus photograph of an eye with glaucoma, optic disc cupping, increased cup-to-disc ratio, medical ophthalmology image, detailed retinal view, clinical photography"
Glaucoma_004.png,glaucoma,"high quality fundus photograph of an eye with glaucoma, optic disc cupping, increased cup-to-disc ratio, medical ophthalmology image, detailed retinal view, clinical photography"
Glaucoma_005.png,glaucoma,"high quality fundus photograph of an eye with glaucoma, optic disc cupping, increased cup-to-disc ratio, medical ophthalmology image, detailed retinal view, clinical photography"
Glaucoma_006.png,glaucoma,"high quality fundus photograph of an eye with glaucoma, optic disc cupping, increased cup-to-disc ratio, medical ophthalmology image, detailed retinal view, clinical photography"
Glaucoma_007.png,glaucoma,"high quality fundus photograph of an eye with glaucoma, optic disc cupping, increased cup-to-disc ratio, medical ophthalmology image, detailed retinal view, clinical photography"
Glaucoma_008.png,glaucoma,"high quality fundus photograph of an eye with glaucoma, optic disc cupping, increased cup-to-disc ratio, medical ophthalmology image, detailed retinal view, clinical photography"
Glaucoma_009.png,glaucoma,"high quality fundus photograph of an eye with glaucoma, optic disc cupping, increased cup-to-disc ratio, medical ophthalmology image, detailed retinal view, clinical photography"
Glaucoma_010.png,glaucoma,"high quality fundus photograph of an eye with glaucoma, optic disc cupping, increased cup-to-disc ratio, medical ophthalmology image, detailed retinal view, clinical photography"
Glaucoma_011.png,glaucoma,"high quality fundus photograph of an eye with glaucoma, optic disc cupping, increased cup-to-disc ratio, medical ophthalmology image, detailed retinal view, clinical photography"
Glaucoma_012.png,glaucoma,"high quality fundus photograph of an eye with glaucoma, optic disc cupping, increased cup-to-disc ratio, medical ophthalmology image, detailed retinal view, clinical photography"
Glaucoma_013.png,glaucoma,"high quality fundus photograph of an eye with glaucoma, optic disc cupping, increased cup-to-disc ratio, medical ophthalmology image, detailed retinal view, clinical photography"
Glaucoma_014.png,glaucoma,"high quality fundus photograph of an eye with glaucoma, optic disc cupping, increased cup-to-disc ratio, medical ophthalmology image, detailed retinal view, clinical photography"
Glaucoma_015.png,glaucoma,"high quality fundus photograph of an eye with glaucoma, optic disc cupping, increased cup-to-disc ratio, medical ophthalmology image, detailed retinal view, clinical photography"
Glaucoma_016.png,glaucoma,"high quality fundus photograph of an eye with glaucoma, optic disc cupping, increased cup-to-disc ratio, medical ophthalmology image, detailed retinal view, clinical photography"
Glaucoma_017.png,glaucoma,"high quality fundus photograph of an eye with glaucoma, optic disc cupping, increased cup-to-disc ratio, medical ophthalmology image, detailed retinal view, clinical photography"
Glaucoma_018.png,glaucoma,"high quality fundus photograph of an eye with glaucoma, optic disc cupping, increased cup-to-disc ratio, medical ophthalmology image, detailed retinal view, clinical photography"
Glaucoma_019.png,glaucoma,"high quality fundus photograph of an eye with glaucoma, optic disc cupping, increased cup-to-disc ratio, medical ophthalmology image, detailed retinal view, clinical photography"
Glaucoma_020.png,glaucoma,"high quality fundus photograph of an eye with glaucoma, optic disc cupping, increased cup-to-disc ratio, medical ophthalmology image, detailed retinal view, clinical photography"
Glaucoma_021.png,glaucoma,"high quality fundus photograph of an eye with glaucoma, optic disc cupping, increased cup-to-disc ratio, medical ophthalmology image, detailed retinal view, clinical photography"
Glaucoma_022.png,glaucoma,"high quality fundus photograph of an eye with glaucoma, optic disc cupping, increased cup-to-disc ratio, medical ophthalmology image, detailed retinal view, clinical photography"
Glaucoma_023.png,glaucoma,"high quality fundus photograph of an eye with glaucoma, optic disc cupping, increased cup-to-disc ratio, medical ophthalmology image, detailed retinal view, clinical photography"
Glaucoma_024.png,glaucoma,"high quality fundus photograph of an eye with glaucoma, optic disc cupping, increased cup-to-disc ratio, medical ophthalmology image, detailed retinal view, clinical photography"
Glaucoma_025.png,glaucoma,"high quality fundus photograph of an eye with glaucoma, optic disc cupping, increased cup-to-disc ratio, medical ophthalmology image, detailed retinal view, clinical photography"
Glaucoma_026.png,glaucoma,"high quality fundus photograph of an eye with glaucoma, optic disc cupping, increased cup-to-disc ratio, medical ophthalmology image, detailed retinal view, clinical photography"
Glaucoma_027.png,glaucoma,"high quality fundus photograph of an eye with glaucoma, optic disc cupping, increased cup-to-disc ratio, medical ophthalmology image, detailed retinal view, clinical photography"
Glaucoma_028.png,glaucoma,"high quality fundus photograph of an eye with glaucoma, optic disc cupping, increased cup-to-disc ratio, medical ophthalmology image, detailed retinal view, clinical photography"
Glaucoma_029.png,glaucoma,"high quality fundus photograph of an eye with glaucoma, optic disc cupping, increased cup-to-disc ratio, medical ophthalmology image, detailed retinal view, clinical photography"
Glaucoma_030.png,glaucoma,"high quality fundus photograph of an eye with glaucoma, optic disc cupping, increased cup-to-disc ratio, medical ophthalmology image, detailed retinal view, clinical photography"
Glaucoma_031.png,glaucoma,"high quality fundus photograph of an eye with glaucoma, optic disc cupping, increased cup-to-disc ratio, medical ophthalmology image, detailed retinal view, clinical photography"
Glaucoma_032.png,glaucoma,"high quality fundus photograph of an eye with glaucoma, optic disc cupping, increased cup-to-disc ratio, medical ophthalmology image, detailed retinal view, clinical photography"
Glaucoma_033.png,glaucoma,"high quality fundus photograph of an eye with glaucoma, optic disc cupping, increased cup-to-disc ratio, medical ophthalmology image, detailed retinal view, clinical photography"
Glaucoma_034.png,glaucoma,"high quality fundus photograph of an eye with glaucoma, optic disc cupping, increased cup-to-disc ratio, medical ophthalmology image, detailed retinal view, clinical photography"
Glaucoma_035.png,glaucoma,"high quality fundus photograph of an eye with glaucoma, optic disc cupping, increased cup-to-disc ratio, medical ophthalmology image, detailed retinal view, clinical photography"
Glaucoma_036.png,glaucoma,"high quality fundus photograph of an eye with glaucoma, optic disc cupping, increased cup-to-disc ratio, medical ophthalmology image, detailed retinal view, clinical photography"
Glaucoma_037.png,glaucoma,"high quality fundus photograph of an eye with glaucoma, optic disc cupping, increased cup-to-disc ratio, medical ophthalmology image, detailed retinal view, clinical photography"
Glaucoma_038.png,glaucoma,"high quality fundus photograph of an eye with glaucoma, optic disc cupping, increased cup-to-disc ratio, medical ophthalmology image, detailed retinal view, clinical photography"
Glaucoma_039.png,glaucoma,"high quality fundus photograph of an eye with glaucoma, optic disc cupping, increased cup-to-disc ratio, medical ophthalmology image, detailed retinal view, clinical photography"
Glaucoma_040.png,glaucoma,"high quality fundus photograph of an eye with glaucoma, optic disc cupping, increased cup-to-disc ratio, medical ophthalmology image, detailed retinal view, clinical photography"
Glaucoma_041.png,glaucoma,"high quality fundus photograph of an eye with glaucoma, optic disc cupping, increased cup-to-disc ratio, medical ophthalmology image, detailed retinal view, clinical photography"
Glaucoma_042.png,glaucoma,"high quality fundus photograph of an eye with glaucoma, optic disc cupping, increased cup-to-disc ratio, medical ophthalmology image, detailed retinal view, clinical photography"
Glaucoma_043.png,glaucoma,"high quality fundus photograph of an eye with glaucoma, optic disc cupping, increased cup-to-disc ratio, medical ophthalmology image, detailed retinal view, clinical photography"
Glaucoma_044.png,glaucoma,"high quality fundus photograph of an eye with glaucoma, optic disc cupping, increased cup-to-disc ratio, medical ophthalmology image, detailed retinal view, clinical photography"
Glaucoma_045.png,glaucoma,"high quality fundus photograph of an eye with glaucoma, optic disc cupping, increased cup-to-disc ratio, medical ophthalmology image, detailed retinal view, clinical photography"
Glaucoma_046.png,glaucoma,"high quality fundus photograph of an eye with glaucoma, optic disc cupping, increased cup-to-disc ratio, medical ophthalmology image, detailed retinal view, clinical photography"
Glaucoma_047.png,glaucoma,"high quality fundus photograph of an eye with glaucoma, optic disc cupping, increased cup-to-disc ratio, medical ophthalmology image, detailed retinal view, clinical photography"
Glaucoma_048.png,glaucoma,"high quality fundus photograph of an eye with glaucoma, optic disc cupping, increased cup-to-disc ratio, medical ophthalmology image, detailed retinal view, clinical photography"
Glaucoma_049.png,glaucoma,"high quality fundus photograph of an eye with glaucoma, optic disc cupping, increased cup-to-disc ratio, medical ophthalmology image, detailed retinal view, clinical photography"
Glaucoma_050.png,glaucoma,"high quality fundus photograph of an eye with glaucoma, optic disc cupping, increased cup-to-disc ratio, medical ophthalmology image, detailed retinal view, clinical photography"
Glaucoma_051.png,glaucoma,"high quality fundus photograph of an eye with glaucoma, optic disc cupping, increased cup-to-disc ratio, medical ophthalmology image, detailed retinal view, clinical photography"
Glaucoma_052.png,glaucoma,"high quality fundus photograph of an eye with glaucoma, optic disc cupping, increased cup-to-disc ratio, medical ophthalmology image, detailed retinal view, clinical photography"
Glaucoma_053.png,glaucoma,"high quality fundus photograph of an eye with glaucoma, optic disc cupping, increased cup-to-disc ratio, medical ophthalmology image, detailed retinal view, clinical photography"
Glaucoma_054.png,glaucoma,"high quality fundus photograph of an eye with glaucoma, optic disc cupping, increased cup-to-disc ratio, medical ophthalmology image, detailed retinal view, clinical photography"
Glaucoma_055.png,glaucoma,"high quality fundus photograph of an eye with glaucoma, optic disc cupping, increased cup-to-disc ratio, medical ophthalmology image, detailed retinal view, clinical photography"
Glaucoma_056.png,glaucoma,"high quality fundus photograph of an eye with glaucoma, optic disc cupping, increased cup-to-disc ratio, medical ophthalmology image, detailed retinal view, clinical photography"
Glaucoma_057.png,glaucoma,"high quality fundus photograph of an eye with glaucoma, optic disc cupping, increased cup-to-disc ratio, medical ophthalmology image, detailed retinal view, clinical photography"
Glaucoma_058.png,glaucoma,"high quality fundus photograph of an eye with glaucoma, optic disc cupping, increased cup-to-disc ratio, medical ophthalmology image, detailed retinal view, clinical photography"
Glaucoma_059.png,glaucoma,"high quality fundus photograph of an eye with glaucoma, optic disc cupping, increased cup-to-disc ratio, medical ophthalmology image, detailed retinal view, clinical photography"
Glaucoma_060.png,glaucoma,"high quality fundus photograph of an eye with glaucoma, optic disc cupping, increased cup-to-disc ratio, medical ophthalmology image, detailed retinal view, clinical photography"
Glaucoma_061.png,glaucoma,"high quality fundus photograph of an eye with glaucoma, optic disc cupping, increased cup-to-disc ratio, medical ophthalmology image, detailed retinal view, clinical photography"
Glaucoma_062.png,glaucoma,"high quality fundus photograph of an eye with glaucoma, optic disc cupping, increased cup-to-disc ratio, medical ophthalmology image, detailed retinal view, clinical photography"
Glaucoma_063.png,glaucoma,"high quality fundus photograph of an eye with glaucoma, optic disc cupping, increased cup-to-disc ratio, medical ophthalmology image, detailed retinal view, clinical photography"
Glaucoma_064.png,glaucoma,"high quality fundus photograph of an eye with glaucoma, optic disc cupping, increased cup-to-disc ratio, medical ophthalmology image, detailed retinal view, clinical photography"
Glaucoma_065.png,glaucoma,"high quality fundus photograph of an eye with glaucoma, optic disc cupping, increased cup-to-disc ratio, medical ophthalmology image, detailed retinal view, clinical photography"
Glaucoma_066.png,glaucoma,"high quality fundus photograph of an eye with glaucoma, optic disc cupping, increased cup-to-disc ratio, medical ophthalmology image, detailed retinal view, clinical photography"
Glaucoma_067.png,glaucoma,"high quality fundus photograph of an eye with glaucoma, optic disc cupping, increased cup-to-disc ratio, medical ophthalmology image, detailed retinal view, clinical photography"
Glaucoma_068.png,glaucoma,"high quality fundus photograph of an eye with glaucoma, optic disc cupping, increased cup-to-disc ratio, medical ophthalmology image, detailed retinal view, clinical photography"
Glaucoma_069.png,glaucoma,"high quality fundus photograph of an eye with glaucoma, optic disc cupping, increased cup-to-disc ratio, medical ophthalmology image, detailed retinal view, clinical photography"
Glaucoma_070.png,glaucoma,"high quality fundus photograph of an eye with glaucoma, optic disc cupping, increased cup-to-disc ratio, medical ophthalmology image, detailed retinal view, clinical photography"
Glaucoma_071.png,glaucoma,"high quality fundus photograph of an eye with glaucoma, optic disc cupping, increased cup-to-disc ratio, medical ophthalmology image, detailed retinal view, clinical photography"
Glaucoma_072.png,glaucoma,"high quality fundus photograph of an eye with glaucoma, optic disc cupping, increased cup-to-disc ratio, medical ophthalmology image, detailed retinal view, clinical photography"
Glaucoma_073.png,glaucoma,"high quality fundus photograph of an eye with glaucoma, optic disc cupping, increased cup-to-disc ratio, medical ophthalmology image, detailed retinal view, clinical photography"
Glaucoma_074.png,glaucoma,"high quality fundus photograph of an eye with glaucoma, optic disc cupping, increased cup-to-disc ratio, medical ophthalmology image, detailed retinal view, clinical photography"
Glaucoma_075.png,glaucoma,"high quality fundus photograph of an eye with glaucoma, optic disc cupping, increased cup-to-disc ratio, medical ophthalmology image, detailed retinal view, clinical photography"
Glaucoma_076.png,glaucoma,"high quality fundus photograph of an eye with glaucoma, optic disc cupping, increased cup-to-disc ratio, medical ophthalmology image, detailed retinal view, clinical photography"
Glaucoma_077.png,glaucoma,"high quality fundus photograph of an eye with glaucoma, optic disc cupping, increased cup-to-disc ratio, medical ophthalmology image, detailed retinal view, clinical photography"
Glaucoma_078.png,glaucoma,"high quality fundus photograph of an eye with glaucoma, optic disc cupping, increased cup-to-disc ratio, medical ophthalmology image, detailed retinal view, clinical photography"
Glaucoma_079.png,glaucoma,"high quality fundus photograph of an eye with glaucoma, optic disc cupping, increased cup-to-disc ratio, medical ophthalmology image, detailed retinal view, clinical photography"
Glaucoma_080.png,glaucoma,"high quality fundus photograph of an eye with glaucoma, optic disc cupping, increased cup-to-disc ratio, medical ophthalmology image, detailed retinal view, clinical photography"
Glaucoma_081.png,glaucoma,"high quality fundus photograph of an eye with glaucoma, optic disc cupping, increased cup-to-disc ratio, medical ophthalmology image, detailed retinal view, clinical photography"
Glaucoma_082.png,glaucoma,"high quality fundus photograph of an eye with glaucoma, optic disc cupping, increased cup-to-disc ratio, medical ophthalmology image, detailed retinal view, clinical photography"
Glaucoma_083.png,glaucoma,"high quality fundus photograph of an eye with glaucoma, optic disc cupping, increased cup-to-disc ratio, medical ophthalmology image, detailed retinal view, clinical photography"
Glaucoma_084.png,glaucoma,"high quality fundus photograph of an eye with glaucoma, optic disc cupping, increased cup-to-disc ratio, medical ophthalmology image, detailed retinal view, clinical photography"
Glaucoma_085.png,glaucoma,"high quality fundus photograph of an eye with glaucoma, optic disc cupping, increased cup-to-disc ratio, medical ophthalmology image, detailed retinal view, clinical photography"
Glaucoma_086.png,glaucoma,"high quality fundus photograph of an eye with glaucoma, optic disc cupping, increased cup-to-disc ratio, medical ophthalmology image, detailed retinal view, clinical photography"
Glaucoma_087.png,glaucoma,"high quality fundus photograph of an eye with glaucoma, optic disc cupping, increased cup-to-disc ratio, medical ophthalmology image, detailed retinal view, clinical photography"
Glaucoma_088.png,glaucoma,"high quality fundus photograph of an eye with glaucoma, optic disc cupping, increased cup-to-disc ratio, medical ophthalmology image, detailed retinal view, clinical photography"
Glaucoma_089.png,glaucoma,"high quality fundus photograph of an eye with glaucoma, optic disc cupping, increased cup-to-disc ratio, medical ophthalmology image, detailed retinal view, clinical photography"
Glaucoma_090.png,glaucoma,"high quality fundus photograph of an eye with glaucoma, optic disc cupping, increased cup-to-disc ratio, medical ophthalmology image, detailed retinal view, clinical photography"
Glaucoma_091.png,glaucoma,"high quality fundus photograph of an eye with glaucoma, optic disc cupping, increased cup-to-disc ratio, medical ophthalmology image, detailed retinal view, clinical photography"
Glaucoma_092.png,glaucoma,"high quality fundus photograph of an eye with glaucoma, optic disc cupping, increased cup-to-disc ratio, medical ophthalmology image, detailed retinal view, clinical photography"
Glaucoma_093.png,glaucoma,"high quality fundus photograph of an eye with glaucoma, optic disc cupping, increased cup-to-disc ratio, medical ophthalmology image, detailed retinal view, clinical photography"
Glaucoma_094.png,glaucoma,"high quality fundus photograph of an eye with glaucoma, optic disc cupping, increased cup-to-disc ratio, medical ophthalmology image, detailed retinal view, clinical photography"
Glaucoma_095.png,glaucoma,"high quality fundus photograph of an eye with glaucoma, optic disc cupping, increased cup-to-disc ratio, medical ophthalmology image, detailed retinal view, clinical photography"
Glaucoma_096.png,glaucoma,"high quality fundus photograph of an eye with glaucoma, optic disc cupping, increased cup-to-disc ratio, medical ophthalmology image, detailed retinal view, clinical photography"
Glaucoma_097.png,glaucoma,"high quality fundus photograph of an eye with glaucoma, optic disc cupping, increased cup-to-disc ratio, medical ophthalmology image, detailed retinal view, clinical photography"
Glaucoma_098.png,glaucoma,"high quality fundus photograph of an eye with glaucoma, optic disc cupping, increased cup-to-disc ratio, medical ophthalmology image, detailed retinal view, clinical photography"
Glaucoma_099.png,glaucoma,"high quality fundus photograph of an eye with glaucoma, optic disc cupping, increased cup-to-disc ratio, medical ophthalmology image, detailed retinal view, clinical photography"
Glaucoma_100.png,glaucoma,"high quality fundus photograph of an eye with glaucoma, optic disc cupping, increased cup-to-disc ratio, medical ophthalmology image, detailed retinal view, clinical photography"
Glaucoma_101.png,glaucoma,"high quality fundus photograph of an eye with glaucoma, optic disc cupping, increased cup-to-disc ratio, medical ophthalmology image, detailed retinal view, clinical photography"
_0_4517448.jpg,glaucoma,"high quality fundus photograph of an eye with glaucoma, optic disc cupping, increased cup-to-disc ratio, medical ophthalmology image, detailed retinal view, clinical photography"
_100_3108233.jpg,glaucoma,"high quality fundus photograph of an eye with glaucoma, optic disc cupping, increased cup-to-disc ratio, medical ophthalmology image, detailed retinal view, clinical photography"
_100_965860.jpg,glaucoma,"high quality fundus photograph of an eye with glaucoma, optic disc cupping, increased cup-to-disc ratio, medical ophthalmology image, detailed retinal view, clinical photography"
_101_9321817.jpg,glaucoma,"high quality fundus photograph of an eye with glaucoma, optic disc cupping, increased cup-to-disc ratio, medical ophthalmology image, detailed retinal view, clinical photography"
_102_5502806.jpg,glaucoma,"high quality fundus photograph of an eye with glaucoma, optic disc cupping, increased cup-to-disc ratio, medical ophthalmology image, detailed retinal view, clinical photography"
_103_1487378.jpg,glaucoma,"high quality fundus photograph of an eye with glaucoma, optic disc cupping, increased cup-to-disc ratio, medical ophthalmology image, detailed retinal view, clinical photography"
_104_4154423.jpg,glaucoma,"high quality fundus photograph of an eye with glaucoma, optic disc cupping, increased cup-to-disc ratio, medical ophthalmology image, detailed retinal view, clinical photography"
_104_9271975.jpg,glaucoma,"high quality fundus photograph of an eye with glaucoma, optic disc cupping, increased cup-to-disc ratio, medical ophthalmology image, detailed retinal view, clinical photography"
_105_3766522.jpg,glaucoma,"high quality fundus photograph of an eye with glaucoma, optic disc cupping, increased cup-to-disc ratio, medical ophthalmology image, detailed retinal view, clinical photography"
_105_9159338.jpg,glaucoma,"high quality fundus photograph of an eye with glaucoma, optic disc cupping, increased cup-to-disc ratio, medical ophthalmology image, detailed retinal view, clinical photography"
_106_1940079.jpg,glaucoma,"high quality fundus photograph of an eye with glaucoma, optic disc cupping, increased cup-to-disc ratio, medical ophthalmology image, detailed retinal view, clinical photography"
_106_4788402.jpg,glaucoma,"high quality fundus photograph of an eye with glaucoma, optic disc cupping, increased cup-to-disc ratio, medical ophthalmology image, detailed retinal view, clinical photography"
_107_1720806.jpg,glaucoma,"high quality fundus photograph of an eye with glaucoma, optic disc cupping, increased cup-to-disc ratio, medical ophthalmology image, detailed retinal view, clinical photography"
_107_7535300.jpg,glaucoma,"high quality fundus photograph of an eye with glaucoma, optic disc cupping, increased cup-to-disc ratio, medical ophthalmology image, detailed retinal view, clinical photography"
_108_4678854.jpg,glaucoma,"high quality fundus photograph of an eye with glaucoma, optic disc cupping, increased cup-to-disc ratio, medical ophthalmology image, detailed retinal view, clinical photography"
_108_9870998.jpg,glaucoma,"high quality fundus photograph of an eye with glaucoma, optic disc cupping, increased cup-to-disc ratio, medical ophthalmology image, detailed retinal view, clinical photography"
_109_6854077.jpg,glaucoma,"high quality fundus photograph of an eye with glaucoma, optic disc cupping, increased cup-to-disc ratio, medical ophthalmology image, detailed retinal view, clinical photography"
_109_7080739.jpg,glaucoma,"high quality fundus photograph of an eye with glaucoma, optic disc cupping, increased cup-to-disc ratio, medical ophthalmology image, detailed retinal view, clinical photography"
_10_1472170.jpg,glaucoma,"high quality fundus photograph of an eye with glaucoma, optic disc cupping, increased cup-to-disc ratio, medical ophthalmology image, detailed retinal view, clinical photography"
_10_2555943.jpg,glaucoma,"high quality fundus photograph of an eye with glaucoma, optic disc cupping, increased cup-to-disc ratio, medical ophthalmology image, detailed retinal view, clinical photography"
_110_299285.jpg,glaucoma,"high quality fundus photograph of an eye with glaucoma, optic disc cupping, increased cup-to-disc ratio, medical ophthalmology image, detailed retinal view, clinical photography"
_110_8391204.jpg,glaucoma,"high quality fundus photograph of an eye with glaucoma, optic disc cupping, increased cup-to-disc ratio, medical ophthalmology image, detailed retinal view, clinical photography"
_111_1685203.jpg,glaucoma,"high quality fundus photograph of an eye with glaucoma, optic disc cupping, increased cup-to-disc ratio, medical ophthalmology image, detailed retinal view, clinical photography"
_112_6810179.jpg,glaucoma,"high quality fundus photograph of an eye with glaucoma, optic disc cupping, increased cup-to-disc ratio, medical ophthalmology image, detailed retinal view, clinical photography"
_113_3440509.jpg,glaucoma,"high quality fundus photograph of an eye with glaucoma, optic disc cupping, increased cup-to-disc ratio, medical ophthalmology image, detailed retinal view, clinical photography"
_113_8738972.jpg,glaucoma,"high quality fundus photograph of an eye with glaucoma, optic disc cupping, increased cup-to-disc ratio, medical ophthalmology image, detailed retinal view, clinical photography"
_114_4182799.jpg,glaucoma,"high quality fundus photograph of an eye with glaucoma, optic disc cupping, increased cup-to-disc ratio, medical ophthalmology image, detailed retinal view, clinical photography"
_114_6608378.jpg,glaucoma,"high quality fundus photograph of an eye with glaucoma, optic disc cupping, increased cup-to-disc ratio, medical ophthalmology image, detailed retinal view, clinical photography"
_115_501708.jpg,glaucoma,"high quality fundus photograph of an eye with glaucoma, optic disc cupping, increased cup-to-disc ratio, medical ophthalmology image, detailed retinal view, clinical photography"
_116_1943666.jpg,glaucoma,"high quality fundus photograph of an eye with glaucoma, optic disc cupping, increased cup-to-disc ratio, medical ophthalmology image, detailed retinal view, clinical photography"
_116_5760701.jpg,glaucoma,"high quality fundus photograph of an eye with glaucoma, optic disc cupping, increased cup-to-disc ratio, medical ophthalmology image, detailed retinal view, clinical photography"
_117_8186757.jpg,glaucoma,"high quality fundus photograph of an eye with glaucoma, optic disc cupping, increased cup-to-disc ratio, medical ophthalmology image, detailed retinal view, clinical photography"
_118_6838709.jpg,glaucoma,"high quality fundus photograph of an eye with glaucoma, optic disc cupping, increased cup-to-disc ratio, medical ophthalmology image, detailed retinal view, clinical photography"
_119_16937.jpg,glaucoma,"high quality fundus photograph of an eye with glaucoma, optic disc cupping, increased cup-to-disc ratio, medical ophthalmology image, detailed retinal view, clinical photography"
_11_6435526.jpg,glaucoma,"high quality fundus photograph of an eye with glaucoma, optic disc cupping, increased cup-to-disc ratio, medical ophthalmology image, detailed retinal view, clinical photography"
_11_7116915.jpg,glaucoma,"high quality fundus photograph of an eye with glaucoma, optic disc cupping, increased cup-to-disc ratio, medical ophthalmology image, detailed retinal view, clinical photography"
_120_7137220.jpg,glaucoma,"high quality fundus photograph of an eye with glaucoma, optic disc cupping, increased cup-to-disc ratio, medical ophthalmology image, detailed retinal view, clinical photography"
_120_7704110.jpg,glaucoma,"high quality fundus photograph of an eye with glaucoma, optic disc cupping, increased cup-to-disc ratio, medical ophthalmology image, detailed retinal view, clinical photography"
_121_1901719.jpg,glaucoma,"high quality fundus photograph of an eye with glaucoma, optic disc cupping, increased cup-to-disc ratio, medical ophthalmology image, detailed retinal view, clinical photography"
_121_2837450.jpg,glaucoma,"high quality fundus photograph of an eye with glaucoma, optic disc cupping, increased cup-to-disc ratio, medical ophthalmology image, detailed retinal view, clinical photography"
_122_7081164.jpg,glaucoma,"high quality fundus photograph of an eye with glaucoma, optic disc cupping, increased cup-to-disc ratio, medical ophthalmology image, detailed retinal view, clinical photography"
_123_2897373.jpg,glaucoma,"high quality fundus photograph of an eye with glaucoma, optic disc cupping, increased cup-to-disc ratio, medical ophthalmology image, detailed retinal view, clinical photography"
_123_6574789.jpg,glaucoma,"high quality fundus photograph of an eye with glaucoma, optic disc cupping, increased cup-to-disc ratio, medical ophthalmology image, detailed retinal view, clinical photography"
_124_11722.jpg,glaucoma,"high quality fundus photograph of an eye with glaucoma, optic disc cupping, increased cup-to-disc ratio, medical ophthalmology image, detailed retinal view, clinical photography"
_124_7084348.jpg,glaucoma,"high quality fundus photograph of an eye with glaucoma, optic disc cupping, increased cup-to-disc ratio, medical ophthalmology image, detailed retinal view, clinical photography"
_125_8676573.jpg,glaucoma,"high quality fundus photograph of an eye with glaucoma, optic disc cupping, increased cup-to-disc ratio, medical ophthalmology image, detailed retinal view, clinical photography"
_126_6964713.jpg,glaucoma,"high quality fundus photograph of an eye with glaucoma, optic disc cupping, increased cup-to-disc ratio, medical ophthalmology image, detailed retinal view, clinical photography"
_127_5473291.jpg,glaucoma,"high quality fundus photograph of an eye with glaucoma, optic disc cupping, increased cup-to-disc ratio, medical ophthalmology image, detailed retinal view, clinical photography"
_128_2241332.jpg,glaucoma,"high quality fundus photograph of an eye with glaucoma, optic disc cupping, increased cup-to-disc ratio, medical ophthalmology image, detailed retinal view, clinical photography"
_129_2098170.jpg,glaucoma,"high quality fundus photograph of an eye with glaucoma, optic disc cupping, increased cup-to-disc ratio, medical ophthalmology image, detailed retinal view, clinical photography"
_12_3840622.jpg,glaucoma,"high quality fundus photograph of an eye with glaucoma, optic disc cupping, increased cup-to-disc ratio, medical ophthalmology image, detailed retinal view, clinical photography"
_12_5295071.jpg,glaucoma,"high quality fundus photograph of an eye with glaucoma, optic disc cupping, increased cup-to-disc ratio, medical ophthalmology image, detailed retinal view, clinical photography"
_130_3806382.jpg,glaucoma,"high quality fundus photograph of an eye with glaucoma, optic disc cupping, increased cup-to-disc ratio, medical ophthalmology image, detailed retinal view, clinical photography"
_130_4811607.jpg,glaucoma,"high quality fundus photograph of an eye with glaucoma, optic disc cupping, increased cup-to-disc ratio, medical ophthalmology image, detailed retinal view, clinical photography"
_131_7117664.jpg,glaucoma,"high quality fundus photograph of an eye with glaucoma, optic disc cupping, increased cup-to-disc ratio, medical ophthalmology image, detailed retinal view, clinical photography"
_132_989976.jpg,glaucoma,"high quality fundus photograph of an eye with glaucoma, optic disc cupping, increased cup-to-disc ratio, medical ophthalmology image, detailed retinal view, clinical photography"
_133_3238309.jpg,glaucoma,"high quality fundus photograph of an eye with glaucoma, optic disc cupping, increased cup-to-disc ratio, medical ophthalmology image, detailed retinal view, clinical photography"
_133_9343456.jpg,glaucoma,"high quality fundus photograph of an eye with glaucoma, optic disc cupping, increased cup-to-disc ratio, medical ophthalmology image, detailed retinal view, clinical photography"
_134_3244278.jpg,glaucoma,"high quality fundus photograph of an eye with glaucoma, optic disc cupping, increased cup-to-disc ratio, medical ophthalmology image, detailed retinal view, clinical photography"
_134_8496063.jpg,glaucoma,"high quality fundus photograph of an eye with glaucoma, optic disc cupping, increased cup-to-disc ratio, medical ophthalmology image, detailed retinal view, clinical photography"
_135_2706541.jpg,glaucoma,"high quality fundus photograph of an eye with glaucoma, optic disc cupping, increased cup-to-disc ratio, medical ophthalmology image, detailed retinal view, clinical photography"
_136_9296374.jpg,glaucoma,"high quality fundus photograph of an eye with glaucoma, optic disc cupping, increased cup-to-disc ratio, medical ophthalmology image, detailed retinal view, clinical photography"
_137_1824460.jpg,glaucoma,"high quality fundus photograph of an eye with glaucoma, optic disc cupping, increased cup-to-disc ratio, medical ophthalmology image, detailed retinal view, clinical photography"
_138_2633578.jpg,glaucoma,"high quality fundus photograph of an eye with glaucoma, optic disc cupping, increased cup-to-disc ratio, medical ophthalmology image, detailed retinal view, clinical photography"
_139_2849264.jpg,glaucoma,"high quality fundus photograph of an eye with glaucoma, optic disc cupping, increased cup-to-disc ratio, medical ophthalmology image, detailed retinal view, clinical photography"
_13_697490.jpg,glaucoma,"high quality fundus photograph of an eye with glaucoma, optic disc cupping, increased cup-to-disc ratio, medical ophthalmology image, detailed retinal view, clinical photography"
_13_8126689.jpg,glaucoma,"high quality fundus photograph of an eye with glaucoma, optic disc cupping, increased cup-to-disc ratio, medical ophthalmology image, detailed retinal view, clinical photography"
_140_1036922.jpg,glaucoma,"high quality fundus photograph of an eye with glaucoma, optic disc cupping, increased cup-to-disc ratio, medical ophthalmology image, detailed retinal view, clinical photography"
_141_1074732.jpg,glaucoma,"high quality fundus photograph of an eye with glaucoma, optic disc cupping, increased cup-to-disc ratio, medical ophthalmology image, detailed retinal view, clinical photography"
_142_682945.jpg,glaucoma,"high quality fundus photograph of an eye with glaucoma, optic disc cupping, increased cup-to-disc ratio, medical ophthalmology image, detailed retinal view, clinical photography"
_143_7392909.jpg,glaucoma,"high quality fundus photograph of an eye with glaucoma, optic disc cupping, increased cup-to-disc ratio, medical ophthalmology image, detailed retinal view, clinical photography"
_143_7549980.jpg,glaucoma,"high quality fundus photograph of an eye with glaucoma, optic disc cupping, increased cup-to-disc ratio, medical ophthalmology image, detailed retinal view, clinical photography"
_144_611038.jpg,glaucoma,"high quality fundus photograph of an eye with glaucoma, optic disc cupping, increased cup-to-disc ratio, medical ophthalmology image, detailed retinal view, clinical photography"
_145_2135273.jpg,glaucoma,"high quality fundus photograph of an eye with glaucoma, optic disc cupping, increased cup-to-disc ratio, medical ophthalmology image, detailed retinal view, clinical photography"
_145_9843041.jpg,glaucoma,"high quality fundus photograph of an eye with glaucoma, optic disc cupping, increased cup-to-disc ratio, medical ophthalmology image, detailed retinal view, clinical photography"
_146_6435949.jpg,glaucoma,"high quality fundus photograph of an eye with glaucoma, optic disc cupping, increased cup-to-disc ratio, medical ophthalmology image, detailed retinal view, clinical photography"
_146_8129711.jpg,glaucoma,"high quality fundus photograph of an eye with glaucoma, optic disc cupping, increased cup-to-disc ratio, medical ophthalmology image, detailed retinal view, clinical photography"
_147_9123662.jpg,glaucoma,"high quality fundus photograph of an eye with glaucoma, optic disc cupping, increased cup-to-disc ratio, medical ophthalmology image, detailed retinal view, clinical photography"
_147_9725919.jpg,glaucoma,"high quality fundus photograph of an eye with glaucoma, optic disc cupping, increased cup-to-disc ratio, medical ophthalmology image, detailed retinal view, clinical photography"
_148_3847249.jpg,glaucoma,"high quality fundus photograph of an eye with glaucoma, optic disc cupping, increased cup-to-disc ratio, medical ophthalmology image, detailed retinal view, clinical photography"
_148_9432356.jpg,glaucoma,"high quality fundus photograph of an eye with glaucoma, optic disc cupping, increased cup-to-disc ratio, medical ophthalmology image, detailed retinal view, clinical photography"
_149_7432879.jpg,glaucoma,"high quality fundus photograph of an eye with glaucoma, optic disc cupping, increased cup-to-disc ratio, medical ophthalmology image, detailed retinal view, clinical photography"
_14_3746939.jpg,glaucoma,"high quality fundus photograph of an eye with glaucoma, optic disc cupping, increased cup-to-disc ratio, medical ophthalmology image, detailed retinal view, clinical photography"
_150_5894989.jpg,glaucoma,"high quality fundus photograph of an eye with glaucoma, optic disc cupping, increased cup-to-disc ratio, medical ophthalmology image, detailed retinal view, clinical photography"
_151_3685359.jpg,glaucoma,"high quality fundus photograph of an eye with glaucoma, optic disc cupping, increased cup-to-disc ratio, medical ophthalmology image, detailed retinal view, clinical photography"
_152_3014051.jpg,glaucoma,"high quality fundus photograph of an eye with glaucoma, optic disc cupping, increased cup-to-disc ratio, medical ophthalmology image, detailed retinal view, clinical photography"
_153_9723315.jpg,glaucoma,"high quality fundus photograph of an eye with glaucoma, optic disc cupping, increased cup-to-disc ratio, medical ophthalmology image, detailed retinal view, clinical photography"
_154_6297009.jpg,glaucoma,"high quality fundus photograph of an eye with glaucoma, optic disc cupping, increased cup-to-disc ratio, medical ophthalmology image, detailed retinal view, clinical photography"
_155_1218981.jpg,glaucoma,"high quality fundus photograph of an eye with glaucoma, optic disc cupping, increased cup-to-disc ratio, medical ophthalmology image, detailed retinal view, clinical photography"
_155_4972319.jpg,glaucoma,"high quality fundus photograph of an eye with glaucoma, optic disc cupping, increased cup-to-disc ratio, medical ophthalmology image, detailed retinal view, clinical photography"
_156_1243799.jpg,glaucoma,"high quality fundus photograph of an eye with glaucoma, optic disc cupping, increased cup-to-disc ratio, medical ophthalmology image, detailed retinal view, clinical photography"
_157_6473114.jpg,glaucoma,"high quality fundus photograph of an eye with glaucoma, optic disc cupping, increased cup-to-disc ratio, medical ophthalmology image, detailed retinal view, clinical photography"
_157_7971265.jpg,glaucoma,"high quality fundus photograph of an eye with glaucoma, optic disc cupping, increased cup-to-disc ratio, medical ophthalmology image, detailed retinal view, clinical photography"
_158_2390292.jpg,glaucoma,"high quality fundus photograph of an eye with glaucoma, optic disc cupping, increased cup-to-disc ratio, medical ophthalmology image, detailed retinal view, clinical photography"
_158_8802624.jpg,glaucoma,"high quality fundus photograph of an eye with glaucoma, optic disc cupping, increased cup-to-disc ratio, medical ophthalmology image, detailed retinal view, clinical photography"
_159_52965.jpg,glaucoma,"high quality fundus photograph of an eye with glaucoma, optic disc cupping, increased cup-to-disc ratio, medical ophthalmology image, detailed retinal view, clinical photography"
_15_1523968.jpg,glaucoma,"high quality fundus photograph of an eye with glaucoma, optic disc cupping, increased cup-to-disc ratio, medical ophthalmology image, detailed retinal view, clinical photography"
_15_5946153.jpg,glaucoma,"high quality fundus photograph of an eye with glaucoma, optic disc cupping, increased cup-to-disc ratio, medical ophthalmology image, detailed retinal view, clinical photography"
_160_3285565.jpg,glaucoma,"high quality fundus photograph of an eye with glaucoma, optic disc cupping, increased cup-to-disc ratio, medical ophthalmology image, detailed retinal view, clinical photography"
_160_6175019.jpg,glaucoma,"high quality fundus photograph of an eye with glaucoma, optic disc cupping, increased cup-to-disc ratio, medical ophthalmology image, detailed retinal view, clinical photography"
_161_1354200.jpg,glaucoma,"high quality fundus photograph of an eye with glaucoma, optic disc cupping, increased cup-to-disc ratio, medical ophthalmology image, detailed retinal view, clinical photography"
_161_5855059.jpg,glaucoma,"high quality fundus photograph of an eye with glaucoma, optic disc cupping, increased cup-to-disc ratio, medical ophthalmology image, detailed retinal view, clinical photography"
_162_6327245.jpg,glaucoma,"high quality fundus photograph of an eye with glaucoma, optic disc cupping, increased cup-to-disc ratio, medical ophthalmology image, detailed retinal view, clinical photography"
_163_4618487.jpg,glaucoma,"high quality fundus photograph of an eye with glaucoma, optic disc cupping, increased cup-to-disc ratio, medical ophthalmology image, detailed retinal view, clinical photography"
_163_6292807.jpg,glaucoma,"high quality fundus photograph of an eye with glaucoma, optic disc cupping, increased cup-to-disc ratio, medical ophthalmology image, detailed retinal view, clinical photography"
_164_2916527.jpg,glaucoma,"high quality fundus photograph of an eye with glaucoma, optic disc cupping, increased cup-to-disc ratio, medical ophthalmology image, detailed retinal view, clinical photography"
_164_5685997.jpg,glaucoma,"high quality fundus photograph of an eye with glaucoma, optic disc cupping, increased cup-to-disc ratio, medical ophthalmology image, detailed retinal view, clinical photography"
_165_3717126.jpg,glaucoma,"high quality fundus photograph of an eye with glaucoma, optic disc cupping, increased cup-to-disc ratio, medical ophthalmology image, detailed retinal view, clinical photography"
_165_6911194.jpg,glaucoma,"high quality fundus photograph of an eye with glaucoma, optic disc cupping, increased cup-to-disc ratio, medical ophthalmology image, detailed retinal view, clinical photography"
_166_5592889.jpg,glaucoma,"high quality fundus photograph of an eye with glaucoma, optic disc cupping, increased cup-to-disc ratio, medical ophthalmology image, detailed retinal view, clinical photography"
_166_613935.jpg,glaucoma,"high quality fundus photograph of an eye with glaucoma, optic disc cupping, increased cup-to-disc ratio, medical ophthalmology image, detailed retinal view, clinical photography"
_167_1325871.jpg,glaucoma,"high quality fundus photograph of an eye with glaucoma, optic disc cupping, increased cup-to-disc ratio, medical ophthalmology image, detailed retinal view, clinical photography"
_168_211365.jpg,glaucoma,"high quality fundus photograph of an eye with glaucoma, optic disc cupping, increased cup-to-disc ratio, medical ophthalmology image, detailed retinal view, clinical photography"
_169_5017005.jpg,glaucoma,"high quality fundus photograph of an eye with glaucoma, optic disc cupping, increased cup-to-disc ratio, medical ophthalmology image, detailed retinal view, clinical photography"
_16_2996330.jpg,glaucoma,"high quality fundus photograph of an eye with glaucoma, optic disc cupping, increased cup-to-disc ratio, medical ophthalmology image, detailed retinal view, clinical photography"
_16_8305794.jpg,glaucoma,"high quality fundus photograph of an eye with glaucoma, optic disc cupping, increased cup-to-disc ratio, medical ophthalmology image, detailed retinal view, clinical photography"
_170_2345909.jpg,glaucoma,"high quality fundus photograph of an eye with glaucoma, optic disc cupping, increased cup-to-disc ratio, medical ophthalmology image, detailed retinal view, clinical photography"
_171_4736817.jpg,glaucoma,"high quality fundus photograph of an eye with glaucoma, optic disc cupping, increased cup-to-disc ratio, medical ophthalmology image, detailed retinal view, clinical photography"
_171_8366749.jpg,glaucoma,"high quality fundus photograph of an eye with glaucoma, optic disc cupping, increased cup-to-disc ratio, medical ophthalmology image, detailed retinal view, clinical photography"
_172_2814012.jpg,glaucoma,"high quality fundus photograph of an eye with glaucoma, optic disc cupping, increased cup-to-disc ratio, medical ophthalmology image, detailed retinal view, clinical photography"
_172_4383599.jpg,glaucoma,"high quality fundus photograph of an eye with glaucoma, optic disc cupping, increased cup-to-disc ratio, medical ophthalmology image, detailed retinal view, clinical photography"
_173_7165688.jpg,glaucoma,"high quality fundus photograph of an eye with glaucoma, optic disc cupping, increased cup-to-disc ratio, medical ophthalmology image, detailed retinal view, clinical photography"
_174_2440424.jpg,glaucoma,"high quality fundus photograph of an eye with glaucoma, optic disc cupping, increased cup-to-disc ratio, medical ophthalmology image, detailed retinal view, clinical photography"
_175_9511671.jpg,glaucoma,"high quality fundus photograph of an eye with glaucoma, optic disc cupping, increased cup-to-disc ratio, medical ophthalmology image, detailed retinal view, clinical photography"
_176_88942.jpg,glaucoma,"high quality fundus photograph of an eye with glaucoma, optic disc cupping, increased cup-to-disc ratio, medical ophthalmology image, detailed retinal view, clinical photography"
_177_4666662.jpg,glaucoma,"high quality fundus photograph of an eye with glaucoma, optic disc cupping, increased cup-to-disc ratio, medical ophthalmology image, detailed retinal view, clinical photography"
_177_7654905.jpg,glaucoma,"high quality fundus photograph of an eye with glaucoma, optic disc cupping, increased cup-to-disc ratio, medical ophthalmology image, detailed retinal view, clinical photography"
_178_2720223.jpg,glaucoma,"high quality fundus photograph of an eye with glaucoma, optic disc cupping, increased cup-to-disc ratio, medical ophthalmology image, detailed retinal view, clinical photography"
_179_3204648.jpg,glaucoma,"high quality fundus photograph of an eye with glaucoma, optic disc cupping, increased cup-to-disc ratio, medical ophthalmology image, detailed retinal view, clinical photography"
_179_5369827.jpg,glaucoma,"high quality fundus photograph of an eye with glaucoma, optic disc cupping, increased cup-to-disc ratio, medical ophthalmology image, detailed retinal view, clinical photography"
_17_7347013.jpg,glaucoma,"high quality fundus photograph of an eye with glaucoma, optic disc cupping, increased cup-to-disc ratio, medical ophthalmology image, detailed retinal view, clinical photography"
_180_6449017.jpg,glaucoma,"high quality fundus photograph of an eye with glaucoma, optic disc cupping, increased cup-to-disc ratio, medical ophthalmology image, detailed retinal view, clinical photography"
_181_552191.jpg,glaucoma,"high quality fundus photograph of an eye with glaucoma, optic disc cupping, increased cup-to-disc ratio, medical ophthalmology image, detailed retinal view, clinical photography"
_182_6536787.jpg,glaucoma,"high quality fundus photograph of an eye with glaucoma, optic disc cupping, increased cup-to-disc ratio, medical ophthalmology image, detailed retinal view, clinical photography"
_182_8751077.jpg,glaucoma,"high quality fundus photograph of an eye with glaucoma, optic disc cupping, increased cup-to-disc ratio, medical ophthalmology image, detailed retinal view, clinical photography"
_183_3784240.jpg,glaucoma,"high quality fundus photograph of an eye with glaucoma, optic disc cupping, increased cup-to-disc ratio, medical ophthalmology image, detailed retinal view, clinical photography"
_184_4892495.jpg,glaucoma,"high quality fundus photograph of an eye with glaucoma, optic disc cupping, increased cup-to-disc ratio, medical ophthalmology image, detailed retinal view, clinical photography"
_184_7806010.jpg,glaucoma,"high quality fundus photograph of an eye with glaucoma, optic disc cupping, increased cup-to-disc ratio, medical ophthalmology image, detailed retinal view, clinical photography"
_185_1242583.jpg,glaucoma,"high quality fundus photograph of an eye with glaucoma, optic disc cupping, increased cup-to-disc ratio, medical ophthalmology image, detailed retinal view, clinical photography"
_185_7833633.jpg,glaucoma,"high quality fundus photograph of an eye with glaucoma, optic disc cupping, increased cup-to-disc ratio, medical ophthalmology image, detailed retinal view, clinical photography"
_186_2505679.jpg,glaucoma,"high quality fundus photograph of an eye with glaucoma, optic disc cupping, increased cup-to-disc ratio, medical ophthalmology image, detailed retinal view, clinical photography"
_186_3309365.jpg,glaucoma,"high quality fundus photograph of an eye with glaucoma, optic disc cupping, increased cup-to-disc ratio, medical ophthalmology image, detailed retinal view, clinical photography"
_187_6167645.jpg,glaucoma,"high quality fundus photograph of an eye with glaucoma, optic disc cupping, increased cup-to-disc ratio, medical ophthalmology image, detailed retinal view, clinical photography"
_187_9314717.jpg,glaucoma,"high quality fundus photograph of an eye with glaucoma, optic disc cupping, increased cup-to-disc ratio, medical ophthalmology image, detailed retinal view, clinical photography"
_188_1477185.jpg,glaucoma,"high quality fundus photograph of an eye with glaucoma, optic disc cupping, increased cup-to-disc ratio, medical ophthalmology image, detailed retinal view, clinical photography"
_188_6021497.jpg,glaucoma,"high quality fundus photograph of an eye with glaucoma, optic disc cupping, increased cup-to-disc ratio, medical ophthalmology image, detailed retinal view, clinical photography"
_189_1240865.jpg,glaucoma,"high quality fundus photograph of an eye with glaucoma, optic disc cupping, increased cup-to-disc ratio, medical ophthalmology image, detailed retinal view, clinical photography"
_189_3602727.jpg,glaucoma,"high quality fundus photograph of an eye with glaucoma, optic disc cupping, increased cup-to-disc ratio, medical ophthalmology image, detailed retinal view, clinical photography"
_18_2435759.jpg,glaucoma,"high quality fundus photograph of an eye with glaucoma, optic disc cupping, increased cup-to-disc ratio, medical ophthalmology image, detailed retinal view, clinical photography"
_190_7463607.jpg,glaucoma,"high quality fundus photograph of an eye with glaucoma, optic disc cupping, increased cup-to-disc ratio, medical ophthalmology image, detailed retinal view, clinical photography"
_191_4454313.jpg,glaucoma,"high quality fundus photograph of an eye with glaucoma, optic disc cupping, increased cup-to-disc ratio, medical ophthalmology image, detailed retinal view, clinical photography"
_191_6264437.jpg,glaucoma,"high quality fundus photograph of an eye with glaucoma, optic disc cupping, increased cup-to-disc ratio, medical ophthalmology image, detailed retinal view, clinical photography"
_192_1534346.jpg,glaucoma,"high quality fundus photograph of an eye with glaucoma, optic disc cupping, increased cup-to-disc ratio, medical ophthalmology image, detailed retinal view, clinical photography"
_192_8262976.jpg,glaucoma,"high quality fundus photograph of an eye with glaucoma, optic disc cupping, increased cup-to-disc ratio, medical ophthalmology image, detailed retinal view, clinical photography"
_193_7700887.jpg,glaucoma,"high quality fundus photograph of an eye with glaucoma, optic disc cupping, increased cup-to-disc ratio, medical ophthalmology image, detailed retinal view, clinical photography"
_193_8669043.jpg,glaucoma,"high quality fundus photograph of an eye with glaucoma, optic disc cupping, increased cup-to-disc ratio, medical ophthalmology image, detailed retinal view, clinical photography"
_194_8950727.jpg,glaucoma,"high quality fundus photograph of an eye with glaucoma, optic disc cupping, increased cup-to-disc ratio, medical ophthalmology image, detailed retinal view, clinical photography"
_195_1040294.jpg,glaucoma,"high quality fundus photograph of an eye with glaucoma, optic disc cupping, increased cup-to-disc ratio, medical ophthalmology image, detailed retinal view, clinical photography"
_195_8472436.jpg,glaucoma,"high quality fundus photograph of an eye with glaucoma, optic disc cupping, increased cup-to-disc ratio, medical ophthalmology image, detailed retinal view, clinical photography"
_196_3505519.jpg,glaucoma,"high quality fundus photograph of an eye with glaucoma, optic disc cupping, increased cup-to-disc ratio, medical ophthalmology image, detailed retinal view, clinical photography"
_196_9338682.jpg,glaucoma,"high quality fundus photograph of an eye with glaucoma, optic disc cupping, increased cup-to-disc ratio, medical ophthalmology image, detailed retinal view, clinical photography"
_197_5727246.jpg,glaucoma,"high quality fundus photograph of an eye with glaucoma, optic disc cupping, increased cup-to-disc ratio, medical ophthalmology image, detailed retinal view, clinical photography"
_197_9225516.jpg,glaucoma,"high quality fundus photograph of an eye with glaucoma, optic disc cupping, increased cup-to-disc ratio, medical ophthalmology image, detailed retinal view, clinical photography"
_198_4839828.jpg,glaucoma,"high quality fundus photograph of an eye with glaucoma, optic disc cupping, increased cup-to-disc ratio, medical ophthalmology image, detailed retinal view, clinical photography"
_198_8291898.jpg,glaucoma,"high quality fundus photograph of an eye with glaucoma, optic disc cupping, increased cup-to-disc ratio, medical ophthalmology image, detailed retinal view, clinical photography"
_199_1326301.jpg,glaucoma,"high quality fundus photograph of an eye with glaucoma, optic disc cupping, increased cup-to-disc ratio, medical ophthalmology image, detailed retinal view, clinical photography"
_199_7083786.jpg,glaucoma,"high quality fundus photograph of an eye with glaucoma, optic disc cupping, increased cup-to-disc ratio, medical ophthalmology image, detailed retinal view, clinical photography"
_19_6182574.jpg,glaucoma,"high quality fundus photograph of an eye with glaucoma, optic disc cupping, increased cup-to-disc ratio, medical ophthalmology image, detailed retinal view, clinical photography"
_19_7932720.jpg,glaucoma,"high quality fundus photograph of an eye with glaucoma, optic disc cupping, increased cup-to-disc ratio, medical ophthalmology image, detailed retinal view, clinical photography"
_1_4540560.jpg,glaucoma,"high quality fundus photograph of an eye with glaucoma, optic disc cupping, increased cup-to-disc ratio, medical ophthalmology image, detailed retinal view, clinical photography"
_200_8005975.jpg,glaucoma,"high quality fundus photograph of an eye with glaucoma, optic disc cupping, increased cup-to-disc ratio, medical ophthalmology image, detailed retinal view, clinical photography"
_201_387458.jpg,glaucoma,"high quality fundus photograph of an eye with glaucoma, optic disc cupping, increased cup-to-disc ratio, medical ophthalmology image, detailed retinal view, clinical photography"
_201_9193232.jpg,glaucoma,"high quality fundus photograph of an eye with glaucoma, optic disc cupping, increased cup-to-disc ratio, medical ophthalmology image, detailed retinal view, clinical photography"
_202_7508135.jpg,glaucoma,"high quality fundus photograph of an eye with glaucoma, optic disc cupping, increased cup-to-disc ratio, medical ophthalmology image, detailed retinal view, clinical photography"
_203_5093586.jpg,glaucoma,"high quality fundus photograph of an eye with glaucoma, optic disc cupping, increased cup-to-disc ratio, medical ophthalmology image, detailed retinal view, clinical photography"
_203_5167688.jpg,glaucoma,"high quality fundus photograph of an eye with glaucoma, optic disc cupping, increased cup-to-disc ratio, medical ophthalmology image, detailed retinal view, clinical photography"
_204_6942835.jpg,glaucoma,"high quality fundus photograph of an eye with glaucoma, optic disc cupping, increased cup-to-disc ratio, medical ophthalmology image, detailed retinal view, clinical photography"
_204_7650115.jpg,glaucoma,"high quality fundus photograph of an eye with glaucoma, optic disc cupping, increased cup-to-disc ratio, medical ophthalmology image, detailed retinal view, clinical photography"
_205_310538.jpg,glaucoma,"high quality fundus photograph of an eye with glaucoma, optic disc cupping, increased cup-to-disc ratio, medical ophthalmology image, detailed retinal view, clinical photography"
_205_8557164.jpg,glaucoma,"high quality fundus photograph of an eye with glaucoma, optic disc cupping, increased cup-to-disc ratio, medical ophthalmology image, detailed retinal view, clinical photography"
_206_1459040.jpg,glaucoma,"high quality fundus photograph of an eye with glaucoma, optic disc cupping, increased cup-to-disc ratio, medical ophthalmology image, detailed retinal view, clinical photography"
_206_5637335.jpg,glaucoma,"high quality fundus photograph of an eye with glaucoma, optic disc cupping, increased cup-to-disc ratio, medical ophthalmology image, detailed retinal view, clinical photography"
_207_6246518.jpg,glaucoma,"high quality fundus photograph of an eye with glaucoma, optic disc cupping, increased cup-to-disc ratio, medical ophthalmology image, detailed retinal view, clinical photography"
_207_7240075.jpg,glaucoma,"high quality fundus photograph of an eye with glaucoma, optic disc cupping, increased cup-to-disc ratio, medical ophthalmology image, detailed retinal view, clinical photography"
_208_7827214.jpg,glaucoma,"high quality fundus photograph of an eye with glaucoma, optic disc cupping, increased cup-to-disc ratio, medical ophthalmology image, detailed retinal view, clinical photography"
_209_6790686.jpg,glaucoma,"high quality fundus photograph of an eye with glaucoma, optic disc cupping, increased cup-to-disc ratio, medical ophthalmology image, detailed retinal view, clinical photography"
_20_5240419.jpg,glaucoma,"high quality fundus photograph of an eye with glaucoma, optic disc cupping, increased cup-to-disc ratio, medical ophthalmology image, detailed retinal view, clinical photography"
_20_7421444.jpg,glaucoma,"high quality fundus photograph of an eye with glaucoma, optic disc cupping, increased cup-to-disc ratio, medical ophthalmology image, detailed retinal view, clinical photography"
_210_840898.jpg,glaucoma,"high quality fundus photograph of an eye with glaucoma, optic disc cupping, increased cup-to-disc ratio, medical ophthalmology image, detailed retinal view, clinical photography"
_211_3409683.jpg,glaucoma,"high quality fundus photograph of an eye with glaucoma, optic disc cupping, increased cup-to-disc ratio, medical ophthalmology image, detailed retinal view, clinical photography"
_211_3554467.jpg,glaucoma,"high quality fundus photograph of an eye with glaucoma, optic disc cupping, increased cup-to-disc ratio, medical ophthalmology image, detailed retinal view, clinical photography"
_212_5947972.jpg,glaucoma,"high quality fundus photograph of an eye with glaucoma, optic disc cupping, increased cup-to-disc ratio, medical ophthalmology image, detailed retinal view, clinical photography"
_213_2572866.jpg,glaucoma,"high quality fundus photograph of an eye with glaucoma, optic disc cupping, increased cup-to-disc ratio, medical ophthalmology image, detailed retinal view, clinical photography"
_213_4395697.jpg,glaucoma,"high quality fundus photograph of an eye with glaucoma, optic disc cupping, increased cup-to-disc ratio, medical ophthalmology image, detailed retinal view, clinical photography"
_214_6540926.jpg,glaucoma,"high quality fundus photograph of an eye with glaucoma, optic disc cupping, increased cup-to-disc ratio, medical ophthalmology image, detailed retinal view, clinical photography"
_215_6808791.jpg,glaucoma,"high quality fundus photograph of an eye with glaucoma, optic disc cupping, increased cup-to-disc ratio, medical ophthalmology image, detailed retinal view, clinical photography"
_216_1547406.jpg,glaucoma,"high quality fundus photograph of an eye with glaucoma, optic disc cupping, increased cup-to-disc ratio, medical ophthalmology image, detailed retinal view, clinical photography"
_217_6214632.jpg,glaucoma,"high quality fundus photograph of an eye with glaucoma, optic disc cupping, increased cup-to-disc ratio, medical ophthalmology image, detailed retinal view, clinical photography"
_218_8917311.jpg,glaucoma,"high quality fundus photograph of an eye with glaucoma, optic disc cupping, increased cup-to-disc ratio, medical ophthalmology image, detailed retinal view, clinical photography"
_219_4035148.jpg,glaucoma,"high quality fundus photograph of an eye with glaucoma, optic disc cupping, increased cup-to-disc ratio, medical ophthalmology image, detailed retinal view, clinical photography"
_219_5715309.jpg,glaucoma,"high quality fundus photograph of an eye with glaucoma, optic disc cupping, increased cup-to-disc ratio, medical ophthalmology image, detailed retinal view, clinical photography"
_21_1293428.jpg,glaucoma,"high quality fundus photograph of an eye with glaucoma, optic disc cupping, increased cup-to-disc ratio, medical ophthalmology image, detailed retinal view, clinical photography"
_220_1375140.jpg,glaucoma,"high quality fundus photograph of an eye with glaucoma, optic disc cupping, increased cup-to-disc ratio, medical ophthalmology image, detailed retinal view, clinical photography"
_220_7711405.jpg,glaucoma,"high quality fundus photograph of an eye with glaucoma, optic disc cupping, increased cup-to-disc ratio, medical ophthalmology image, detailed retinal view, clinical photography"
_221_3079640.jpg,glaucoma,"high quality fundus photograph of an eye with glaucoma, optic disc cupping, increased cup-to-disc ratio, medical ophthalmology image, detailed retinal view, clinical photography"
_221_5014924.jpg,glaucoma,"high quality fundus photograph of an eye with glaucoma, optic disc cupping, increased cup-to-disc ratio, medical ophthalmology image, detailed retinal view, clinical photography"
_222_8813596.jpg,glaucoma,"high quality fundus photograph of an eye with glaucoma, optic disc cupping, increased cup-to-disc ratio, medical ophthalmology image, detailed retinal view, clinical photography"
_223_2293487.jpg,glaucoma,"high quality fundus photograph of an eye with glaucoma, optic disc cupping, increased cup-to-disc ratio, medical ophthalmology image, detailed retinal view, clinical photography"
_223_380742.jpg,glaucoma,"high quality fundus photograph of an eye with glaucoma, optic disc cupping, increased cup-to-disc ratio, medical ophthalmology image, detailed retinal view, clinical photography"
_224_5329904.jpg,glaucoma,"high quality fundus photograph of an eye with glaucoma, optic disc cupping, increased cup-to-disc ratio, medical ophthalmology image, detailed retinal view, clinical photography"
_225_247208.jpg,glaucoma,"high quality fundus photograph of an eye with glaucoma, optic disc cupping, increased cup-to-disc ratio, medical ophthalmology image, detailed retinal view, clinical photography"
_226_4398457.jpg,glaucoma,"high quality fundus photograph of an eye with glaucoma, optic disc cupping, increased cup-to-disc ratio, medical ophthalmology image, detailed retinal view, clinical photography"
_227_1784248.jpg,glaucoma,"high quality fundus photograph of an eye with glaucoma, optic disc cupping, increased cup-to-disc ratio, medical ophthalmology image, detailed retinal view, clinical photography"
_227_2716085.jpg,glaucoma,"high quality fundus photograph of an eye with glaucoma, optic disc cupping, increased cup-to-disc ratio, medical ophthalmology image, detailed retinal view, clinical photography"
_228_775182.jpg,glaucoma,"high quality fundus photograph of an eye with glaucoma, optic disc cupping, increased cup-to-disc ratio, medical ophthalmology image, detailed retinal view, clinical photography"
_229_5944044.jpg,glaucoma,"high quality fundus photograph of an eye with glaucoma, optic disc cupping, increased cup-to-disc ratio, medical ophthalmology image, detailed retinal view, clinical photography"
_22_1469685.jpg,glaucoma,"high quality fundus photograph of an eye with glaucoma, optic disc cupping, increased cup-to-disc ratio, medical ophthalmology image, detailed retinal view, clinical photography"
_22_8539479.jpg,glaucoma,"high quality fundus photograph of an eye with glaucoma, optic disc cupping, increased cup-to-disc ratio, medical ophthalmology image, detailed retinal view, clinical photography"
_230_7804467.jpg,glaucoma,"high quality fundus photograph of an eye with glaucoma, optic disc cupping, increased cup-to-disc ratio, medical ophthalmology image, detailed retinal view, clinical photography"
_231_4877279.jpg,glaucoma,"high quality fundus photograph of an eye with glaucoma, optic disc cupping, increased cup-to-disc ratio, medical ophthalmology image, detailed retinal view, clinical photography"
_231_7452050.jpg,glaucoma,"high quality fundus photograph of an eye with glaucoma, optic disc cupping, increased cup-to-disc ratio, medical ophthalmology image, detailed retinal view, clinical photography"
_232_7378783.jpg,glaucoma,"high quality fundus photograph of an eye with glaucoma, optic disc cupping, increased cup-to-disc ratio, medical ophthalmology image, detailed retinal view, clinical photography"
_232_9030219.jpg,glaucoma,"high quality fundus photograph of an eye with glaucoma, optic disc cupping, increased cup-to-disc ratio, medical ophthalmology image, detailed retinal view, clinical photography"
_233_3404764.jpg,glaucoma,"high quality fundus photograph of an eye with glaucoma, optic disc cupping, increased cup-to-disc ratio, medical ophthalmology image, detailed retinal view, clinical photography"
_234_5883794.jpg,glaucoma,"high quality fundus photograph of an eye with glaucoma, optic disc cupping, increased cup-to-disc ratio, medical ophthalmology image, detailed retinal view, clinical photography"
_235_1365390.jpg,glaucoma,"high quality fundus photograph of an eye with glaucoma, optic disc cupping, increased cup-to-disc ratio, medical ophthalmology image, detailed retinal view, clinical photography"
_235_7683512.jpg,glaucoma,"high quality fundus photograph of an eye with glaucoma, optic disc cupping, increased cup-to-disc ratio, medical ophthalmology image, detailed retinal view, clinical photography"
_236_6447023.jpg,glaucoma,"high quality fundus photograph of an eye with glaucoma, optic disc cupping, increased cup-to-disc ratio, medical ophthalmology image, detailed retinal view, clinical photography"
_236_8014695.jpg,glaucoma,"high quality fundus photograph of an eye with glaucoma, optic disc cupping, increased cup-to-disc ratio, medical ophthalmology image, detailed retinal view, clinical photography"
_237_8364169.jpg,glaucoma,"high quality fundus photograph of an eye with glaucoma, optic disc cupping, increased cup-to-disc ratio, medical ophthalmology image, detailed retinal view, clinical photography"
_238_9493538.jpg,glaucoma,"high quality fundus photograph of an eye with glaucoma, optic disc cupping, increased cup-to-disc ratio, medical ophthalmology image, detailed retinal view, clinical photography"
_239_5512637.jpg,glaucoma,"high quality fundus photograph of an eye with glaucoma, optic disc cupping, increased cup-to-disc ratio, medical ophthalmology image, detailed retinal view, clinical photography"
_23_8081299.jpg,glaucoma,"high quality fundus photograph of an eye with glaucoma, optic disc cupping, increased cup-to-disc ratio, medical ophthalmology image, detailed retinal view, clinical photography"
_240_968094.jpg,glaucoma,"high quality fundus photograph of an eye with glaucoma, optic disc cupping, increased cup-to-disc ratio, medical ophthalmology image, detailed retinal view, clinical photography"
_241_1530591.jpg,glaucoma,"high quality fundus photograph of an eye with glaucoma, optic disc cupping, increased cup-to-disc ratio, medical ophthalmology image, detailed retinal view, clinical photography"
_241_994470.jpg,glaucoma,"high quality fundus photograph of an eye with glaucoma, optic disc cupping, increased cup-to-disc ratio, medical ophthalmology image, detailed retinal view, clinical photography"
_242_5062809.jpg,glaucoma,"high quality fundus photograph of an eye with glaucoma, optic disc cupping, increased cup-to-disc ratio, medical ophthalmology image, detailed retinal view, clinical photography"
_242_9104523.jpg,glaucoma,"high quality fundus photograph of an eye with glaucoma, optic disc cupping, increased cup-to-disc ratio, medical ophthalmology image, detailed retinal view, clinical photography"
_243_5417546.jpg,glaucoma,"high quality fundus photograph of an eye with glaucoma, optic disc cupping, increased cup-to-disc ratio, medical ophthalmology image, detailed retinal view, clinical photography"
_243_95702.jpg,glaucoma,"high quality fundus photograph of an eye with glaucoma, optic disc cupping, increased cup-to-disc ratio, medical ophthalmology image, detailed retinal view, clinical photography"
_244_2165755.jpg,glaucoma,"high quality fundus photograph of an eye with glaucoma, optic disc cupping, increased cup-to-disc ratio, medical ophthalmology image, detailed retinal view, clinical photography"
_244_9609209.jpg,glaucoma,"high quality fundus photograph of an eye with glaucoma, optic disc cupping, increased cup-to-disc ratio, medical ophthalmology image, detailed retinal view, clinical photography"
_245_5517087.jpg,glaucoma,"high quality fundus photograph of an eye with glaucoma, optic disc cupping, increased cup-to-disc ratio, medical ophthalmology image, detailed retinal view, clinical photography"
_246_1688391.jpg,glaucoma,"high quality fundus photograph of an eye with glaucoma, optic disc cupping, increased cup-to-disc ratio, medical ophthalmology image, detailed retinal view, clinical photography"
_247_651494.jpg,glaucoma,"high quality fundus photograph of an eye with glaucoma, optic disc cupping, increased cup-to-disc ratio, medical ophthalmology image, detailed retinal view, clinical photography"
_248_1971812.jpg,glaucoma,"high quality fundus photograph of an eye with glaucoma, optic disc cupping, increased cup-to-disc ratio, medical ophthalmology image, detailed retinal view, clinical photography"
_249_5342875.jpg,glaucoma,"high quality fundus photograph of an eye with glaucoma, optic disc cupping, increased cup-to-disc ratio, medical ophthalmology image, detailed retinal view, clinical photography"
_249_6890690.jpg,glaucoma,"high quality fundus photograph of an eye with glaucoma, optic disc cupping, increased cup-to-disc ratio, medical ophthalmology image, detailed retinal view, clinical photography"
_24_3870780.jpg,glaucoma,"high quality fundus photograph of an eye with glaucoma, optic disc cupping, increased cup-to-disc ratio, medical ophthalmology image, detailed retinal view, clinical photography"
_24_5854972.jpg,glaucoma,"high quality fundus photograph of an eye with glaucoma, optic disc cupping, increased cup-to-disc ratio, medical ophthalmology image, detailed retinal view, clinical photography"
_250_1327645.jpg,glaucoma,"high quality fundus photograph of an eye with glaucoma, optic disc cupping, increased cup-to-disc ratio, medical ophthalmology image, detailed retinal view, clinical photography"
_251_5505179.jpg,glaucoma,"high quality fundus photograph of an eye with glaucoma, optic disc cupping, increased cup-to-disc ratio, medical ophthalmology image, detailed retinal view, clinical photography"
_251_8769594.jpg,glaucoma,"high quality fundus photograph of an eye with glaucoma, optic disc cupping, increased cup-to-disc ratio, medical ophthalmology image, detailed retinal view, clinical photography"
_252_4705064.jpg,glaucoma,"high quality fundus photograph of an eye with glaucoma, optic disc cupping, increased cup-to-disc ratio, medical ophthalmology image, detailed retinal view, clinical photography"
_253_8425650.jpg,glaucoma,"high quality fundus photograph of an eye with glaucoma, optic disc cupping, increased cup-to-disc ratio, medical ophthalmology image, detailed retinal view, clinical photography"
_254_5059705.jpg,glaucoma,"high quality fundus photograph of an eye with glaucoma, optic disc cupping, increased cup-to-disc ratio, medical ophthalmology image, detailed retinal view, clinical photography"
_254_8727190.jpg,glaucoma,"high quality fundus photograph of an eye with glaucoma, optic disc cupping, increased cup-to-disc ratio, medical ophthalmology image, detailed retinal view, clinical photography"
_255_4450651.jpg,glaucoma,"high quality fundus photograph of an eye with glaucoma, optic disc cupping, increased cup-to-disc ratio, medical ophthalmology image, detailed retinal view, clinical photography"
_255_7511159.jpg,glaucoma,"high quality fundus photograph of an eye with glaucoma, optic disc cupping, increased cup-to-disc ratio, medical ophthalmology image, detailed retinal view, clinical photography"
_256_1230567.jpg,glaucoma,"high quality fundus photograph of an eye with glaucoma, optic disc cupping, increased cup-to-disc ratio, medical ophthalmology image, detailed retinal view, clinical photography"
_257_1527283.jpg,glaucoma,"high quality fundus photograph of an eye with glaucoma, optic disc cupping, increased cup-to-disc ratio, medical ophthalmology image, detailed retinal view, clinical photography"
_257_3895456.jpg,glaucoma,"high quality fundus photograph of an eye with glaucoma, optic disc cupping, increased cup-to-disc ratio, medical ophthalmology image, detailed retinal view, clinical photography"
_258_6391320.jpg,glaucoma,"high quality fundus photograph of an eye with glaucoma, optic disc cupping, increased cup-to-disc ratio, medical ophthalmology image, detailed retinal view, clinical photography"
_259_7069358.jpg,glaucoma,"high quality fundus photograph of an eye with glaucoma, optic disc cupping, increased cup-to-disc ratio, medical ophthalmology image, detailed retinal view, clinical photography"
_259_9254323.jpg,glaucoma,"high quality fundus photograph of an eye with glaucoma, optic disc cupping, increased cup-to-disc ratio, medical ophthalmology image, detailed retinal view, clinical photography"
_25_9900235.jpg,glaucoma,"high quality fundus photograph of an eye with glaucoma, optic disc cupping, increased cup-to-disc ratio, medical ophthalmology image, detailed retinal view, clinical photography"
_260_4814230.jpg,glaucoma,"high quality fundus photograph of an eye with glaucoma, optic disc cupping, increased cup-to-disc ratio, medical ophthalmology image, detailed retinal view, clinical photography"
_261_1504984.jpg,glaucoma,"high quality fundus photograph of an eye with glaucoma, optic disc cupping, increased cup-to-disc ratio, medical ophthalmology image, detailed retinal view, clinical photography"
_261_6037248.jpg,glaucoma,"high quality fundus photograph of an eye with glaucoma, optic disc cupping, increased cup-to-disc ratio, medical ophthalmology image, detailed retinal view, clinical photography"
_262_3994169.jpg,glaucoma,"high quality fundus photograph of an eye with glaucoma, optic disc cupping, increased cup-to-disc ratio, medical ophthalmology image, detailed retinal view, clinical photography"
_263_9132183.jpg,glaucoma,"high quality fundus photograph of an eye with glaucoma, optic disc cupping, increased cup-to-disc ratio, medical ophthalmology image, detailed retinal view, clinical photography"
_263_9514192.jpg,glaucoma,"high quality fundus photograph of an eye with glaucoma, optic disc cupping, increased cup-to-disc ratio, medical ophthalmology image, detailed retinal view, clinical photography"
_264_1649776.jpg,glaucoma,"high quality fundus photograph of an eye with glaucoma, optic disc cupping, increased cup-to-disc ratio, medical ophthalmology image, detailed retinal view, clinical photography"
_264_8423794.jpg,glaucoma,"high quality fundus photograph of an eye with glaucoma, optic disc cupping, increased cup-to-disc ratio, medical ophthalmology image, detailed retinal view, clinical photography"
_265_1562215.jpg,glaucoma,"high quality fundus photograph of an eye with glaucoma, optic disc cupping, increased cup-to-disc ratio, medical ophthalmology image, detailed retinal view, clinical photography"
_266_8920656.jpg,glaucoma,"high quality fundus photograph of an eye with glaucoma, optic disc cupping, increased cup-to-disc ratio, medical ophthalmology image, detailed retinal view, clinical photography"
_267_2376228.jpg,glaucoma,"high quality fundus photograph of an eye with glaucoma, optic disc cupping, increased cup-to-disc ratio, medical ophthalmology image, detailed retinal view, clinical photography"
_267_8024092.jpg,glaucoma,"high quality fundus photograph of an eye with glaucoma, optic disc cupping, increased cup-to-disc ratio, medical ophthalmology image, detailed retinal view, clinical photography"
_268_5781265.jpg,glaucoma,"high quality fundus photograph of an eye with glaucoma, optic disc cupping, increased cup-to-disc ratio, medical ophthalmology image, detailed retinal view, clinical photography"
_269_7481383.jpg,glaucoma,"high quality fundus photograph of an eye with glaucoma, optic disc cupping, increased cup-to-disc ratio, medical ophthalmology image, detailed retinal view, clinical photography"
_26_8418608.jpg,glaucoma,"high quality fundus photograph of an eye with glaucoma, optic disc cupping, increased cup-to-disc ratio, medical ophthalmology image, detailed retinal view, clinical photography"
_270_6223143.jpg,glaucoma,"high quality fundus photograph of an eye with glaucoma, optic disc cupping, increased cup-to-disc ratio, medical ophthalmology image, detailed retinal view, clinical photography"
_271_3328342.jpg,glaucoma,"high quality fundus photograph of an eye with glaucoma, optic disc cupping, increased cup-to-disc ratio, medical ophthalmology image, detailed retinal view, clinical photography"
_271_8149720.jpg,glaucoma,"high quality fundus photograph of an eye with glaucoma, optic disc cupping, increased cup-to-disc ratio, medical ophthalmology image, detailed retinal view, clinical photography"
_272_1072395.jpg,glaucoma,"high quality fundus photograph of an eye with glaucoma, optic disc cupping, increased cup-to-disc ratio, medical ophthalmology image, detailed retinal view, clinical photography"
_272_9782017.jpg,glaucoma,"high quality fundus photograph of an eye with glaucoma, optic disc cupping, increased cup-to-disc ratio, medical ophthalmology image, detailed retinal view, clinical photography"
_273_4238500.jpg,glaucoma,"high quality fundus photograph of an eye with glaucoma, optic disc cupping, increased cup-to-disc ratio, medical ophthalmology image, detailed retinal view, clinical photography"
_274_7999199.jpg,glaucoma,"high quality fundus photograph of an eye with glaucoma, optic disc cupping, increased cup-to-disc ratio, medical ophthalmology image, detailed retinal view, clinical photography"
_275_5075268.jpg,glaucoma,"high quality fundus photograph of an eye with glaucoma, optic disc cupping, increased cup-to-disc ratio, medical ophthalmology image, detailed retinal view, clinical photography"
_276_1824789.jpg,glaucoma,"high quality fundus photograph of an eye with glaucoma, optic disc cupping, increased cup-to-disc ratio, medical ophthalmology image, detailed retinal view, clinical photography"
_276_4038569.jpg,glaucoma,"high quality fundus photograph of an eye with glaucoma, optic disc cupping, increased cup-to-disc ratio, medical ophthalmology image, detailed retinal view, clinical photography"
_277_4980424.jpg,glaucoma,"high quality fundus photograph of an eye with glaucoma, optic disc cupping, increased cup-to-disc ratio, medical ophthalmology image, detailed retinal view, clinical photography"
_277_6049716.jpg,glaucoma,"high quality fundus photograph of an eye with glaucoma, optic disc cupping, increased cup-to-disc ratio, medical ophthalmology image, detailed retinal view, clinical photography"
_278_2942123.jpg,glaucoma,"high quality fundus photograph of an eye with glaucoma, optic disc cupping, increased cup-to-disc ratio, medical ophthalmology image, detailed retinal view, clinical photography"
_278_5245975.jpg,glaucoma,"high quality fundus photograph of an eye with glaucoma, optic disc cupping, increased cup-to-disc ratio, medical ophthalmology image, detailed retinal view, clinical photography"
_279_2768381.jpg,glaucoma,"high quality fundus photograph of an eye with glaucoma, optic disc cupping, increased cup-to-disc ratio, medical ophthalmology image, detailed retinal view, clinical photography"
_27_4220822.jpg,glaucoma,"high quality fundus photograph of an eye with glaucoma, optic disc cupping, increased cup-to-disc ratio, medical ophthalmology image, detailed retinal view, clinical photography"
_27_8607848.jpg,glaucoma,"high quality fundus photograph of an eye with glaucoma, optic disc cupping, increased cup-to-disc ratio, medical ophthalmology image, detailed retinal view, clinical photography"
_280_1941804.jpg,glaucoma,"high quality fundus photograph of an eye with glaucoma, optic disc cupping, increased cup-to-disc ratio, medical ophthalmology image, detailed retinal view, clinical photography"
_280_7239687.jpg,glaucoma,"high quality fundus photograph of an eye with glaucoma, optic disc cupping, increased cup-to-disc ratio, medical ophthalmology image, detailed retinal view, clinical photography"
_281_5653321.jpg,glaucoma,"high quality fundus photograph of an eye with glaucoma, optic disc cupping, increased cup-to-disc ratio, medical ophthalmology image, detailed retinal view, clinical photography"
_282_487789.jpg,glaucoma,"high quality fundus photograph of an eye with glaucoma, optic disc cupping, increased cup-to-disc ratio, medical ophthalmology image, detailed retinal view, clinical photography"
_282_8545700.jpg,glaucoma,"high quality fundus photograph of an eye with glaucoma, optic disc cupping, increased cup-to-disc ratio, medical ophthalmology image, detailed retinal view, clinical photography"
_283_6275047.jpg,glaucoma,"high quality fundus photograph of an eye with glaucoma, optic disc cupping, increased cup-to-disc ratio, medical ophthalmology image, detailed retinal view, clinical photography"
_283_8286295.jpg,glaucoma,"high quality fundus photograph of an eye with glaucoma, optic disc cupping, increased cup-to-disc ratio, medical ophthalmology image, detailed retinal view, clinical photography"
_284_1723608.jpg,glaucoma,"high quality fundus photograph of an eye with glaucoma, optic disc cupping, increased cup-to-disc ratio, medical ophthalmology image, detailed retinal view, clinical photography"
_284_1958940.jpg,glaucoma,"high quality fundus photograph of an eye with glaucoma, optic disc cupping, increased cup-to-disc ratio, medical ophthalmology image, detailed retinal view, clinical photography"
_285_2727990.jpg,glaucoma,"high quality fundus photograph of an eye with glaucoma, optic disc cupping, increased cup-to-disc ratio, medical ophthalmology image, detailed retinal view, clinical photography"
_286_2346496.jpg,glaucoma,"high quality fundus photograph of an eye with glaucoma, optic disc cupping, increased cup-to-disc ratio, medical ophthalmology image, detailed retinal view, clinical photography"
_286_579920.jpg,glaucoma,"high quality fundus photograph of an eye with glaucoma, optic disc cupping, increased cup-to-disc ratio, medical ophthalmology image, detailed retinal view, clinical photography"
_287_8369950.jpg,glaucoma,"high quality fundus photograph of an eye with glaucoma, optic disc cupping, increased cup-to-disc ratio, medical ophthalmology image, detailed retinal view, clinical photography"
_288_1071282.jpg,glaucoma,"high quality fundus photograph of an eye with glaucoma, optic disc cupping, increased cup-to-disc ratio, medical ophthalmology image, detailed retinal view, clinical photography"
_288_5661981.jpg,glaucoma,"high quality fundus photograph of an eye with glaucoma, optic disc cupping, increased cup-to-disc ratio, medical ophthalmology image, detailed retinal view, clinical photography"
_289_8793154.jpg,glaucoma,"high quality fundus photograph of an eye with glaucoma, optic disc cupping, increased cup-to-disc ratio, medical ophthalmology image, detailed retinal view, clinical photography"
_289_9163087.jpg,glaucoma,"high quality fundus photograph of an eye with glaucoma, optic disc cupping, increased cup-to-disc ratio, medical ophthalmology image, detailed retinal view, clinical photography"
_28_7296137.jpg,glaucoma,"high quality fundus photograph of an eye with glaucoma, optic disc cupping, increased cup-to-disc ratio, medical ophthalmology image, detailed retinal view, clinical photography"
_28_7928893.jpg,glaucoma,"high quality fundus photograph of an eye with glaucoma, optic disc cupping, increased cup-to-disc ratio, medical ophthalmology image, detailed retinal view, clinical photography"
_290_306861.jpg,glaucoma,"high quality fundus photograph of an eye with glaucoma, optic disc cupping, increased cup-to-disc ratio, medical ophthalmology image, detailed retinal view, clinical photography"
_290_5672201.jpg,glaucoma,"high quality fundus photograph of an eye with glaucoma, optic disc cupping, increased cup-to-disc ratio, medical ophthalmology image, detailed retinal view, clinical photography"
_291_1967456.jpg,glaucoma,"high quality fundus photograph of an eye with glaucoma, optic disc cupping, increased cup-to-disc ratio, medical ophthalmology image, detailed retinal view, clinical photography"
_292_3590459.jpg,glaucoma,"high quality fundus photograph of an eye with glaucoma, optic disc cupping, increased cup-to-disc ratio, medical ophthalmology image, detailed retinal view, clinical photography"
_292_3819069.jpg,glaucoma,"high quality fundus photograph of an eye with glaucoma, optic disc cupping, increased cup-to-disc ratio, medical ophthalmology image, detailed retinal view, clinical photography"
_293_1537842.jpg,glaucoma,"high quality fundus photograph of an eye with glaucoma, optic disc cupping, increased cup-to-disc ratio, medical ophthalmology image, detailed retinal view, clinical photography"
_293_8683971.jpg,glaucoma,"high quality fundus photograph of an eye with glaucoma, optic disc cupping, increased cup-to-disc ratio, medical ophthalmology image, detailed retinal view, clinical photography"
_294_5527908.jpg,glaucoma,"high quality fundus photograph of an eye with glaucoma, optic disc cupping, increased cup-to-disc ratio, medical ophthalmology image, detailed retinal view, clinical photography"
_295_3084570.jpg,glaucoma,"high quality fundus photograph of an eye with glaucoma, optic disc cupping, increased cup-to-disc ratio, medical ophthalmology image, detailed retinal view, clinical photography"
_296_3140840.jpg,glaucoma,"high quality fundus photograph of an eye with glaucoma, optic disc cupping, increased cup-to-disc ratio, medical ophthalmology image, detailed retinal view, clinical photography"
_296_6754407.jpg,glaucoma,"high quality fundus photograph of an eye with glaucoma, optic disc cupping, increased cup-to-disc ratio, medical ophthalmology image, detailed retinal view, clinical photography"
_297_2792482.jpg,glaucoma,"high quality fundus photograph of an eye with glaucoma, optic disc cupping, increased cup-to-disc ratio, medical ophthalmology image, detailed retinal view, clinical photography"
_298_2374039.jpg,glaucoma,"high quality fundus photograph of an eye with glaucoma, optic disc cupping, increased cup-to-disc ratio, medical ophthalmology image, detailed retinal view, clinical photography"
_298_4611384.jpg,glaucoma,"high quality fundus photograph of an eye with glaucoma, optic disc cupping, increased cup-to-disc ratio, medical ophthalmology image, detailed retinal view, clinical photography"
_299_8359089.jpg,glaucoma,"high quality fundus photograph of an eye with glaucoma, optic disc cupping, increased cup-to-disc ratio, medical ophthalmology image, detailed retinal view, clinical photography"
_29_2615629.jpg,glaucoma,"high quality fundus photograph of an eye with glaucoma, optic disc cupping, increased cup-to-disc ratio, medical ophthalmology image, detailed retinal view, clinical photography"
_2_5194189.jpg,glaucoma,"high quality fundus photograph of an eye with glaucoma, optic disc cupping, increased cup-to-disc ratio, medical ophthalmology image, detailed retinal view, clinical photography"
_2_8820241.jpg,glaucoma,"high quality fundus photograph of an eye with glaucoma, optic disc cupping, increased cup-to-disc ratio, medical ophthalmology image, detailed retinal view, clinical photography"
_300_7433746.jpg,glaucoma,"high quality fundus photograph of an eye with glaucoma, optic disc cupping, increased cup-to-disc ratio, medical ophthalmology image, detailed retinal view, clinical photography"
_300_7639707.jpg,glaucoma,"high quality fundus photograph of an eye with glaucoma, optic disc cupping, increased cup-to-disc ratio, medical ophthalmology image, detailed retinal view, clinical photography"
_301_6075675.jpg,glaucoma,"high quality fundus photograph of an eye with glaucoma, optic disc cupping, increased cup-to-disc ratio, medical ophthalmology image, detailed retinal view, clinical photography"
_301_8474971.jpg,glaucoma,"high quality fundus photograph of an eye with glaucoma, optic disc cupping, increased cup-to-disc ratio, medical ophthalmology image, detailed retinal view, clinical photography"
_302_4887010.jpg,glaucoma,"high quality fundus photograph of an eye with glaucoma, optic disc cupping, increased cup-to-disc ratio, medical ophthalmology image, detailed retinal view, clinical photography"
_303_8778566.jpg,glaucoma,"high quality fundus photograph of an eye with glaucoma, optic disc cupping, increased cup-to-disc ratio, medical ophthalmology image, detailed retinal view, clinical photography"
_304_2971672.jpg,glaucoma,"high quality fundus photograph of an eye with glaucoma, optic disc cupping, increased cup-to-disc ratio, medical ophthalmology image, detailed retinal view, clinical photography"
_304_434670.jpg,glaucoma,"high quality fundus photograph of an eye with glaucoma, optic disc cupping, increased cup-to-disc ratio, medical ophthalmology image, detailed retinal view, clinical photography"
_305_3318957.jpg,glaucoma,"high quality fundus photograph of an eye with glaucoma, optic disc cupping, increased cup-to-disc ratio, medical ophthalmology image, detailed retinal view, clinical photography"
_305_769962.jpg,glaucoma,"high quality fundus photograph of an eye with glaucoma, optic disc cupping, increased cup-to-disc ratio, medical ophthalmology image, detailed retinal view, clinical photography"
_306_2695664.jpg,glaucoma,"high quality fundus photograph of an eye with glaucoma, optic disc cupping, increased cup-to-disc ratio, medical ophthalmology image, detailed retinal view, clinical photography"
_307_4576620.jpg,glaucoma,"high quality fundus photograph of an eye with glaucoma, optic disc cupping, increased cup-to-disc ratio, medical ophthalmology image, detailed retinal view, clinical photography"
_307_9597397.jpg,glaucoma,"high quality fundus photograph of an eye with glaucoma, optic disc cupping, increased cup-to-disc ratio, medical ophthalmology image, detailed retinal view, clinical photography"
_308_7087674.jpg,glaucoma,"high quality fundus photograph of an eye with glaucoma, optic disc cupping, increased cup-to-disc ratio, medical ophthalmology image, detailed retinal view, clinical photography"
_309_4110303.jpg,glaucoma,"high quality fundus photograph of an eye with glaucoma, optic disc cupping, increased cup-to-disc ratio, medical ophthalmology image, detailed retinal view, clinical photography"
_30_5516177.jpg,glaucoma,"high quality fundus photograph of an eye with glaucoma, optic disc cupping, increased cup-to-disc ratio, medical ophthalmology image, detailed retinal view, clinical photography"
_30_6734224.jpg,glaucoma,"high quality fundus photograph of an eye with glaucoma, optic disc cupping, increased cup-to-disc ratio, medical ophthalmology image, detailed retinal view, clinical photography"
_310_4668441.jpg,glaucoma,"high quality fundus photograph of an eye with glaucoma, optic disc cupping, increased cup-to-disc ratio, medical ophthalmology image, detailed retinal view, clinical photography"
_310_6988275.jpg,glaucoma,"high quality fundus photograph of an eye with glaucoma, optic disc cupping, increased cup-to-disc ratio, medical ophthalmology image, detailed retinal view, clinical photography"
_311_6101039.jpg,glaucoma,"high quality fundus photograph of an eye with glaucoma, optic disc cupping, increased cup-to-disc ratio, medical ophthalmology image, detailed retinal view, clinical photography"
_311_7054330.jpg,glaucoma,"high quality fundus photograph of an eye with glaucoma, optic disc cupping, increased cup-to-disc ratio, medical ophthalmology image, detailed retinal view, clinical photography"
_312_2571477.jpg,glaucoma,"high quality fundus photograph of an eye with glaucoma, optic disc cupping, increased cup-to-disc ratio, medical ophthalmology image, detailed retinal view, clinical photography"
_313_8583918.jpg,glaucoma,"high quality fundus photograph of an eye with glaucoma, optic disc cupping, increased cup-to-disc ratio, medical ophthalmology image, detailed retinal view, clinical photography"
_314_8127541.jpg,glaucoma,"high quality fundus photograph of an eye with glaucoma, optic disc cupping, increased cup-to-disc ratio, medical ophthalmology image, detailed retinal view, clinical photography"
_315_1059988.jpg,glaucoma,"high quality fundus photograph of an eye with glaucoma, optic disc cupping, increased cup-to-disc ratio, medical ophthalmology image, detailed retinal view, clinical photography"
_315_4482636.jpg,glaucoma,"high quality fundus photograph of an eye with glaucoma, optic disc cupping, increased cup-to-disc ratio, medical ophthalmology image, detailed retinal view, clinical photography"
_316_4359949.jpg,glaucoma,"high quality fundus photograph of an eye with glaucoma, optic disc cupping, increased cup-to-disc ratio, medical ophthalmology image, detailed retinal view, clinical photography"
_316_6373643.jpg,glaucoma,"high quality fundus photograph of an eye with glaucoma, optic disc cupping, increased cup-to-disc ratio, medical ophthalmology image, detailed retinal view, clinical photography"
_317_2537690.jpg,glaucoma,"high quality fundus photograph of an eye with glaucoma, optic disc cupping, increased cup-to-disc ratio, medical ophthalmology image, detailed retinal view, clinical photography"
_317_5485211.jpg,glaucoma,"high quality fundus photograph of an eye with glaucoma, optic disc cupping, increased cup-to-disc ratio, medical ophthalmology image, detailed retinal view, clinical photography"
_318_5873639.jpg,glaucoma,"high quality fundus photograph of an eye with glaucoma, optic disc cupping, increased cup-to-disc ratio, medical ophthalmology image, detailed retinal view, clinical photography"
_318_9413163.jpg,glaucoma,"high quality fundus photograph of an eye with glaucoma, optic disc cupping, increased cup-to-disc ratio, medical ophthalmology image, detailed retinal view, clinical photography"
_319_532632.jpg,glaucoma,"high quality fundus photograph of an eye with glaucoma, optic disc cupping, increased cup-to-disc ratio, medical ophthalmology image, detailed retinal view, clinical photography"
_31_1950556.jpg,glaucoma,"high quality fundus photograph of an eye with glaucoma, optic disc cupping, increased cup-to-disc ratio, medical ophthalmology image, detailed retinal view, clinical photography"
_320_4614619.jpg,glaucoma,"high quality fundus photograph of an eye with glaucoma, optic disc cupping, increased cup-to-disc ratio, medical ophthalmology image, detailed retinal view, clinical photography"
_320_5280427.jpg,glaucoma,"high quality fundus photograph of an eye with glaucoma, optic disc cupping, increased cup-to-disc ratio, medical ophthalmology image, detailed retinal view, clinical photography"
_321_9678485.jpg,glaucoma,"high quality fundus photograph of an eye with glaucoma, optic disc cupping, increased cup-to-disc ratio, medical ophthalmology image, detailed retinal view, clinical photography"
_322_2070844.jpg,glaucoma,"high quality fundus photograph of an eye with glaucoma, optic disc cupping, increased cup-to-disc ratio, medical ophthalmology image, detailed retinal view, clinical photography"
_322_4870398.jpg,glaucoma,"high quality fundus photograph of an eye with glaucoma, optic disc cupping, increased cup-to-disc ratio, medical ophthalmology image, detailed retinal view, clinical photography"
_323_8497084.jpg,glaucoma,"high quality fundus photograph of an eye with glaucoma, optic disc cupping, increased cup-to-disc ratio, medical ophthalmology image, detailed retinal view, clinical photography"
_324_1040139.jpg,glaucoma,"high quality fundus photograph of an eye with glaucoma, optic disc cupping, increased cup-to-disc ratio, medical ophthalmology image, detailed retinal view, clinical photography"
_324_9547288.jpg,glaucoma,"high quality fundus photograph of an eye with glaucoma, optic disc cupping, increased cup-to-disc ratio, medical ophthalmology image, detailed retinal view, clinical photography"
_325_4867292.jpg,glaucoma,"high quality fundus photograph of an eye with glaucoma, optic disc cupping, increased cup-to-disc ratio, medical ophthalmology image, detailed retinal view, clinical photography"
_325_5401809.jpg,glaucoma,"high quality fundus photograph of an eye with glaucoma, optic disc cupping, increased cup-to-disc ratio, medical ophthalmology image, detailed retinal view, clinical photography"
_326_7155812.jpg,glaucoma,"high quality fundus photograph of an eye with glaucoma, optic disc cupping, increased cup-to-disc ratio, medical ophthalmology image, detailed retinal view, clinical photography"
_327_1055218.jpg,glaucoma,"high quality fundus photograph of an eye with glaucoma, optic disc cupping, increased cup-to-disc ratio, medical ophthalmology image, detailed retinal view, clinical photography"
_328_7261567.jpg,glaucoma,"high quality fundus photograph of an eye with glaucoma, optic disc cupping, increased cup-to-disc ratio, medical ophthalmology image, detailed retinal view, clinical photography"
_329_1138512.jpg,glaucoma,"high quality fundus photograph of an eye with glaucoma, optic disc cupping, increased cup-to-disc ratio, medical ophthalmology image, detailed retinal view, clinical photography"
_329_3845498.jpg,glaucoma,"high quality fundus photograph of an eye with glaucoma, optic disc cupping, increased cup-to-disc ratio, medical ophthalmology image, detailed retinal view, clinical photography"
_32_6299808.jpg,glaucoma,"high quality fundus photograph of an eye with glaucoma, optic disc cupping, increased cup-to-disc ratio, medical ophthalmology image, detailed retinal view, clinical photography"
_330_6216079.jpg,glaucoma,"high quality fundus photograph of an eye with glaucoma, optic disc cupping, increased cup-to-disc ratio, medical ophthalmology image, detailed retinal view, clinical photography"
_330_6332138.jpg,glaucoma,"high quality fundus photograph of an eye with glaucoma, optic disc cupping, increased cup-to-disc ratio, medical ophthalmology image, detailed retinal view, clinical photography"
_331_8594715.jpg,glaucoma,"high quality fundus photograph of an eye with glaucoma, optic disc cupping, increased cup-to-disc ratio, medical ophthalmology image, detailed retinal view, clinical photography"
_332_3900734.jpg,glaucoma,"high quality fundus photograph of an eye with glaucoma, optic disc cupping, increased cup-to-disc ratio, medical ophthalmology image, detailed retinal view, clinical photography"
_332_7068969.jpg,glaucoma,"high quality fundus photograph of an eye with glaucoma, optic disc cupping, increased cup-to-disc ratio, medical ophthalmology image, detailed retinal view, clinical photography"
_333_5771277.jpg,glaucoma,"high quality fundus photograph of an eye with glaucoma, optic disc cupping, increased cup-to-disc ratio, medical ophthalmology image, detailed retinal view, clinical photography"
_333_8764431.jpg,glaucoma,"high quality fundus photograph of an eye with glaucoma, optic disc cupping, increased cup-to-disc ratio, medical ophthalmology image, detailed retinal view, clinical photography"
_334_2912159.jpg,glaucoma,"high quality fundus photograph of an eye with glaucoma, optic disc cupping, increased cup-to-disc ratio, medical ophthalmology image, detailed retinal view, clinical photography"
_334_7538158.jpg,glaucoma,"high quality fundus photograph of an eye with glaucoma, optic disc cupping, increased cup-to-disc ratio, medical ophthalmology image, detailed retinal view, clinical photography"
_335_5326545.jpg,glaucoma,"high quality fundus photograph of an eye with glaucoma, optic disc cupping, increased cup-to-disc ratio, medical ophthalmology image, detailed retinal view, clinical photography"
_336_4442986.jpg,glaucoma,"high quality fundus photograph of an eye with glaucoma, optic disc cupping, increased cup-to-disc ratio, medical ophthalmology image, detailed retinal view, clinical photography"
_336_783196.jpg,glaucoma,"high quality fundus photograph of an eye with glaucoma, optic disc cupping, increased cup-to-disc ratio, medical ophthalmology image, detailed retinal view, clinical photography"
_337_28720.jpg,glaucoma,"high quality fundus photograph of an eye with glaucoma, optic disc cupping, increased cup-to-disc ratio, medical ophthalmology image, detailed retinal view, clinical photography"
_338_7660594.jpg,glaucoma,"high quality fundus photograph of an eye with glaucoma, optic disc cupping, increased cup-to-disc ratio, medical ophthalmology image, detailed retinal view, clinical photography"
_339_938566.jpg,glaucoma,"high quality fundus photograph of an eye with glaucoma, optic disc cupping, increased cup-to-disc ratio, medical ophthalmology image, detailed retinal view, clinical photography"
_33_7463078.jpg,glaucoma,"high quality fundus photograph of an eye with glaucoma, optic disc cupping, increased cup-to-disc ratio, medical ophthalmology image, detailed retinal view, clinical photography"
_340_1400434.jpg,glaucoma,"high quality fundus photograph of an eye with glaucoma, optic disc cupping, increased cup-to-disc ratio, medical ophthalmology image, detailed retinal view, clinical photography"
_340_6897424.jpg,glaucoma,"high quality fundus photograph of an eye with glaucoma, optic disc cupping, increased cup-to-disc ratio, medical ophthalmology image, detailed retinal view, clinical photography"
_341_3030606.jpg,glaucoma,"high quality fundus photograph of an eye with glaucoma, optic disc cupping, increased cup-to-disc ratio, medical ophthalmology image, detailed retinal view, clinical photography"
_341_3343251.jpg,glaucoma,"high quality fundus photograph of an eye with glaucoma, optic disc cupping, increased cup-to-disc ratio, medical ophthalmology image, detailed retinal view, clinical photography"
_342_3907815.jpg,glaucoma,"high quality fundus photograph of an eye with glaucoma, optic disc cupping, increased cup-to-disc ratio, medical ophthalmology image, detailed retinal view, clinical photography"
_343_3651262.jpg,glaucoma,"high quality fundus photograph of an eye with glaucoma, optic disc cupping, increased cup-to-disc ratio, medical ophthalmology image, detailed retinal view, clinical photography"
_344_6025727.jpg,glaucoma,"high quality fundus photograph of an eye with glaucoma, optic disc cupping, increased cup-to-disc ratio, medical ophthalmology image, detailed retinal view, clinical photography"
_345_7680672.jpg,glaucoma,"high quality fundus photograph of an eye with glaucoma, optic disc cupping, increased cup-to-disc ratio, medical ophthalmology image, detailed retinal view, clinical photography"
_346_7643111.jpg,glaucoma,"high quality fundus photograph of an eye with glaucoma, optic disc cupping, increased cup-to-disc ratio, medical ophthalmology image, detailed retinal view, clinical photography"
_347_1718283.jpg,glaucoma,"high quality fundus photograph of an eye with glaucoma, optic disc cupping, increased cup-to-disc ratio, medical ophthalmology image, detailed retinal view, clinical photography"
_348_2941106.jpg,glaucoma,"high quality fundus photograph of an eye with glaucoma, optic disc cupping, increased cup-to-disc ratio, medical ophthalmology image, detailed retinal view, clinical photography"
_349_5604621.jpg,glaucoma,"high quality fundus photograph of an eye with glaucoma, optic disc cupping, increased cup-to-disc ratio, medical ophthalmology image, detailed retinal view, clinical photography"
_34_2817660.jpg,glaucoma,"high quality fundus photograph of an eye with glaucoma, optic disc cupping, increased cup-to-disc ratio, medical ophthalmology image, detailed retinal view, clinical photography"
_34_836194.jpg,glaucoma,"high quality fundus photograph of an eye with glaucoma, optic disc cupping, increased cup-to-disc ratio, medical ophthalmology image, detailed retinal view, clinical photography"
_350_3536071.jpg,glaucoma,"high quality fundus photograph of an eye with glaucoma, optic disc cupping, increased cup-to-disc ratio, medical ophthalmology image, detailed retinal view, clinical photography"
_351_6945231.jpg,glaucoma,"high quality fundus photograph of an eye with glaucoma, optic disc cupping, increased cup-to-disc ratio, medical ophthalmology image, detailed retinal view, clinical photography"
_352_8525027.jpg,glaucoma,"high quality fundus photograph of an eye with glaucoma, optic disc cupping, increased cup-to-disc ratio, medical ophthalmology image, detailed retinal view, clinical photography"
_353_6531128.jpg,glaucoma,"high quality fundus photograph of an eye with glaucoma, optic disc cupping, increased cup-to-disc ratio, medical ophthalmology image, detailed retinal view, clinical photography"
_353_9347543.jpg,glaucoma,"high quality fundus photograph of an eye with glaucoma, optic disc cupping, increased cup-to-disc ratio, medical ophthalmology image, detailed retinal view, clinical photography"
_354_1214126.jpg,glaucoma,"high quality fundus photograph of an eye with glaucoma, optic disc cupping, increased cup-to-disc ratio, medical ophthalmology image, detailed retinal view, clinical photography"
_354_7736360.jpg,glaucoma,"high quality fundus photograph of an eye with glaucoma, optic disc cupping, increased cup-to-disc ratio, medical ophthalmology image, detailed retinal view, clinical photography"
_355_9019995.jpg,glaucoma,"high quality fundus photograph of an eye with glaucoma, optic disc cupping, increased cup-to-disc ratio, medical ophthalmology image, detailed retinal view, clinical photography"
_356_2280553.jpg,glaucoma,"high quality fundus photograph of an eye with glaucoma, optic disc cupping, increased cup-to-disc ratio, medical ophthalmology image, detailed retinal view, clinical photography"
_356_7024951.jpg,glaucoma,"high quality fundus photograph of an eye with glaucoma, optic disc cupping, increased cup-to-disc ratio, medical ophthalmology image, detailed retinal view, clinical photography"
_357_2893291.jpg,glaucoma,"high quality fundus photograph of an eye with glaucoma, optic disc cupping, increased cup-to-disc ratio, medical ophthalmology image, detailed retinal view, clinical photography"
_357_7848484.jpg,glaucoma,"high quality fundus photograph of an eye with glaucoma, optic disc cupping, increased cup-to-disc ratio, medical ophthalmology image, detailed retinal view, clinical photography"
_358_2954052.jpg,glaucoma,"high quality fundus photograph of an eye with glaucoma, optic disc cupping, increased cup-to-disc ratio, medical ophthalmology image, detailed retinal view, clinical photography"
_358_8144492.jpg,glaucoma,"high quality fundus photograph of an eye with glaucoma, optic disc cupping, increased cup-to-disc ratio, medical ophthalmology image, detailed retinal view, clinical photography"
_359_2481818.jpg,glaucoma,"high quality fundus photograph of an eye with glaucoma, optic disc cupping, increased cup-to-disc ratio, medical ophthalmology image, detailed retinal view, clinical photography"
_359_8939038.jpg,glaucoma,"high quality fundus photograph of an eye with glaucoma, optic disc cupping, increased cup-to-disc ratio, medical ophthalmology image, detailed retinal view, clinical photography"
_35_2680315.jpg,glaucoma,"high quality fundus photograph of an eye with glaucoma, optic disc cupping, increased cup-to-disc ratio, medical ophthalmology image, detailed retinal view, clinical photography"
_35_369215.jpg,glaucoma,"high quality fundus photograph of an eye with glaucoma, optic disc cupping, increased cup-to-disc ratio, medical ophthalmology image, detailed retinal view, clinical photography"
_360_4768102.jpg,glaucoma,"high quality fundus photograph of an eye with glaucoma, optic disc cupping, increased cup-to-disc ratio, medical ophthalmology image, detailed retinal view, clinical photography"
_361_5450086.jpg,glaucoma,"high quality fundus photograph of an eye with glaucoma, optic disc cupping, increased cup-to-disc ratio, medical ophthalmology image, detailed retinal view, clinical photography"
_361_9282542.jpg,glaucoma,"high quality fundus photograph of an eye with glaucoma, optic disc cupping, increased cup-to-disc ratio, medical ophthalmology image, detailed retinal view, clinical photography"
_362_9619377.jpg,glaucoma,"high quality fundus photograph of an eye with glaucoma, optic disc cupping, increased cup-to-disc ratio, medical ophthalmology image, detailed retinal view, clinical photography"
_363_2466087.jpg,glaucoma,"high quality fundus photograph of an eye with glaucoma, optic disc cupping, increased cup-to-disc ratio, medical ophthalmology image, detailed retinal view, clinical photography"
_364_7596223.jpg,glaucoma,"high quality fundus photograph of an eye with glaucoma, optic disc cupping, increased cup-to-disc ratio, medical ophthalmology image, detailed retinal view, clinical photography"
_365_7365403.jpg,glaucoma,"high quality fundus photograph of an eye with glaucoma, optic disc cupping, increased cup-to-disc ratio, medical ophthalmology image, detailed retinal view, clinical photography"
_366_3572426.jpg,glaucoma,"high quality fundus photograph of an eye with glaucoma, optic disc cupping, increased cup-to-disc ratio, medical ophthalmology image, detailed retinal view, clinical photography"
_366_5412727.jpg,glaucoma,"high quality fundus photograph of an eye with glaucoma, optic disc cupping, increased cup-to-disc ratio, medical ophthalmology image, detailed retinal view, clinical photography"
_367_403099.jpg,glaucoma,"high quality fundus photograph of an eye with glaucoma, optic disc cupping, increased cup-to-disc ratio, medical ophthalmology image, detailed retinal view, clinical photography"
_367_7784563.jpg,glaucoma,"high quality fundus photograph of an eye with glaucoma, optic disc cupping, increased cup-to-disc ratio, medical ophthalmology image, detailed retinal view, clinical photography"
_368_4106148.jpg,glaucoma,"high quality fundus photograph of an eye with glaucoma, optic disc cupping, increased cup-to-disc ratio, medical ophthalmology image, detailed retinal view, clinical photography"
_369_4797724.jpg,glaucoma,"high quality fundus photograph of an eye with glaucoma, optic disc cupping, increased cup-to-disc ratio, medical ophthalmology image, detailed retinal view, clinical photography"
_369_874276.jpg,glaucoma,"high quality fundus photograph of an eye with glaucoma, optic disc cupping, increased cup-to-disc ratio, medical ophthalmology image, detailed retinal view, clinical photography"
_36_9662569.jpg,glaucoma,"high quality fundus photograph of an eye with glaucoma, optic disc cupping, increased cup-to-disc ratio, medical ophthalmology image, detailed retinal view, clinical photography"
_370_7370377.jpg,glaucoma,"high quality fundus photograph of an eye with glaucoma, optic disc cupping, increased cup-to-disc ratio, medical ophthalmology image, detailed retinal view, clinical photography"
_371_5633932.jpg,glaucoma,"high quality fundus photograph of an eye with glaucoma, optic disc cupping, increased cup-to-disc ratio, medical ophthalmology image, detailed retinal view, clinical photography"
_371_9609603.jpg,glaucoma,"high quality fundus photograph of an eye with glaucoma, optic disc cupping, increased cup-to-disc ratio, medical ophthalmology image, detailed retinal view, clinical photography"
_372_153571.jpg,glaucoma,"high quality fundus photograph of an eye with glaucoma, optic disc cupping, increased cup-to-disc ratio, medical ophthalmology image, detailed retinal view, clinical photography"
_373_2349363.jpg,glaucoma,"high quality fundus photograph of an eye with glaucoma, optic disc cupping, increased cup-to-disc ratio, medical ophthalmology image, detailed retinal view, clinical photography"
_374_8172135.jpg,glaucoma,"high quality fundus photograph of an eye with glaucoma, optic disc cupping, increased cup-to-disc ratio, medical ophthalmology image, detailed retinal view, clinical photography"
_375_1575212.jpg,glaucoma,"high quality fundus photograph of an eye with glaucoma, optic disc cupping, increased cup-to-disc ratio, medical ophthalmology image, detailed retinal view, clinical photography"
_375_3812551.jpg,glaucoma,"high quality fundus photograph of an eye with glaucoma, optic disc cupping, increased cup-to-disc ratio, medical ophthalmology image, detailed retinal view, clinical photography"
_376_7730949.jpg,glaucoma,"high quality fundus photograph of an eye with glaucoma, optic disc cupping, increased cup-to-disc ratio, medical ophthalmology image, detailed retinal view, clinical photography"
_376_8893491.jpg,glaucoma,"high quality fundus photograph of an eye with glaucoma, optic disc cupping, increased cup-to-disc ratio, medical ophthalmology image, detailed retinal view, clinical photography"
_377_2444638.jpg,glaucoma,"high quality fundus photograph of an eye with glaucoma, optic disc cupping, increased cup-to-disc ratio, medical ophthalmology image, detailed retinal view, clinical photography"
_377_8059232.jpg,glaucoma,"high quality fundus photograph of an eye with glaucoma, optic disc cupping, increased cup-to-disc ratio, medical ophthalmology image, detailed retinal view, clinical photography"
_378_1725232.jpg,glaucoma,"high quality fundus photograph of an eye with glaucoma, optic disc cupping, increased cup-to-disc ratio, medical ophthalmology image, detailed retinal view, clinical photography"
_379_852244.jpg,glaucoma,"high quality fundus photograph of an eye with glaucoma, optic disc cupping, increased cup-to-disc ratio, medical ophthalmology image, detailed retinal view, clinical photography"
_37_8813329.jpg,glaucoma,"high quality fundus photograph of an eye with glaucoma, optic disc cupping, increased cup-to-disc ratio, medical ophthalmology image, detailed retinal view, clinical photography"
_380_3524868.jpg,glaucoma,"high quality fundus photograph of an eye with glaucoma, optic disc cupping, increased cup-to-disc ratio, medical ophthalmology image, detailed retinal view, clinical photography"
_380_4081438.jpg,glaucoma,"high quality fundus photograph of an eye with glaucoma, optic disc cupping, increased cup-to-disc ratio, medical ophthalmology image, detailed retinal view, clinical photography"
_381_6602928.jpg,glaucoma,"high quality fundus photograph of an eye with glaucoma, optic disc cupping, increased cup-to-disc ratio, medical ophthalmology image, detailed retinal view, clinical photography"
_382_9740496.jpg,glaucoma,"high quality fundus photograph of an eye with glaucoma, optic disc cupping, increased cup-to-disc ratio, medical ophthalmology image, detailed retinal view, clinical photography"
_383_1676788.jpg,glaucoma,"high quality fundus photograph of an eye with glaucoma, optic disc cupping, increased cup-to-disc ratio, medical ophthalmology image, detailed retinal view, clinical photography"
_383_5927182.jpg,glaucoma,"high quality fundus photograph of an eye with glaucoma, optic disc cupping, increased cup-to-disc ratio, medical ophthalmology image, detailed retinal view, clinical photography"
_384_1145376.jpg,glaucoma,"high quality fundus photograph of an eye with glaucoma, optic disc cupping, increased cup-to-disc ratio, medical ophthalmology image, detailed retinal view, clinical photography"
_385_2935625.jpg,glaucoma,"high quality fundus photograph of an eye with glaucoma, optic disc cupping, increased cup-to-disc ratio, medical ophthalmology image, detailed retinal view, clinical photography"
_386_7977995.jpg,glaucoma,"high quality fundus photograph of an eye with glaucoma, optic disc cupping, increased cup-to-disc ratio, medical ophthalmology image, detailed retinal view, clinical photography"
_386_8829500.jpg,glaucoma,"high quality fundus photograph of an eye with glaucoma, optic disc cupping, increased cup-to-disc ratio, medical ophthalmology image, detailed retinal view, clinical photography"
_387_7675254.jpg,glaucoma,"high quality fundus photograph of an eye with glaucoma, optic disc cupping, increased cup-to-disc ratio, medical ophthalmology image, detailed retinal view, clinical photography"
_387_8614768.jpg,glaucoma,"high quality fundus photograph of an eye with glaucoma, optic disc cupping, increased cup-to-disc ratio, medical ophthalmology image, detailed retinal view, clinical photography"
_388_7162342.jpg,glaucoma,"high quality fundus photograph of an eye with glaucoma, optic disc cupping, increased cup-to-disc ratio, medical ophthalmology image, detailed retinal view, clinical photography"
_388_9965271.jpg,glaucoma,"high quality fundus photograph of an eye with glaucoma, optic disc cupping, increased cup-to-disc ratio, medical ophthalmology image, detailed retinal view, clinical photography"
_389_1548771.jpg,glaucoma,"high quality fundus photograph of an eye with glaucoma, optic disc cupping, increased cup-to-disc ratio, medical ophthalmology image, detailed retinal view, clinical photography"
_389_5976725.jpg,glaucoma,"high quality fundus photograph of an eye with glaucoma, optic disc cupping, increased cup-to-disc ratio, medical ophthalmology image, detailed retinal view, clinical photography"
_38_3483571.jpg,glaucoma,"high quality fundus photograph of an eye with glaucoma, optic disc cupping, increased cup-to-disc ratio, medical ophthalmology image, detailed retinal view, clinical photography"
_390_458377.jpg,glaucoma,"high quality fundus photograph of an eye with glaucoma, optic disc cupping, increased cup-to-disc ratio, medical ophthalmology image, detailed retinal view, clinical photography"
_390_5579051.jpg,glaucoma,"high quality fundus photograph of an eye with glaucoma, optic disc cupping, increased cup-to-disc ratio, medical ophthalmology image, detailed retinal view, clinical photography"
_391_1332495.jpg,glaucoma,"high quality fundus photograph of an eye with glaucoma, optic disc cupping, increased cup-to-disc ratio, medical ophthalmology image, detailed retinal view, clinical photography"
_392_9636183.jpg,glaucoma,"high quality fundus photograph of an eye with glaucoma, optic disc cupping, increased cup-to-disc ratio, medical ophthalmology image, detailed retinal view, clinical photography"
_393_2129148.jpg,glaucoma,"high quality fundus photograph of an eye with glaucoma, optic disc cupping, increased cup-to-disc ratio, medical ophthalmology image, detailed retinal view, clinical photography"
_393_7224423.jpg,glaucoma,"high quality fundus photograph of an eye with glaucoma, optic disc cupping, increased cup-to-disc ratio, medical ophthalmology image, detailed retinal view, clinical photography"
_394_81313.jpg,glaucoma,"high quality fundus photograph of an eye with glaucoma, optic disc cupping, increased cup-to-disc ratio, medical ophthalmology image, detailed retinal view, clinical photography"
_395_3509756.jpg,glaucoma,"high quality fundus photograph of an eye with glaucoma, optic disc cupping, increased cup-to-disc ratio, medical ophthalmology image, detailed retinal view, clinical photography"
_395_9075896.jpg,glaucoma,"high quality fundus photograph of an eye with glaucoma, optic disc cupping, increased cup-to-disc ratio, medical ophthalmology image, detailed retinal view, clinical photography"
_396_2615481.jpg,glaucoma,"high quality fundus photograph of an eye with glaucoma, optic disc cupping, increased cup-to-disc ratio, medical ophthalmology image, detailed retinal view, clinical photography"
_397_9607497.jpg,glaucoma,"high quality fundus photograph of an eye with glaucoma, optic disc cupping, increased cup-to-disc ratio, medical ophthalmology image, detailed retinal view, clinical photography"
_398_8823411.jpg,glaucoma,"high quality fundus photograph of an eye with glaucoma, optic disc cupping, increased cup-to-disc ratio, medical ophthalmology image, detailed retinal view, clinical photography"
_399_7128170.jpg,glaucoma,"high quality fundus photograph of an eye with glaucoma, optic disc cupping, increased cup-to-disc ratio, medical ophthalmology image, detailed retinal view, clinical photography"
_399_8219023.jpg,glaucoma,"high quality fundus photograph of an eye with glaucoma, optic disc cupping, increased cup-to-disc ratio, medical ophthalmology image, detailed retinal view, clinical photography"
_39_2691222.jpg,glaucoma,"high quality fundus photograph of an eye with glaucoma, optic disc cupping, increased cup-to-disc ratio, medical ophthalmology image, detailed retinal view, clinical photography"
_39_2936171.jpg,glaucoma,"high quality fundus photograph of an eye with glaucoma, optic disc cupping, increased cup-to-disc ratio, medical ophthalmology image, detailed retinal view, clinical photography"
_3_6499308.jpg,glaucoma,"high quality fundus photograph of an eye with glaucoma, optic disc cupping, increased cup-to-disc ratio, medical ophthalmology image, detailed retinal view, clinical photography"
_400_1780834.jpg,glaucoma,"high quality fundus photograph of an eye with glaucoma, optic disc cupping, increased cup-to-disc ratio, medical ophthalmology image, detailed retinal view, clinical photography"
_401_4906161.jpg,glaucoma,"high quality fundus photograph of an eye with glaucoma, optic disc cupping, increased cup-to-disc ratio, medical ophthalmology image, detailed retinal view, clinical photography"
_401_6044320.jpg,glaucoma,"high quality fundus photograph of an eye with glaucoma, optic disc cupping, increased cup-to-disc ratio, medical ophthalmology image, detailed retinal view, clinical photography"
_402_3641116.jpg,glaucoma,"high quality fundus photograph of an eye with glaucoma, optic disc cupping, increased cup-to-disc ratio, medical ophthalmology image, detailed retinal view, clinical photography"
_402_8604384.jpg,glaucoma,"high quality fundus photograph of an eye with glaucoma, optic disc cupping, increased cup-to-disc ratio, medical ophthalmology image, detailed retinal view, clinical photography"
_403_4411201.jpg,glaucoma,"high quality fundus photograph of an eye with glaucoma, optic disc cupping, increased cup-to-disc ratio, medical ophthalmology image, detailed retinal view, clinical photography"
_404_5918559.jpg,glaucoma,"high quality fundus photograph of an eye with glaucoma, optic disc cupping, increased cup-to-disc ratio, medical ophthalmology image, detailed retinal view, clinical photography"
_405_2674974.jpg,glaucoma,"high quality fundus photograph of an eye with glaucoma, optic disc cupping, increased cup-to-disc ratio, medical ophthalmology image, detailed retinal view, clinical photography"
_406_3482388.jpg,glaucoma,"high quality fundus photograph of an eye with glaucoma, optic disc cupping, increased cup-to-disc ratio, medical ophthalmology image, detailed retinal view, clinical photography"
_40_4972458.jpg,glaucoma,"high quality fundus photograph of an eye with glaucoma, optic disc cupping, increased cup-to-disc ratio, medical ophthalmology image, detailed retinal view, clinical photography"
_41_2520996.jpg,glaucoma,"high quality fundus photograph of an eye with glaucoma, optic disc cupping, increased cup-to-disc ratio, medical ophthalmology image, detailed retinal view, clinical photography"
_41_7018471.jpg,glaucoma,"high quality fundus photograph of an eye with glaucoma, optic disc cupping, increased cup-to-disc ratio, medical ophthalmology image, detailed retinal view, clinical photography"
_42_6738302.jpg,glaucoma,"high quality fundus photograph of an eye with glaucoma, optic disc cupping, increased cup-to-disc ratio, medical ophthalmology image, detailed retinal view, clinical photography"
_43_2637980.jpg,glaucoma,"high quality fundus photograph of an eye with glaucoma, optic disc cupping, increased cup-to-disc ratio, medical ophthalmology image, detailed retinal view, clinical photography"
_43_5688154.jpg,glaucoma,"high quality fundus photograph of an eye with glaucoma, optic disc cupping, increased cup-to-disc ratio, medical ophthalmology image, detailed retinal view, clinical photography"
_44_8455804.jpg,glaucoma,"high quality fundus photograph of an eye with glaucoma, optic disc cupping, increased cup-to-disc ratio, medical ophthalmology image, detailed retinal view, clinical photography"
_45_3473696.jpg,glaucoma,"high quality fundus photograph of an eye with glaucoma, optic disc cupping, increased cup-to-disc ratio, medical ophthalmology image, detailed retinal view, clinical photography"
_45_7744209.jpg,glaucoma,"high quality fundus photograph of an eye with glaucoma, optic disc cupping, increased cup-to-disc ratio, medical ophthalmology image, detailed retinal view, clinical photography"
_46_2760814.jpg,glaucoma,"high quality fundus photograph of an eye with glaucoma, optic disc cupping, increased cup-to-disc ratio, medical ophthalmology image, detailed retinal view, clinical photography"
_46_8083273.jpg,glaucoma,"high quality fundus photograph of an eye with glaucoma, optic disc cupping, increased cup-to-disc ratio, medical ophthalmology image, detailed retinal view, clinical photography"
_47_6549840.jpg,glaucoma,"high quality fundus photograph of an eye with glaucoma, optic disc cupping, increased cup-to-disc ratio, medical ophthalmology image, detailed retinal view, clinical photography"
_47_787901.jpg,glaucoma,"high quality fundus photograph of an eye with glaucoma, optic disc cupping, increased cup-to-disc ratio, medical ophthalmology image, detailed retinal view, clinical photography"
_48_3684538.jpg,glaucoma,"high quality fundus photograph of an eye with glaucoma, optic disc cupping, increased cup-to-disc ratio, medical ophthalmology image, detailed retinal view, clinical photography"
_48_5270520.jpg,glaucoma,"high quality fundus photograph of an eye with glaucoma, optic disc cupping, increased cup-to-disc ratio, medical ophthalmology image, detailed retinal view, clinical photography"
_49_249201.jpg,glaucoma,"high quality fundus photograph of an eye with glaucoma, optic disc cupping, increased cup-to-disc ratio, medical ophthalmology image, detailed retinal view, clinical photography"
_4_1717111.jpg,glaucoma,"high quality fundus photograph of an eye with glaucoma, optic disc cupping, increased cup-to-disc ratio, medical ophthalmology image, detailed retinal view, clinical photography"
_4_5317326.jpg,glaucoma,"high quality fundus photograph of an eye with glaucoma, optic disc cupping, increased cup-to-disc ratio, medical ophthalmology image, detailed retinal view, clinical photography"
_50_8908104.jpg,glaucoma,"high quality fundus photograph of an eye with glaucoma, optic disc cupping, increased cup-to-disc ratio, medical ophthalmology image, detailed retinal view, clinical photography"
_51_5395739.jpg,glaucoma,"high quality fundus photograph of an eye with glaucoma, optic disc cupping, increased cup-to-disc ratio, medical ophthalmology image, detailed retinal view, clinical photography"
_52_3379279.jpg,glaucoma,"high quality fundus photograph of an eye with glaucoma, optic disc cupping, increased cup-to-disc ratio, medical ophthalmology image, detailed retinal view, clinical photography"
_52_3659415.jpg,glaucoma,"high quality fundus photograph of an eye with glaucoma, optic disc cupping, increased cup-to-disc ratio, medical ophthalmology image, detailed retinal view, clinical photography"
_53_1457470.jpg,glaucoma,"high quality fundus photograph of an eye with glaucoma, optic disc cupping, increased cup-to-disc ratio, medical ophthalmology image, detailed retinal view, clinical photography"
_54_1709440.jpg,glaucoma,"high quality fundus photograph of an eye with glaucoma, optic disc cupping, increased cup-to-disc ratio, medical ophthalmology image, detailed retinal view, clinical photography"
_54_4840369.jpg,glaucoma,"high quality fundus photograph of an eye with glaucoma, optic disc cupping, increased cup-to-disc ratio, medical ophthalmology image, detailed retinal view, clinical photography"
_55_1027321.jpg,glaucoma,"high quality fundus photograph of an eye with glaucoma, optic disc cupping, increased cup-to-disc ratio, medical ophthalmology image, detailed retinal view, clinical photography"
_56_7014018.jpg,glaucoma,"high quality fundus photograph of an eye with glaucoma, optic disc cupping, increased cup-to-disc ratio, medical ophthalmology image, detailed retinal view, clinical photography"
_57_1814825.jpg,glaucoma,"high quality fundus photograph of an eye with glaucoma, optic disc cupping, increased cup-to-disc ratio, medical ophthalmology image, detailed retinal view, clinical photography"
_58_180622.jpg,glaucoma,"high quality fundus photograph of an eye with glaucoma, optic disc cupping, increased cup-to-disc ratio, medical ophthalmology image, detailed retinal view, clinical photography"
_58_8721967.jpg,glaucoma,"high quality fundus photograph of an eye with glaucoma, optic disc cupping, increased cup-to-disc ratio, medical ophthalmology image, detailed retinal view, clinical photography"
_59_1911492.jpg,glaucoma,"high quality fundus photograph of an eye with glaucoma, optic disc cupping, increased cup-to-disc ratio, medical ophthalmology image, detailed retinal view, clinical photography"
_59_9153525.jpg,glaucoma,"high quality fundus photograph of an eye with glaucoma, optic disc cupping, increased cup-to-disc ratio, medical ophthalmology image, detailed retinal view, clinical photography"
_5_5487582.jpg,glaucoma,"high quality fundus photograph of an eye with glaucoma, optic disc cupping, increased cup-to-disc ratio, medical ophthalmology image, detailed retinal view, clinical photography"
_60_3287251.jpg,glaucoma,"high quality fundus photograph of an eye with glaucoma, optic disc cupping, increased cup-to-disc ratio, medical ophthalmology image, detailed retinal view, clinical photography"
_60_6481590.jpg,glaucoma,"high quality fundus photograph of an eye with glaucoma, optic disc cupping, increased cup-to-disc ratio, medical ophthalmology image, detailed retinal view, clinical photography"
_61_1340813.jpg,glaucoma,"high quality fundus photograph of an eye with glaucoma, optic disc cupping, increased cup-to-disc ratio, medical ophthalmology image, detailed retinal view, clinical photography"
_62_3878139.jpg,glaucoma,"high quality fundus photograph of an eye with glaucoma, optic disc cupping, increased cup-to-disc ratio, medical ophthalmology image, detailed retinal view, clinical photography"
_62_731940.jpg,glaucoma,"high quality fundus photograph of an eye with glaucoma, optic disc cupping, increased cup-to-disc ratio, medical ophthalmology image, detailed retinal view, clinical photography"
_63_5036155.jpg,glaucoma,"high quality fundus photograph of an eye with glaucoma, optic disc cupping, increased cup-to-disc ratio, medical ophthalmology image, detailed retinal view, clinical photography"
_64_3530889.jpg,glaucoma,"high quality fundus photograph of an eye with glaucoma, optic disc cupping, increased cup-to-disc ratio, medical ophthalmology image, detailed retinal view, clinical photography"
_64_4692255.jpg,glaucoma,"high quality fundus photograph of an eye with glaucoma, optic disc cupping, increased cup-to-disc ratio, medical ophthalmology image, detailed retinal view, clinical photography"
_65_9130585.jpg,glaucoma,"high quality fundus photograph of an eye with glaucoma, optic disc cupping, increased cup-to-disc ratio, medical ophthalmology image, detailed retinal view, clinical photography"
_66_8732996.jpg,glaucoma,"high quality fundus photograph of an eye with glaucoma, optic disc cupping, increased cup-to-disc ratio, medical ophthalmology image, detailed retinal view, clinical photography"
_67_4921455.jpg,glaucoma,"high quality fundus photograph of an eye with glaucoma, optic disc cupping, increased cup-to-disc ratio, medical ophthalmology image, detailed retinal view, clinical photography"
_67_5997765.jpg,glaucoma,"high quality fundus photograph of an eye with glaucoma, optic disc cupping, increased cup-to-disc ratio, medical ophthalmology image, detailed retinal view, clinical photography"
_68_7591745.jpg,glaucoma,"high quality fundus photograph of an eye with glaucoma, optic disc cupping, increased cup-to-disc ratio, medical ophthalmology image, detailed retinal view, clinical photography"
_69_5362173.jpg,glaucoma,"high quality fundus photograph of an eye with glaucoma, optic disc cupping, increased cup-to-disc ratio, medical ophthalmology image, detailed retinal view, clinical photography"
_6_2143075.jpg,glaucoma,"high quality fundus photograph of an eye with glaucoma, optic disc cupping, increased cup-to-disc ratio, medical ophthalmology image, detailed retinal view, clinical photography"
_70_4843073.jpg,glaucoma,"high quality fundus photograph of an eye with glaucoma, optic disc cupping, increased cup-to-disc ratio, medical ophthalmology image, detailed retinal view, clinical photography"
_71_5256438.jpg,glaucoma,"high quality fundus photograph of an eye with glaucoma, optic disc cupping, increased cup-to-disc ratio, medical ophthalmology image, detailed retinal view, clinical photography"
_71_9012457.jpg,glaucoma,"high quality fundus photograph of an eye with glaucoma, optic disc cupping, increased cup-to-disc ratio, medical ophthalmology image, detailed retinal view, clinical photography"
_72_3474284.jpg,glaucoma,"high quality fundus photograph of an eye with glaucoma, optic disc cupping, increased cup-to-disc ratio, medical ophthalmology image, detailed retinal view, clinical photography"
_73_1527609.jpg,glaucoma,"high quality fundus photograph of an eye with glaucoma, optic disc cupping, increased cup-to-disc ratio, medical ophthalmology image, detailed retinal view, clinical photography"
_73_2704407.jpg,glaucoma,"high quality fundus photograph of an eye with glaucoma, optic disc cupping, increased cup-to-disc ratio, medical ophthalmology image, detailed retinal view, clinical photography"
_74_2774709.jpg,glaucoma,"high quality fundus photograph of an eye with glaucoma, optic disc cupping, increased cup-to-disc ratio, medical ophthalmology image, detailed retinal view, clinical photography"
_75_5691617.jpg,glaucoma,"high quality fundus photograph of an eye with glaucoma, optic disc cupping, increased cup-to-disc ratio, medical ophthalmology image, detailed retinal view, clinical photography"
_75_820784.jpg,glaucoma,"high quality fundus photograph of an eye with glaucoma, optic disc cupping, increased cup-to-disc ratio, medical ophthalmology image, detailed retinal view, clinical photography"
_76_8587652.jpg,glaucoma,"high quality fundus photograph of an eye with glaucoma, optic disc cupping, increased cup-to-disc ratio, medical ophthalmology image, detailed retinal view, clinical photography"
_77_3641818.jpg,glaucoma,"high quality fundus photograph of an eye with glaucoma, optic disc cupping, increased cup-to-disc ratio, medical ophthalmology image, detailed retinal view, clinical photography"
_77_7357873.jpg,glaucoma,"high quality fundus photograph of an eye with glaucoma, optic disc cupping, increased cup-to-disc ratio, medical ophthalmology image, detailed retinal view, clinical photography"
_78_1065003.jpg,glaucoma,"high quality fundus photograph of an eye with glaucoma, optic disc cupping, increased cup-to-disc ratio, medical ophthalmology image, detailed retinal view, clinical photography"
_79_266127.jpg,glaucoma,"high quality fundus photograph of an eye with glaucoma, optic disc cupping, increased cup-to-disc ratio, medical ophthalmology image, detailed retinal view, clinical photography"
_79_7226209.jpg,glaucoma,"high quality fundus photograph of an eye with glaucoma, optic disc cupping, increased cup-to-disc ratio, medical ophthalmology image, detailed retinal view, clinical photography"
_7_5314686.jpg,glaucoma,"high quality fundus photograph of an eye with glaucoma, optic disc cupping, increased cup-to-disc ratio, medical ophthalmology image, detailed retinal view, clinical photography"
_80_1430822.jpg,glaucoma,"high quality fundus photograph of an eye with glaucoma, optic disc cupping, increased cup-to-disc ratio, medical ophthalmology image, detailed retinal view, clinical photography"
_81_2700389.jpg,glaucoma,"high quality fundus photograph of an eye with glaucoma, optic disc cupping, increased cup-to-disc ratio, medical ophthalmology image, detailed retinal view, clinical photography"
_82_3719382.jpg,glaucoma,"high quality fundus photograph of an eye with glaucoma, optic disc cupping, increased cup-to-disc ratio, medical ophthalmology image, detailed retinal view, clinical photography"
_83_9155730.jpg,glaucoma,"high quality fundus photograph of an eye with glaucoma, optic disc cupping, increased cup-to-disc ratio, medical ophthalmology image, detailed retinal view, clinical photography"
_84_2885250.jpg,glaucoma,"high quality fundus photograph of an eye with glaucoma, optic disc cupping, increased cup-to-disc ratio, medical ophthalmology image, detailed retinal view, clinical photography"
_85_9846035.jpg,glaucoma,"high quality fundus photograph of an eye with glaucoma, optic disc cupping, increased cup-to-disc ratio, medical ophthalmology image, detailed retinal view, clinical photography"
_86_1386374.jpg,glaucoma,"high quality fundus photograph of an eye with glaucoma, optic disc cupping, increased cup-to-disc ratio, medical ophthalmology image, detailed retinal view, clinical photography"
_87_9110812.jpg,glaucoma,"high quality fundus photograph of an eye with glaucoma, optic disc cupping, increased cup-to-disc ratio, medical ophthalmology image, detailed retinal view, clinical photography"
_88_3424776.jpg,glaucoma,"high quality fundus photograph of an eye with glaucoma, optic disc cupping, increased cup-to-disc ratio, medical ophthalmology image, detailed retinal view, clinical photography"
_88_3707930.jpg,glaucoma,"high quality fundus photograph of an eye with glaucoma, optic disc cupping, increased cup-to-disc ratio, medical ophthalmology image, detailed retinal view, clinical photography"
_89_751322.jpg,glaucoma,"high quality fundus photograph of an eye with glaucoma, optic disc cupping, increased cup-to-disc ratio, medical ophthalmology image, detailed retinal view, clinical photography"
_8_4875579.jpg,glaucoma,"high quality fundus photograph of an eye with glaucoma, optic disc cupping, increased cup-to-disc ratio, medical ophthalmology image, detailed retinal view, clinical photography"
_8_5210275.jpg,glaucoma,"high quality fundus photograph of an eye with glaucoma, optic disc cupping, increased cup-to-disc ratio, medical ophthalmology image, detailed retinal view, clinical photography"
_90_4845886.jpg,glaucoma,"high quality fundus photograph of an eye with glaucoma, optic disc cupping, increased cup-to-disc ratio, medical ophthalmology image, detailed retinal view, clinical photography"
_90_7427306.jpg,glaucoma,"high quality fundus photograph of an eye with glaucoma, optic disc cupping, increased cup-to-disc ratio, medical ophthalmology image, detailed retinal view, clinical photography"
_91_4030510.jpg,glaucoma,"high quality fundus photograph of an eye with glaucoma, optic disc cupping, increased cup-to-disc ratio, medical ophthalmology image, detailed retinal view, clinical photography"
_91_8145296.jpg,glaucoma,"high quality fundus photograph of an eye with glaucoma, optic disc cupping, increased cup-to-disc ratio, medical ophthalmology image, detailed retinal view, clinical photography"
_92_2709771.jpg,glaucoma,"high quality fundus photograph of an eye with glaucoma, optic disc cupping, increased cup-to-disc ratio, medical ophthalmology image, detailed retinal view, clinical photography"
_93_8742749.jpg,glaucoma,"high quality fundus photograph of an eye with glaucoma, optic disc cupping, increased cup-to-disc ratio, medical ophthalmology image, detailed retinal view, clinical photography"
_94_8906983.jpg,glaucoma,"high quality fundus photograph of an eye with glaucoma, optic disc cupping, increased cup-to-disc ratio, medical ophthalmology image, detailed retinal view, clinical photography"
_95_5759614.jpg,glaucoma,"high quality fundus photograph of an eye with glaucoma, optic disc cupping, increased cup-to-disc ratio, medical ophthalmology image, detailed retinal view, clinical photography"
_95_6242980.jpg,glaucoma,"high quality fundus photograph of an eye with glaucoma, optic disc cupping, increased cup-to-disc ratio, medical ophthalmology image, detailed retinal view, clinical photography"
_96_982046.jpg,glaucoma,"high quality fundus photograph of an eye with glaucoma, optic disc cupping, increased cup-to-disc ratio, medical ophthalmology image, detailed retinal view, clinical photography"
_97_139770.jpg,glaucoma,"high quality fundus photograph of an eye with glaucoma, optic disc cupping, increased cup-to-disc ratio, medical ophthalmology image, detailed retinal view, clinical photography"
_97_3920460.jpg,glaucoma,"high quality fundus photograph of an eye with glaucoma, optic disc cupping, increased cup-to-disc ratio, medical ophthalmology image, detailed retinal view, clinical photography"
_98_4213035.jpg,glaucoma,"high quality fundus photograph of an eye with glaucoma, optic disc cupping, increased cup-to-disc ratio, medical ophthalmology image, detailed retinal view, clinical photography"
_98_763638.jpg,glaucoma,"high quality fundus photograph of an eye with glaucoma, optic disc cupping, increased cup-to-disc ratio, medical ophthalmology image, detailed retinal view, clinical photography"
_99_5348098.jpg,glaucoma,"high quality fundus photograph of an eye with glaucoma, optic disc cupping, increased cup-to-disc ratio, medical ophthalmology image, detailed retinal view, clinical photography"
_99_9780664.jpg,glaucoma,"high quality fundus photograph of an eye with glaucoma, optic disc cupping, increased cup-to-disc ratio, medical ophthalmology image, detailed retinal view, clinical photography"
_9_9966988.jpg,glaucoma,"high quality fundus photograph of an eye with glaucoma, optic disc cupping, increased cup-to-disc ratio, medical ophthalmology image, detailed retinal view, clinical photography"
1034_left.jpg,normal,"high quality fundus photograph of a healthy normal eye, clear optic disc, healthy retinal vessels, no pathology, medical ophthalmology image, detailed retinal view, clinical photography"
1034_right.jpg,normal,"high quality fundus photograph of a healthy normal eye, clear optic disc, healthy retinal vessels, no pathology, medical ophthalmology image, detailed retinal view, clinical photography"
1060_left.jpg,normal,"high quality fundus photograph of a healthy normal eye, clear optic disc, healthy retinal vessels, no pathology, medical ophthalmology image, detailed retinal view, clinical photography"
1060_right.jpg,normal,"high quality fundus photograph of a healthy normal eye, clear optic disc, healthy retinal vessels, no pathology, medical ophthalmology image, detailed retinal view, clinical photography"
1253_left.jpg,normal,"high quality fundus photograph of a healthy normal eye, clear optic disc, healthy retinal vessels, no pathology, medical ophthalmology image, detailed retinal view, clinical photography"
1253_right.jpg,normal,"high quality fundus photograph of a healthy normal eye, clear optic disc, healthy retinal vessels, no pathology, medical ophthalmology image, detailed retinal view, clinical photography"
2329_left.jpg,normal,"high quality fundus photograph of a healthy normal eye, clear optic disc, healthy retinal vessels, no pathology, medical ophthalmology image, detailed retinal view, clinical photography"
2329_right.jpg,normal,"high quality fundus photograph of a healthy normal eye, clear optic disc, healthy retinal vessels, no pathology, medical ophthalmology image, detailed retinal view, clinical photography"
2331_left.jpg,normal,"high quality fundus photograph of a healthy normal eye, clear optic disc, healthy retinal vessels, no pathology, medical ophthalmology image, detailed retinal view, clinical photography"
2331_right.jpg,normal,"high quality fundus photograph of a healthy normal eye, clear optic disc, healthy retinal vessels, no pathology, medical ophthalmology image, detailed retinal view, clinical photography"
2332_left.jpg,normal,"high quality fundus photograph of a healthy normal eye, clear optic disc, healthy retinal vessels, no pathology, medical ophthalmology image, detailed retinal view, clinical photography"
2332_right.jpg,normal,"high quality fundus photograph of a healthy normal eye, clear optic disc, healthy retinal vessels, no pathology, medical ophthalmology image, detailed retinal view, clinical photography"
2334_left.jpg,normal,"high quality fundus photograph of a healthy normal eye, clear optic disc, healthy retinal vessels, no pathology, medical ophthalmology image, detailed retinal view, clinical photography"
2334_right.jpg,normal,"high quality fundus photograph of a healthy normal eye, clear optic disc, healthy retinal vessels, no pathology, medical ophthalmology image, detailed retinal view, clinical photography"
2335_left.jpg,normal,"high quality fundus photograph of a healthy normal eye, clear optic disc, healthy retinal vessels, no pathology, medical ophthalmology image, detailed retinal view, clinical photography"
2335_right.jpg,normal,"high quality fundus photograph of a healthy normal eye, clear optic disc, healthy retinal vessels, no pathology, medical ophthalmology image, detailed retinal view, clinical photography"
2341_left.jpg,normal,"high quality fundus photograph of a healthy normal eye, clear optic disc, healthy retinal vessels, no pathology, medical ophthalmology image, detailed retinal view, clinical photography"
2341_right.jpg,normal,"high quality fundus photograph of a healthy normal eye, clear optic disc, healthy retinal vessels, no pathology, medical ophthalmology image, detailed retinal view, clinical photography"
2345_left.jpg,normal,"high quality fundus photograph of a healthy normal eye, clear optic disc, healthy retinal vessels, no pathology, medical ophthalmology image, detailed retinal view, clinical photography"
2345_right.jpg,normal,"high quality fundus photograph of a healthy normal eye, clear optic disc, healthy retinal vessels, no pathology, medical ophthalmology image, detailed retinal view, clinical photography"
2346_left.jpg,normal,"high quality fundus photograph of a healthy normal eye, clear optic disc, healthy retinal vessels, no pathology, medical ophthalmology image, detailed retinal view, clinical photography"
2346_right.jpg,normal,"high quality fundus photograph of a healthy normal eye, clear optic disc, healthy retinal vessels, no pathology, medical ophthalmology image, detailed retinal view, clinical photography"
2349_left.jpg,normal,"high quality fundus photograph of a healthy normal eye, clear optic disc, healthy retinal vessels, no pathology, medical ophthalmology image, detailed retinal view, clinical photography"
2349_right.jpg,normal,"high quality fundus photograph of a healthy normal eye, clear optic disc, healthy retinal vessels, no pathology, medical ophthalmology image, detailed retinal view, clinical photography"
2351_left.jpg,normal,"high quality fundus photograph of a healthy normal eye, clear optic disc, healthy retinal vessels, no pathology, medical ophthalmology image, detailed retinal view, clinical photography"
2351_right.jpg,normal,"high quality fundus photograph of a healthy normal eye, clear optic disc, healthy retinal vessels, no pathology, medical ophthalmology image, detailed retinal view, clinical photography"
2353_left.jpg,normal,"high quality fundus photograph of a healthy normal eye, clear optic disc, healthy retinal vessels, no pathology, medical ophthalmology image, detailed retinal view, clinical photography"
2353_right.jpg,normal,"high quality fundus photograph of a healthy normal eye, clear optic disc, healthy retinal vessels, no pathology, medical ophthalmology image, detailed retinal view, clinical photography"
2354_left.jpg,normal,"high quality fundus photograph of a healthy normal eye, clear optic disc, healthy retinal vessels, no pathology, medical ophthalmology image, detailed retinal view, clinical photography"
2354_right.jpg,normal,"high quality fundus photograph of a healthy normal eye, clear optic disc, healthy retinal vessels, no pathology, medical ophthalmology image, detailed retinal view, clinical photography"
2355_left.jpg,normal,"high quality fundus photograph of a healthy normal eye, clear optic disc, healthy retinal vessels, no pathology, medical ophthalmology image, detailed retinal view, clinical photography"
2355_right.jpg,normal,"high quality fundus photograph of a healthy normal eye, clear optic disc, healthy retinal vessels, no pathology, medical ophthalmology image, detailed retinal view, clinical photography"
2356_left.jpg,normal,"high quality fundus photograph of a healthy normal eye, clear optic disc, healthy retinal vessels, no pathology, medical ophthalmology image, detailed retinal view, clinical photography"
2356_right.jpg,normal,"high quality fundus photograph of a healthy normal eye, clear optic disc, healthy retinal vessels, no pathology, medical ophthalmology image, detailed retinal view, clinical photography"
2359_left.jpg,normal,"high quality fundus photograph of a healthy normal eye, clear optic disc, healthy retinal vessels, no pathology, medical ophthalmology image, detailed retinal view, clinical photography"
2359_right.jpg,normal,"high quality fundus photograph of a healthy normal eye, clear optic disc, healthy retinal vessels, no pathology, medical ophthalmology image, detailed retinal view, clinical photography"
2362_left.jpg,normal,"high quality fundus photograph of a healthy normal eye, clear optic disc, healthy retinal vessels, no pathology, medical ophthalmology image, detailed retinal view, clinical photography"
2362_right.jpg,normal,"high quality fundus photograph of a healthy normal eye, clear optic disc, healthy retinal vessels, no pathology, medical ophthalmology image, detailed retinal view, clinical photography"
2363_left.jpg,normal,"high quality fundus photograph of a healthy normal eye, clear optic disc, healthy retinal vessels, no pathology, medical ophthalmology image, detailed retinal view, clinical photography"
2363_right.jpg,normal,"high quality fundus photograph of a healthy normal eye, clear optic disc, healthy retinal vessels, no pathology, medical ophthalmology image, detailed retinal view, clinical photography"
2365_left.jpg,normal,"high quality fundus photograph of a healthy normal eye, clear optic disc, healthy retinal vessels, no pathology, medical ophthalmology image, detailed retinal view, clinical photography"
2365_right.jpg,normal,"high quality fundus photograph of a healthy normal eye, clear optic disc, healthy retinal vessels, no pathology, medical ophthalmology image, detailed retinal view, clinical photography"
2366_left.jpg,normal,"high quality fundus photograph of a healthy normal eye, clear optic disc, healthy retinal vessels, no pathology, medical ophthalmology image, detailed retinal view, clinical photography"
2366_right.jpg,normal,"high quality fundus photograph of a healthy normal eye, clear optic disc, healthy retinal vessels, no pathology, medical ophthalmology image, detailed retinal view, clinical photography"
2367_left.jpg,normal,"high quality fundus photograph of a healthy normal eye, clear optic disc, healthy retinal vessels, no pathology, medical ophthalmology image, detailed retinal view, clinical photography"
2367_right.jpg,normal,"high quality fundus photograph of a healthy normal eye, clear optic disc, healthy retinal vessels, no pathology, medical ophthalmology image, detailed retinal view, clinical photography"
2368_left.jpg,normal,"high quality fundus photograph of a healthy normal eye, clear optic disc, healthy retinal vessels, no pathology, medical ophthalmology image, detailed retinal view, clinical photography"
2368_right.jpg,normal,"high quality fundus photograph of a healthy normal eye, clear optic disc, healthy retinal vessels, no pathology, medical ophthalmology image, detailed retinal view, clinical photography"
2369_left.jpg,normal,"high quality fundus photograph of a healthy normal eye, clear optic disc, healthy retinal vessels, no pathology, medical ophthalmology image, detailed retinal view, clinical photography"
2369_right.jpg,normal,"high quality fundus photograph of a healthy normal eye, clear optic disc, healthy retinal vessels, no pathology, medical ophthalmology image, detailed retinal view, clinical photography"
2371_left.jpg,normal,"high quality fundus photograph of a healthy normal eye, clear optic disc, healthy retinal vessels, no pathology, medical ophthalmology image, detailed retinal view, clinical photography"
2371_right.jpg,normal,"high quality fundus photograph of a healthy normal eye, clear optic disc, healthy retinal vessels, no pathology, medical ophthalmology image, detailed retinal view, clinical photography"
2372_left.jpg,normal,"high quality fundus photograph of a healthy normal eye, clear optic disc, healthy retinal vessels, no pathology, medical ophthalmology image, detailed retinal view, clinical photography"
2372_right.jpg,normal,"high quality fundus photograph of a healthy normal eye, clear optic disc, healthy retinal vessels, no pathology, medical ophthalmology image, detailed retinal view, clinical photography"
2377_left.jpg,normal,"high quality fundus photograph of a healthy normal eye, clear optic disc, healthy retinal vessels, no pathology, medical ophthalmology image, detailed retinal view, clinical photography"
2378_left.jpg,normal,"high quality fundus photograph of a healthy normal eye, clear optic disc, healthy retinal vessels, no pathology, medical ophthalmology image, detailed retinal view, clinical photography"
2378_right.jpg,normal,"high quality fundus photograph of a healthy normal eye, clear optic disc, healthy retinal vessels, no pathology, medical ophthalmology image, detailed retinal view, clinical photography"
2380_left.jpg,normal,"high quality fundus photograph of a healthy normal eye, clear optic disc, healthy retinal vessels, no pathology, medical ophthalmology image, detailed retinal view, clinical photography"
2380_right.jpg,normal,"high quality fundus photograph of a healthy normal eye, clear optic disc, healthy retinal vessels, no pathology, medical ophthalmology image, detailed retinal view, clinical photography"
2382_left.jpg,normal,"high quality fundus photograph of a healthy normal eye, clear optic disc, healthy retinal vessels, no pathology, medical ophthalmology image, detailed retinal view, clinical photography"
2382_right.jpg,normal,"high quality fundus photograph of a healthy normal eye, clear optic disc, healthy retinal vessels, no pathology, medical ophthalmology image, detailed retinal view, clinical photography"
2383_left.jpg,normal,"high quality fundus photograph of a healthy normal eye, clear optic disc, healthy retinal vessels, no pathology, medical ophthalmology image, detailed retinal view, clinical photography"
2383_right.jpg,normal,"high quality fundus photograph of a healthy normal eye, clear optic disc, healthy retinal vessels, no pathology, medical ophthalmology image, detailed retinal view, clinical photography"
2384_left.jpg,normal,"high quality fundus photograph of a healthy normal eye, clear optic disc, healthy retinal vessels, no pathology, medical ophthalmology image, detailed retinal view, clinical photography"
2384_right.jpg,normal,"high quality fundus photograph of a healthy normal eye, clear optic disc, healthy retinal vessels, no pathology, medical ophthalmology image, detailed retinal view, clinical photography"
2386_left.jpg,normal,"high quality fundus photograph of a healthy normal eye, clear optic disc, healthy retinal vessels, no pathology, medical ophthalmology image, detailed retinal view, clinical photography"
2386_right.jpg,normal,"high quality fundus photograph of a healthy normal eye, clear optic disc, healthy retinal vessels, no pathology, medical ophthalmology image, detailed retinal view, clinical photography"
2388_left.jpg,normal,"high quality fundus photograph of a healthy normal eye, clear optic disc, healthy retinal vessels, no pathology, medical ophthalmology image, detailed retinal view, clinical photography"
2388_right.jpg,normal,"high quality fundus photograph of a healthy normal eye, clear optic disc, healthy retinal vessels, no pathology, medical ophthalmology image, detailed retinal view, clinical photography"
2389_left.jpg,normal,"high quality fundus photograph of a healthy normal eye, clear optic disc, healthy retinal vessels, no pathology, medical ophthalmology image, detailed retinal view, clinical photography"
2389_right.jpg,normal,"high quality fundus photograph of a healthy normal eye, clear optic disc, healthy retinal vessels, no pathology, medical ophthalmology image, detailed retinal view, clinical photography"
2393_left.jpg,normal,"high quality fundus photograph of a healthy normal eye, clear optic disc, healthy retinal vessels, no pathology, medical ophthalmology image, detailed retinal view, clinical photography"
2393_right.jpg,normal,"high quality fundus photograph of a healthy normal eye, clear optic disc, healthy retinal vessels, no pathology, medical ophthalmology image, detailed retinal view, clinical photography"
2394_left.jpg,normal,"high quality fundus photograph of a healthy normal eye, clear optic disc, healthy retinal vessels, no pathology, medical ophthalmology image, detailed retinal view, clinical photography"
2394_right.jpg,normal,"high quality fundus photograph of a healthy normal eye, clear optic disc, healthy retinal vessels, no pathology, medical ophthalmology image, detailed retinal view, clinical photography"
2395_left.jpg,normal,"high quality fundus photograph of a healthy normal eye, clear optic disc, healthy retinal vessels, no pathology, medical ophthalmology image, detailed retinal view, clinical photography"
2395_right.jpg,normal,"high quality fundus photograph of a healthy normal eye, clear optic disc, healthy retinal vessels, no pathology, medical ophthalmology image, detailed retinal view, clinical photography"
2396_left.jpg,normal,"high quality fundus photograph of a healthy normal eye, clear optic disc, healthy retinal vessels, no pathology, medical ophthalmology image, detailed retinal view, clinical photography"
2396_right.jpg,normal,"high quality fundus photograph of a healthy normal eye, clear optic disc, healthy retinal vessels, no pathology, medical ophthalmology image, detailed retinal view, clinical photography"
2397_left.jpg,normal,"high quality fundus photograph of a healthy normal eye, clear optic disc, healthy retinal vessels, no pathology, medical ophthalmology image, detailed retinal view, clinical photography"
2397_right.jpg,normal,"high quality fundus photograph of a healthy normal eye, clear optic disc, healthy retinal vessels, no pathology, medical ophthalmology image, detailed retinal view, clinical photography"
2399_left.jpg,normal,"high quality fundus photograph of a healthy normal eye, clear optic disc, healthy retinal vessels, no pathology, medical ophthalmology image, detailed retinal view, clinical photography"
2399_right.jpg,normal,"high quality fundus photograph of a healthy normal eye, clear optic disc, healthy retinal vessels, no pathology, medical ophthalmology image, detailed retinal view, clinical photography"
2400_right.jpg,normal,"high quality fundus photograph of a healthy normal eye, clear optic disc, healthy retinal vessels, no pathology, medical ophthalmology image, detailed retinal view, clinical photography"
2403_left.jpg,normal,"high quality fundus photograph of a healthy normal eye, clear optic disc, healthy retinal vessels, no pathology, medical ophthalmology image, detailed retinal view, clinical photography"
2403_right.jpg,normal,"high quality fundus photograph of a healthy normal eye, clear optic disc, healthy retinal vessels, no pathology, medical ophthalmology image, detailed retinal view, clinical photography"
2408_left.jpg,normal,"high quality fundus photograph of a healthy normal eye, clear optic disc, healthy retinal vessels, no pathology, medical ophthalmology image, detailed retinal view, clinical photography"
2408_right.jpg,normal,"high quality fundus photograph of a healthy normal eye, clear optic disc, healthy retinal vessels, no pathology, medical ophthalmology image, detailed retinal view, clinical photography"
2410_left.jpg,normal,"high quality fundus photograph of a healthy normal eye, clear optic disc, healthy retinal vessels, no pathology, medical ophthalmology image, detailed retinal view, clinical photography"
2410_right.jpg,normal,"high quality fundus photograph of a healthy normal eye, clear optic disc, healthy retinal vessels, no pathology, medical ophthalmology image, detailed retinal view, clinical photography"
2415_left.jpg,normal,"high quality fundus photograph of a healthy normal eye, clear optic disc, healthy retinal vessels, no pathology, medical ophthalmology image, detailed retinal view, clinical photography"
2415_right.jpg,normal,"high quality fundus photograph of a healthy normal eye, clear optic disc, healthy retinal vessels, no pathology, medical ophthalmology image, detailed retinal view, clinical photography"
2418_left.jpg,normal,"high quality fundus photograph of a healthy normal eye, clear optic disc, healthy retinal vessels, no pathology, medical ophthalmology image, detailed retinal view, clinical photography"
2418_right.jpg,normal,"high quality fundus photograph of a healthy normal eye, clear optic disc, healthy retinal vessels, no pathology, medical ophthalmology image, detailed retinal view, clinical photography"
2419_left.jpg,normal,"high quality fundus photograph of a healthy normal eye, clear optic disc, healthy retinal vessels, no pathology, medical ophthalmology image, detailed retinal view, clinical photography"
2419_right.jpg,normal,"high quality fundus photograph of a healthy normal eye, clear optic disc, healthy retinal vessels, no pathology, medical ophthalmology image, detailed retinal view, clinical photography"
2421_left.jpg,normal,"high quality fundus photograph of a healthy normal eye, clear optic disc, healthy retinal vessels, no pathology, medical ophthalmology image, detailed retinal view, clinical photography"
2421_right.jpg,normal,"high quality fundus photograph of a healthy normal eye, clear optic disc, healthy retinal vessels, no pathology, medical ophthalmology image, detailed retinal view, clinical photography"
2422_left.jpg,normal,"high quality fundus photograph of a healthy normal eye, clear optic disc, healthy retinal vessels, no pathology, medical ophthalmology image, detailed retinal view, clinical photography"
2422_right.jpg,normal,"high quality fundus photograph of a healthy normal eye, clear optic disc, healthy retinal vessels, no pathology, medical ophthalmology image, detailed retinal view, clinical photography"
2423_left.jpg,normal,"high quality fundus photograph of a healthy normal eye, clear optic disc, healthy retinal vessels, no pathology, medical ophthalmology image, detailed retinal view, clinical photography"
2423_right.jpg,normal,"high quality fundus photograph of a healthy normal eye, clear optic disc, healthy retinal vessels, no pathology, medical ophthalmology image, detailed retinal view, clinical photography"
2426_left.jpg,normal,"high quality fundus photograph of a healthy normal eye, clear optic disc, healthy retinal vessels, no pathology, medical ophthalmology image, detailed retinal view, clinical photography"
2426_right.jpg,normal,"high quality fundus photograph of a healthy normal eye, clear optic disc, healthy retinal vessels, no pathology, medical ophthalmology image, detailed retinal view, clinical photography"
2427_left.jpg,normal,"high quality fundus photograph of a healthy normal eye, clear optic disc, healthy retinal vessels, no pathology, medical ophthalmology image, detailed retinal view, clinical photography"
2427_right.jpg,normal,"high quality fundus photograph of a healthy normal eye, clear optic disc, healthy retinal vessels, no pathology, medical ophthalmology image, detailed retinal view, clinical photography"
2428_left.jpg,normal,"high quality fundus photograph of a healthy normal eye, clear optic disc, healthy retinal vessels, no pathology, medical ophthalmology image, detailed retinal view, clinical photography"
2432_left.jpg,normal,"high quality fundus photograph of a healthy normal eye, clear optic disc, healthy retinal vessels, no pathology, medical ophthalmology image, detailed retinal view, clinical photography"
2432_right.jpg,normal,"high quality fundus photograph of a healthy normal eye, clear optic disc, healthy retinal vessels, no pathology, medical ophthalmology image, detailed retinal view, clinical photography"
2435_left.jpg,normal,"high quality fundus photograph of a healthy normal eye, clear optic disc, healthy retinal vessels, no pathology, medical ophthalmology image, detailed retinal view, clinical photography"
2435_right.jpg,normal,"high quality fundus photograph of a healthy normal eye, clear optic disc, healthy retinal vessels, no pathology, medical ophthalmology image, detailed retinal view, clinical photography"
2437_left.jpg,normal,"high quality fundus photograph of a healthy normal eye, clear optic disc, healthy retinal vessels, no pathology, medical ophthalmology image, detailed retinal view, clinical photography"
2437_right.jpg,normal,"high quality fundus photograph of a healthy normal eye, clear optic disc, healthy retinal vessels, no pathology, medical ophthalmology image, detailed retinal view, clinical photography"
2438_left.jpg,normal,"high quality fundus photograph of a healthy normal eye, clear optic disc, healthy retinal vessels, no pathology, medical ophthalmology image, detailed retinal view, clinical photography"
2438_right.jpg,normal,"high quality fundus photograph of a healthy normal eye, clear optic disc, healthy retinal vessels, no pathology, medical ophthalmology image, detailed retinal view, clinical photography"
2441_left.jpg,normal,"high quality fundus photograph of a healthy normal eye, clear optic disc, healthy retinal vessels, no pathology, medical ophthalmology image, detailed retinal view, clinical photography"
2441_right.jpg,normal,"high quality fundus photograph of a healthy normal eye, clear optic disc, healthy retinal vessels, no pathology, medical ophthalmology image, detailed retinal view, clinical photography"
2443_left.jpg,normal,"high quality fundus photograph of a healthy normal eye, clear optic disc, healthy retinal vessels, no pathology, medical ophthalmology image, detailed retinal view, clinical photography"
2443_right.jpg,normal,"high quality fundus photograph of a healthy normal eye, clear optic disc, healthy retinal vessels, no pathology, medical ophthalmology image, detailed retinal view, clinical photography"
2444_left.jpg,normal,"high quality fundus photograph of a healthy normal eye, clear optic disc, healthy retinal vessels, no pathology, medical ophthalmology image, detailed retinal view, clinical photography"
2444_right.jpg,normal,"high quality fundus photograph of a healthy normal eye, clear optic disc, healthy retinal vessels, no pathology, medical ophthalmology image, detailed retinal view, clinical photography"
2446_left.jpg,normal,"high quality fundus photograph of a healthy normal eye, clear optic disc, healthy retinal vessels, no pathology, medical ophthalmology image, detailed retinal view, clinical photography"
2446_right.jpg,normal,"high quality fundus photograph of a healthy normal eye, clear optic disc, healthy retinal vessels, no pathology, medical ophthalmology image, detailed retinal view, clinical photography"
2448_left.jpg,normal,"high quality fundus photograph of a healthy normal eye, clear optic disc, healthy retinal vessels, no pathology, medical ophthalmology image, detailed retinal view, clinical photography"
2456_left.jpg,normal,"high quality fundus photograph of a healthy normal eye, clear optic disc, healthy retinal vessels, no pathology, medical ophthalmology image, detailed retinal view, clinical photography"
2456_right.jpg,normal,"high quality fundus photograph of a healthy normal eye, clear optic disc, healthy retinal vessels, no pathology, medical ophthalmology image, detailed retinal view, clinical photography"
2463_left.jpg,normal,"high quality fundus photograph of a healthy normal eye, clear optic disc, healthy retinal vessels, no pathology, medical ophthalmology image, detailed retinal view, clinical photography"
2463_right.jpg,normal,"high quality fundus photograph of a healthy normal eye, clear optic disc, healthy retinal vessels, no pathology, medical ophthalmology image, detailed retinal view, clinical photography"
2465_left.jpg,normal,"high quality fundus photograph of a healthy normal eye, clear optic disc, healthy retinal vessels, no pathology, medical ophthalmology image, detailed retinal view, clinical photography"
2465_right.jpg,normal,"high quality fundus photograph of a healthy normal eye, clear optic disc, healthy retinal vessels, no pathology, medical ophthalmology image, detailed retinal view, clinical photography"
2466_left.jpg,normal,"high quality fundus photograph of a healthy normal eye, clear optic disc, healthy retinal vessels, no pathology, medical ophthalmology image, detailed retinal view, clinical photography"
2466_right.jpg,normal,"high quality fundus photograph of a healthy normal eye, clear optic disc, healthy retinal vessels, no pathology, medical ophthalmology image, detailed retinal view, clinical photography"
2469_left.jpg,normal,"high quality fundus photograph of a healthy normal eye, clear optic disc, healthy retinal vessels, no pathology, medical ophthalmology image, detailed retinal view, clinical photography"
2469_right.jpg,normal,"high quality fundus photograph of a healthy normal eye, clear optic disc, healthy retinal vessels, no pathology, medical ophthalmology image, detailed retinal view, clinical photography"
2470_left.jpg,normal,"high quality fundus photograph of a healthy normal eye, clear optic disc, healthy retinal vessels, no pathology, medical ophthalmology image, detailed retinal view, clinical photography"
2470_right.jpg,normal,"high quality fundus photograph of a healthy normal eye, clear optic disc, healthy retinal vessels, no pathology, medical ophthalmology image, detailed retinal view, clinical photography"
2475_left.jpg,normal,"high quality fundus photograph of a healthy normal eye, clear optic disc, healthy retinal vessels, no pathology, medical ophthalmology image, detailed retinal view, clinical photography"
2475_right.jpg,normal,"high quality fundus photograph of a healthy normal eye, clear optic disc, healthy retinal vessels, no pathology, medical ophthalmology image, detailed retinal view, clinical photography"
2477_left.jpg,normal,"high quality fundus photograph of a healthy normal eye, clear optic disc, healthy retinal vessels, no pathology, medical ophthalmology image, detailed retinal view, clinical photography"
2478_left.jpg,normal,"high quality fundus photograph of a healthy normal eye, clear optic disc, healthy retinal vessels, no pathology, medical ophthalmology image, detailed retinal view, clinical photography"
2481_left.jpg,normal,"high quality fundus photograph of a healthy normal eye, clear optic disc, healthy retinal vessels, no pathology, medical ophthalmology image, detailed retinal view, clinical photography"
2481_right.jpg,normal,"high quality fundus photograph of a healthy normal eye, clear optic disc, healthy retinal vessels, no pathology, medical ophthalmology image, detailed retinal view, clinical photography"
2482_left.jpg,normal,"high quality fundus photograph of a healthy normal eye, clear optic disc, healthy retinal vessels, no pathology, medical ophthalmology image, detailed retinal view, clinical photography"
2482_right.jpg,normal,"high quality fundus photograph of a healthy normal eye, clear optic disc, healthy retinal vessels, no pathology, medical ophthalmology image, detailed retinal view, clinical photography"
2483_left.jpg,normal,"high quality fundus photograph of a healthy normal eye, clear optic disc, healthy retinal vessels, no pathology, medical ophthalmology image, detailed retinal view, clinical photography"
2483_right.jpg,normal,"high quality fundus photograph of a healthy normal eye, clear optic disc, healthy retinal vessels, no pathology, medical ophthalmology image, detailed retinal view, clinical photography"
2484_left.jpg,normal,"high quality fundus photograph of a healthy normal eye, clear optic disc, healthy retinal vessels, no pathology, medical ophthalmology image, detailed retinal view, clinical photography"
2484_right.jpg,normal,"high quality fundus photograph of a healthy normal eye, clear optic disc, healthy retinal vessels, no pathology, medical ophthalmology image, detailed retinal view, clinical photography"
2485_left.jpg,normal,"high quality fundus photograph of a healthy normal eye, clear optic disc, healthy retinal vessels, no pathology, medical ophthalmology image, detailed retinal view, clinical photography"
2485_right.jpg,normal,"high quality fundus photograph of a healthy normal eye, clear optic disc, healthy retinal vessels, no pathology, medical ophthalmology image, detailed retinal view, clinical photography"
2486_left.jpg,normal,"high quality fundus photograph of a healthy normal eye, clear optic disc, healthy retinal vessels, no pathology, medical ophthalmology image, detailed retinal view, clinical photography"
2486_right.jpg,normal,"high quality fundus photograph of a healthy normal eye, clear optic disc, healthy retinal vessels, no pathology, medical ophthalmology image, detailed retinal view, clinical photography"
2488_left.jpg,normal,"high quality fundus photograph of a healthy normal eye, clear optic disc, healthy retinal vessels, no pathology, medical ophthalmology image, detailed retinal view, clinical photography"
2488_right.jpg,normal,"high quality fundus photograph of a healthy normal eye, clear optic disc, healthy retinal vessels, no pathology, medical ophthalmology image, detailed retinal view, clinical photography"
2489_left.jpg,normal,"high quality fundus photograph of a healthy normal eye, clear optic disc, healthy retinal vessels, no pathology, medical ophthalmology image, detailed retinal view, clinical photography"
2489_right.jpg,normal,"high quality fundus photograph of a healthy normal eye, clear optic disc, healthy retinal vessels, no pathology, medical ophthalmology image, detailed retinal view, clinical photography"
2493_left.jpg,normal,"high quality fundus photograph of a healthy normal eye, clear optic disc, healthy retinal vessels, no pathology, medical ophthalmology image, detailed retinal view, clinical photography"
2493_right.jpg,normal,"high quality fundus photograph of a healthy normal eye, clear optic disc, healthy retinal vessels, no pathology, medical ophthalmology image, detailed retinal view, clinical photography"
2496_right.jpg,normal,"high quality fundus photograph of a healthy normal eye, clear optic disc, healthy retinal vessels, no pathology, medical ophthalmology image, detailed retinal view, clinical photography"
2499_left.jpg,normal,"high quality fundus photograph of a healthy normal eye, clear optic disc, healthy retinal vessels, no pathology, medical ophthalmology image, detailed retinal view, clinical photography"
2499_right.jpg,normal,"high quality fundus photograph of a healthy normal eye, clear optic disc, healthy retinal vessels, no pathology, medical ophthalmology image, detailed retinal view, clinical photography"
2500_left.jpg,normal,"high quality fundus photograph of a healthy normal eye, clear optic disc, healthy retinal vessels, no pathology, medical ophthalmology image, detailed retinal view, clinical photography"
2500_right.jpg,normal,"high quality fundus photograph of a healthy normal eye, clear optic disc, healthy retinal vessels, no pathology, medical ophthalmology image, detailed retinal view, clinical photography"
2501_left.jpg,normal,"high quality fundus photograph of a healthy normal eye, clear optic disc, healthy retinal vessels, no pathology, medical ophthalmology image, detailed retinal view, clinical photography"
2501_right.jpg,normal,"high quality fundus photograph of a healthy normal eye, clear optic disc, healthy retinal vessels, no pathology, medical ophthalmology image, detailed retinal view, clinical photography"
2504_left.jpg,normal,"high quality fundus photograph of a healthy normal eye, clear optic disc, healthy retinal vessels, no pathology, medical ophthalmology image, detailed retinal view, clinical photography"
2504_right.jpg,normal,"high quality fundus photograph of a healthy normal eye, clear optic disc, healthy retinal vessels, no pathology, medical ophthalmology image, detailed retinal view, clinical photography"
2506_left.jpg,normal,"high quality fundus photograph of a healthy normal eye, clear optic disc, healthy retinal vessels, no pathology, medical ophthalmology image, detailed retinal view, clinical photography"
2506_right.jpg,normal,"high quality fundus photograph of a healthy normal eye, clear optic disc, healthy retinal vessels, no pathology, medical ophthalmology image, detailed retinal view, clinical photography"
2507_left.jpg,normal,"high quality fundus photograph of a healthy normal eye, clear optic disc, healthy retinal vessels, no pathology, medical ophthalmology image, detailed retinal view, clinical photography"
2507_right.jpg,normal,"high quality fundus photograph of a healthy normal eye, clear optic disc, healthy retinal vessels, no pathology, medical ophthalmology image, detailed retinal view, clinical photography"
2508_left.jpg,normal,"high quality fundus photograph of a healthy normal eye, clear optic disc, healthy retinal vessels, no pathology, medical ophthalmology image, detailed retinal view, clinical photography"
2508_right.jpg,normal,"high quality fundus photograph of a healthy normal eye, clear optic disc, healthy retinal vessels, no pathology, medical ophthalmology image, detailed retinal view, clinical photography"
2510_left.jpg,normal,"high quality fundus photograph of a healthy normal eye, clear optic disc, healthy retinal vessels, no pathology, medical ophthalmology image, detailed retinal view, clinical photography"
2510_right.jpg,normal,"high quality fundus photograph of a healthy normal eye, clear optic disc, healthy retinal vessels, no pathology, medical ophthalmology image, detailed retinal view, clinical photography"
2512_left.jpg,normal,"high quality fundus photograph of a healthy normal eye, clear optic disc, healthy retinal vessels, no pathology, medical ophthalmology image, detailed retinal view, clinical photography"
2512_right.jpg,normal,"high quality fundus photograph of a healthy normal eye, clear optic disc, healthy retinal vessels, no pathology, medical ophthalmology image, detailed retinal view, clinical photography"
2515_left.jpg,normal,"high quality fundus photograph of a healthy normal eye, clear optic disc, healthy retinal vessels, no pathology, medical ophthalmology image, detailed retinal view, clinical photography"
2517_left.jpg,normal,"high quality fundus photograph of a healthy normal eye, clear optic disc, healthy retinal vessels, no pathology, medical ophthalmology image, detailed retinal view, clinical photography"
2517_right.jpg,normal,"high quality fundus photograph of a healthy normal eye, clear optic disc, healthy retinal vessels, no pathology, medical ophthalmology image, detailed retinal view, clinical photography"
2518_left.jpg,normal,"high quality fundus photograph of a healthy normal eye, clear optic disc, healthy retinal vessels, no pathology, medical ophthalmology image, detailed retinal view, clinical photography"
2518_right.jpg,normal,"high quality fundus photograph of a healthy normal eye, clear optic disc, healthy retinal vessels, no pathology, medical ophthalmology image, detailed retinal view, clinical photography"
2519_left.jpg,normal,"high quality fundus photograph of a healthy normal eye, clear optic disc, healthy retinal vessels, no pathology, medical ophthalmology image, detailed retinal view, clinical photography"
2519_right.jpg,normal,"high quality fundus photograph of a healthy normal eye, clear optic disc, healthy retinal vessels, no pathology, medical ophthalmology image, detailed retinal view, clinical photography"
2521_left.jpg,normal,"high quality fundus photograph of a healthy normal eye, clear optic disc, healthy retinal vessels, no pathology, medical ophthalmology image, detailed retinal view, clinical photography"
2521_right.jpg,normal,"high quality fundus photograph of a healthy normal eye, clear optic disc, healthy retinal vessels, no pathology, medical ophthalmology image, detailed retinal view, clinical photography"
2523_left.jpg,normal,"high quality fundus photograph of a healthy normal eye, clear optic disc, healthy retinal vessels, no pathology, medical ophthalmology image, detailed retinal view, clinical photography"
2523_right.jpg,normal,"high quality fundus photograph of a healthy normal eye, clear optic disc, healthy retinal vessels, no pathology, medical ophthalmology image, detailed retinal view, clinical photography"
2524_left.jpg,normal,"high quality fundus photograph of a healthy normal eye, clear optic disc, healthy retinal vessels, no pathology, medical ophthalmology image, detailed retinal view, clinical photography"
2524_right.jpg,normal,"high quality fundus photograph of a healthy normal eye, clear optic disc, healthy retinal vessels, no pathology, medical ophthalmology image, detailed retinal view, clinical photography"
2525_left.jpg,normal,"high quality fundus photograph of a healthy normal eye, clear optic disc, healthy retinal vessels, no pathology, medical ophthalmology image, detailed retinal view, clinical photography"
2525_right.jpg,normal,"high quality fundus photograph of a healthy normal eye, clear optic disc, healthy retinal vessels, no pathology, medical ophthalmology image, detailed retinal view, clinical photography"
2527_left.jpg,normal,"high quality fundus photograph of a healthy normal eye, clear optic disc, healthy retinal vessels, no pathology, medical ophthalmology image, detailed retinal view, clinical photography"
2527_right.jpg,normal,"high quality fundus photograph of a healthy normal eye, clear optic disc, healthy retinal vessels, no pathology, medical ophthalmology image, detailed retinal view, clinical photography"
2529_left.jpg,normal,"high quality fundus photograph of a healthy normal eye, clear optic disc, healthy retinal vessels, no pathology, medical ophthalmology image, detailed retinal view, clinical photography"
2529_right.jpg,normal,"high quality fundus photograph of a healthy normal eye, clear optic disc, healthy retinal vessels, no pathology, medical ophthalmology image, detailed retinal view, clinical photography"
2531_left.jpg,normal,"high quality fundus photograph of a healthy normal eye, clear optic disc, healthy retinal vessels, no pathology, medical ophthalmology image, detailed retinal view, clinical photography"
2531_right.jpg,normal,"high quality fundus photograph of a healthy normal eye, clear optic disc, healthy retinal vessels, no pathology, medical ophthalmology image, detailed retinal view, clinical photography"
2533_left.jpg,normal,"high quality fundus photograph of a healthy normal eye, clear optic disc, healthy retinal vessels, no pathology, medical ophthalmology image, detailed retinal view, clinical photography"
2533_right.jpg,normal,"high quality fundus photograph of a healthy normal eye, clear optic disc, healthy retinal vessels, no pathology, medical ophthalmology image, detailed retinal view, clinical photography"
2535_left.jpg,normal,"high quality fundus photograph of a healthy normal eye, clear optic disc, healthy retinal vessels, no pathology, medical ophthalmology image, detailed retinal view, clinical photography"
2535_right.jpg,normal,"high quality fundus photograph of a healthy normal eye, clear optic disc, healthy retinal vessels, no pathology, medical ophthalmology image, detailed retinal view, clinical photography"
2538_left.jpg,normal,"high quality fundus photograph of a healthy normal eye, clear optic disc, healthy retinal vessels, no pathology, medical ophthalmology image, detailed retinal view, clinical photography"
2538_right.jpg,normal,"high quality fundus photograph of a healthy normal eye, clear optic disc, healthy retinal vessels, no pathology, medical ophthalmology image, detailed retinal view, clinical photography"
2540_left.jpg,normal,"high quality fundus photograph of a healthy normal eye, clear optic disc, healthy retinal vessels, no pathology, medical ophthalmology image, detailed retinal view, clinical photography"
2540_right.jpg,normal,"high quality fundus photograph of a healthy normal eye, clear optic disc, healthy retinal vessels, no pathology, medical ophthalmology image, detailed retinal view, clinical photography"
2542_left.jpg,normal,"high quality fundus photograph of a healthy normal eye, clear optic disc, healthy retinal vessels, no pathology, medical ophthalmology image, detailed retinal view, clinical photography"
2542_right.jpg,normal,"high quality fundus photograph of a healthy normal eye, clear optic disc, healthy retinal vessels, no pathology, medical ophthalmology image, detailed retinal view, clinical photography"
2543_left.jpg,normal,"high quality fundus photograph of a healthy normal eye, clear optic disc, healthy retinal vessels, no pathology, medical ophthalmology image, detailed retinal view, clinical photography"
2543_right.jpg,normal,"high quality fundus photograph of a healthy normal eye, clear optic disc, healthy retinal vessels, no pathology, medical ophthalmology image, detailed retinal view, clinical photography"
2547_left.jpg,normal,"high quality fundus photograph of a healthy normal eye, clear optic disc, healthy retinal vessels, no pathology, medical ophthalmology image, detailed retinal view, clinical photography"
2547_right.jpg,normal,"high quality fundus photograph of a healthy normal eye, clear optic disc, healthy retinal vessels, no pathology, medical ophthalmology image, detailed retinal view, clinical photography"
2548_left.jpg,normal,"high quality fundus photograph of a healthy normal eye, clear optic disc, healthy retinal vessels, no pathology, medical ophthalmology image, detailed retinal view, clinical photography"
2548_right.jpg,normal,"high quality fundus photograph of a healthy normal eye, clear optic disc, healthy retinal vessels, no pathology, medical ophthalmology image, detailed retinal view, clinical photography"
2554_left.jpg,normal,"high quality fundus photograph of a healthy normal eye, clear optic disc, healthy retinal vessels, no pathology, medical ophthalmology image, detailed retinal view, clinical photography"
2554_right.jpg,normal,"high quality fundus photograph of a healthy normal eye, clear optic disc, healthy retinal vessels, no pathology, medical ophthalmology image, detailed retinal view, clinical photography"
2556_left.jpg,normal,"high quality fundus photograph of a healthy normal eye, clear optic disc, healthy retinal vessels, no pathology, medical ophthalmology image, detailed retinal view, clinical photography"
2556_right.jpg,normal,"high quality fundus photograph of a healthy normal eye, clear optic disc, healthy retinal vessels, no pathology, medical ophthalmology image, detailed retinal view, clinical photography"
2558_left.jpg,normal,"high quality fundus photograph of a healthy normal eye, clear optic disc, healthy retinal vessels, no pathology, medical ophthalmology image, detailed retinal view, clinical photography"
2558_right.jpg,normal,"high quality fundus photograph of a healthy normal eye, clear optic disc, healthy retinal vessels, no pathology, medical ophthalmology image, detailed retinal view, clinical photography"
2563_left.jpg,normal,"high quality fundus photograph of a healthy normal eye, clear optic disc, healthy retinal vessels, no pathology, medical ophthalmology image, detailed retinal view, clinical photography"
2563_right.jpg,normal,"high quality fundus photograph of a healthy normal eye, clear optic disc, healthy retinal vessels, no pathology, medical ophthalmology image, detailed retinal view, clinical photography"
2564_left.jpg,normal,"high quality fundus photograph of a healthy normal eye, clear optic disc, healthy retinal vessels, no pathology, medical ophthalmology image, detailed retinal view, clinical photography"
2564_right.jpg,normal,"high quality fundus photograph of a healthy normal eye, clear optic disc, healthy retinal vessels, no pathology, medical ophthalmology image, detailed retinal view, clinical photography"
2565_left.jpg,normal,"high quality fundus photograph of a healthy normal eye, clear optic disc, healthy retinal vessels, no pathology, medical ophthalmology image, detailed retinal view, clinical photography"
2565_right.jpg,normal,"high quality fundus photograph of a healthy normal eye, clear optic disc, healthy retinal vessels, no pathology, medical ophthalmology image, detailed retinal view, clinical photography"
2567_left.jpg,normal,"high quality fundus photograph of a healthy normal eye, clear optic disc, healthy retinal vessels, no pathology, medical ophthalmology image, detailed retinal view, clinical photography"
2567_right.jpg,normal,"high quality fundus photograph of a healthy normal eye, clear optic disc, healthy retinal vessels, no pathology, medical ophthalmology image, detailed retinal view, clinical photography"
2569_left.jpg,normal,"high quality fundus photograph of a healthy normal eye, clear optic disc, healthy retinal vessels, no pathology, medical ophthalmology image, detailed retinal view, clinical photography"
2569_right.jpg,normal,"high quality fundus photograph of a healthy normal eye, clear optic disc, healthy retinal vessels, no pathology, medical ophthalmology image, detailed retinal view, clinical photography"
2570_left.jpg,normal,"high quality fundus photograph of a healthy normal eye, clear optic disc, healthy retinal vessels, no pathology, medical ophthalmology image, detailed retinal view, clinical photography"
2570_right.jpg,normal,"high quality fundus photograph of a healthy normal eye, clear optic disc, healthy retinal vessels, no pathology, medical ophthalmology image, detailed retinal view, clinical photography"
2572_left.jpg,normal,"high quality fundus photograph of a healthy normal eye, clear optic disc, healthy retinal vessels, no pathology, medical ophthalmology image, detailed retinal view, clinical photography"
2572_right.jpg,normal,"high quality fundus photograph of a healthy normal eye, clear optic disc, healthy retinal vessels, no pathology, medical ophthalmology image, detailed retinal view, clinical photography"
2573_left.jpg,normal,"high quality fundus photograph of a healthy normal eye, clear optic disc, healthy retinal vessels, no pathology, medical ophthalmology image, detailed retinal view, clinical photography"
2573_right.jpg,normal,"high quality fundus photograph of a healthy normal eye, clear optic disc, healthy retinal vessels, no pathology, medical ophthalmology image, detailed retinal view, clinical photography"
2574_left.jpg,normal,"high quality fundus photograph of a healthy normal eye, clear optic disc, healthy retinal vessels, no pathology, medical ophthalmology image, detailed retinal view, clinical photography"
2574_right.jpg,normal,"high quality fundus photograph of a healthy normal eye, clear optic disc, healthy retinal vessels, no pathology, medical ophthalmology image, detailed retinal view, clinical photography"
2575_left.jpg,normal,"high quality fundus photograph of a healthy normal eye, clear optic disc, healthy retinal vessels, no pathology, medical ophthalmology image, detailed retinal view, clinical photography"
2575_right.jpg,normal,"high quality fundus photograph of a healthy normal eye, clear optic disc, healthy retinal vessels, no pathology, medical ophthalmology image, detailed retinal view, clinical photography"
2576_left.jpg,normal,"high quality fundus photograph of a healthy normal eye, clear optic disc, healthy retinal vessels, no pathology, medical ophthalmology image, detailed retinal view, clinical photography"
2576_right.jpg,normal,"high quality fundus photograph of a healthy normal eye, clear optic disc, healthy retinal vessels, no pathology, medical ophthalmology image, detailed retinal view, clinical photography"
2577_left.jpg,normal,"high quality fundus photograph of a healthy normal eye, clear optic disc, healthy retinal vessels, no pathology, medical ophthalmology image, detailed retinal view, clinical photography"
2577_right.jpg,normal,"high quality fundus photograph of a healthy normal eye, clear optic disc, healthy retinal vessels, no pathology, medical ophthalmology image, detailed retinal view, clinical photography"
2580_right.jpg,normal,"high quality fundus photograph of a healthy normal eye, clear optic disc, healthy retinal vessels, no pathology, medical ophthalmology image, detailed retinal view, clinical photography"
2583_left.jpg,normal,"high quality fundus photograph of a healthy normal eye, clear optic disc, healthy retinal vessels, no pathology, medical ophthalmology image, detailed retinal view, clinical photography"
2583_right.jpg,normal,"high quality fundus photograph of a healthy normal eye, clear optic disc, healthy retinal vessels, no pathology, medical ophthalmology image, detailed retinal view, clinical photography"
2585_left.jpg,normal,"high quality fundus photograph of a healthy normal eye, clear optic disc, healthy retinal vessels, no pathology, medical ophthalmology image, detailed retinal view, clinical photography"
2585_right.jpg,normal,"high quality fundus photograph of a healthy normal eye, clear optic disc, healthy retinal vessels, no pathology, medical ophthalmology image, detailed retinal view, clinical photography"
2586_left.jpg,normal,"high quality fundus photograph of a healthy normal eye, clear optic disc, healthy retinal vessels, no pathology, medical ophthalmology image, detailed retinal view, clinical photography"
2586_right.jpg,normal,"high quality fundus photograph of a healthy normal eye, clear optic disc, healthy retinal vessels, no pathology, medical ophthalmology image, detailed retinal view, clinical photography"
2587_left.jpg,normal,"high quality fundus photograph of a healthy normal eye, clear optic disc, healthy retinal vessels, no pathology, medical ophthalmology image, detailed retinal view, clinical photography"
2587_right.jpg,normal,"high quality fundus photograph of a healthy normal eye, clear optic disc, healthy retinal vessels, no pathology, medical ophthalmology image, detailed retinal view, clinical photography"
2588_left.jpg,normal,"high quality fundus photograph of a healthy normal eye, clear optic disc, healthy retinal vessels, no pathology, medical ophthalmology image, detailed retinal view, clinical photography"
2588_right.jpg,normal,"high quality fundus photograph of a healthy normal eye, clear optic disc, healthy retinal vessels, no pathology, medical ophthalmology image, detailed retinal view, clinical photography"
2589_right.jpg,normal,"high quality fundus photograph of a healthy normal eye, clear optic disc, healthy retinal vessels, no pathology, medical ophthalmology image, detailed retinal view, clinical photography"
2591_left.jpg,normal,"high quality fundus photograph of a healthy normal eye, clear optic disc, healthy retinal vessels, no pathology, medical ophthalmology image, detailed retinal view, clinical photography"
2591_right.jpg,normal,"high quality fundus photograph of a healthy normal eye, clear optic disc, healthy retinal vessels, no pathology, medical ophthalmology image, detailed retinal view, clinical photography"
2594_left.jpg,normal,"high quality fundus photograph of a healthy normal eye, clear optic disc, healthy retinal vessels, no pathology, medical ophthalmology image, detailed retinal view, clinical photography"
2594_right.jpg,normal,"high quality fundus photograph of a healthy normal eye, clear optic disc, healthy retinal vessels, no pathology, medical ophthalmology image, detailed retinal view, clinical photography"
2597_left.jpg,normal,"high quality fundus photograph of a healthy normal eye, clear optic disc, healthy retinal vessels, no pathology, medical ophthalmology image, detailed retinal view, clinical photography"
2597_right.jpg,normal,"high quality fundus photograph of a healthy normal eye, clear optic disc, healthy retinal vessels, no pathology, medical ophthalmology image, detailed retinal view, clinical photography"
2598_left.jpg,normal,"high quality fundus photograph of a healthy normal eye, clear optic disc, healthy retinal vessels, no pathology, medical ophthalmology image, detailed retinal view, clinical photography"
2598_right.jpg,normal,"high quality fundus photograph of a healthy normal eye, clear optic disc, healthy retinal vessels, no pathology, medical ophthalmology image, detailed retinal view, clinical photography"
2599_left.jpg,normal,"high quality fundus photograph of a healthy normal eye, clear optic disc, healthy retinal vessels, no pathology, medical ophthalmology image, detailed retinal view, clinical photography"
2599_right.jpg,normal,"high quality fundus photograph of a healthy normal eye, clear optic disc, healthy retinal vessels, no pathology, medical ophthalmology image, detailed retinal view, clinical photography"
2600_left.jpg,normal,"high quality fundus photograph of a healthy normal eye, clear optic disc, healthy retinal vessels, no pathology, medical ophthalmology image, detailed retinal view, clinical photography"
2600_right.jpg,normal,"high quality fundus photograph of a healthy normal eye, clear optic disc, healthy retinal vessels, no pathology, medical ophthalmology image, detailed retinal view, clinical photography"
2602_left.jpg,normal,"high quality fundus photograph of a healthy normal eye, clear optic disc, healthy retinal vessels, no pathology, medical ophthalmology image, detailed retinal view, clinical photography"
2602_right.jpg,normal,"high quality fundus photograph of a healthy normal eye, clear optic disc, healthy retinal vessels, no pathology, medical ophthalmology image, detailed retinal view, clinical photography"
2603_left.jpg,normal,"high quality fundus photograph of a healthy normal eye, clear optic disc, healthy retinal vessels, no pathology, medical ophthalmology image, detailed retinal view, clinical photography"
2603_right.jpg,normal,"high quality fundus photograph of a healthy normal eye, clear optic disc, healthy retinal vessels, no pathology, medical ophthalmology image, detailed retinal view, clinical photography"
2604_left.jpg,normal,"high quality fundus photograph of a healthy normal eye, clear optic disc, healthy retinal vessels, no pathology, medical ophthalmology image, detailed retinal view, clinical photography"
2604_right.jpg,normal,"high quality fundus photograph of a healthy normal eye, clear optic disc, healthy retinal vessels, no pathology, medical ophthalmology image, detailed retinal view, clinical photography"
2608_left.jpg,normal,"high quality fundus photograph of a healthy normal eye, clear optic disc, healthy retinal vessels, no pathology, medical ophthalmology image, detailed retinal view, clinical photography"
2608_right.jpg,normal,"high quality fundus photograph of a healthy normal eye, clear optic disc, healthy retinal vessels, no pathology, medical ophthalmology image, detailed retinal view, clinical photography"
2609_left.jpg,normal,"high quality fundus photograph of a healthy normal eye, clear optic disc, healthy retinal vessels, no pathology, medical ophthalmology image, detailed retinal view, clinical photography"
2609_right.jpg,normal,"high quality fundus photograph of a healthy normal eye, clear optic disc, healthy retinal vessels, no pathology, medical ophthalmology image, detailed retinal view, clinical photography"
2610_left.jpg,normal,"high quality fundus photograph of a healthy normal eye, clear optic disc, healthy retinal vessels, no pathology, medical ophthalmology image, detailed retinal view, clinical photography"
2610_right.jpg,normal,"high quality fundus photograph of a healthy normal eye, clear optic disc, healthy retinal vessels, no pathology, medical ophthalmology image, detailed retinal view, clinical photography"
2616_left.jpg,normal,"high quality fundus photograph of a healthy normal eye, clear optic disc, healthy retinal vessels, no pathology, medical ophthalmology image, detailed retinal view, clinical photography"
2616_right.jpg,normal,"high quality fundus photograph of a healthy normal eye, clear optic disc, healthy retinal vessels, no pathology, medical ophthalmology image, detailed retinal view, clinical photography"
2617_left.jpg,normal,"high quality fundus photograph of a healthy normal eye, clear optic disc, healthy retinal vessels, no pathology, medical ophthalmology image, detailed retinal view, clinical photography"
2617_right.jpg,normal,"high quality fundus photograph of a healthy normal eye, clear optic disc, healthy retinal vessels, no pathology, medical ophthalmology image, detailed retinal view, clinical photography"
2622_left.jpg,normal,"high quality fundus photograph of a healthy normal eye, clear optic disc, healthy retinal vessels, no pathology, medical ophthalmology image, detailed retinal view, clinical photography"
2622_right.jpg,normal,"high quality fundus photograph of a healthy normal eye, clear optic disc, healthy retinal vessels, no pathology, medical ophthalmology image, detailed retinal view, clinical photography"
2624_left.jpg,normal,"high quality fundus photograph of a healthy normal eye, clear optic disc, healthy retinal vessels, no pathology, medical ophthalmology image, detailed retinal view, clinical photography"
2624_right.jpg,normal,"high quality fundus photograph of a healthy normal eye, clear optic disc, healthy retinal vessels, no pathology, medical ophthalmology image, detailed retinal view, clinical photography"
2627_left.jpg,normal,"high quality fundus photograph of a healthy normal eye, clear optic disc, healthy retinal vessels, no pathology, medical ophthalmology image, detailed retinal view, clinical photography"
2627_right.jpg,normal,"high quality fundus photograph of a healthy normal eye, clear optic disc, healthy retinal vessels, no pathology, medical ophthalmology image, detailed retinal view, clinical photography"
2632_left.jpg,normal,"high quality fundus photograph of a healthy normal eye, clear optic disc, healthy retinal vessels, no pathology, medical ophthalmology image, detailed retinal view, clinical photography"
2632_right.jpg,normal,"high quality fundus photograph of a healthy normal eye, clear optic disc, healthy retinal vessels, no pathology, medical ophthalmology image, detailed retinal view, clinical photography"
2633_left.jpg,normal,"high quality fundus photograph of a healthy normal eye, clear optic disc, healthy retinal vessels, no pathology, medical ophthalmology image, detailed retinal view, clinical photography"
2633_right.jpg,normal,"high quality fundus photograph of a healthy normal eye, clear optic disc, healthy retinal vessels, no pathology, medical ophthalmology image, detailed retinal view, clinical photography"
2634_left.jpg,normal,"high quality fundus photograph of a healthy normal eye, clear optic disc, healthy retinal vessels, no pathology, medical ophthalmology image, detailed retinal view, clinical photography"
2634_right.jpg,normal,"high quality fundus photograph of a healthy normal eye, clear optic disc, healthy retinal vessels, no pathology, medical ophthalmology image, detailed retinal view, clinical photography"
2637_left.jpg,normal,"high quality fundus photograph of a healthy normal eye, clear optic disc, healthy retinal vessels, no pathology, medical ophthalmology image, detailed retinal view, clinical photography"
2637_right.jpg,normal,"high quality fundus photograph of a healthy normal eye, clear optic disc, healthy retinal vessels, no pathology, medical ophthalmology image, detailed retinal view, clinical photography"
2638_left.jpg,normal,"high quality fundus photograph of a healthy normal eye, clear optic disc, healthy retinal vessels, no pathology, medical ophthalmology image, detailed retinal view, clinical photography"
2638_right.jpg,normal,"high quality fundus photograph of a healthy normal eye, clear optic disc, healthy retinal vessels, no pathology, medical ophthalmology image, detailed retinal view, clinical photography"
2640_left.jpg,normal,"high quality fundus photograph of a healthy normal eye, clear optic disc, healthy retinal vessels, no pathology, medical ophthalmology image, detailed retinal view, clinical photography"
2640_right.jpg,normal,"high quality fundus photograph of a healthy normal eye, clear optic disc, healthy retinal vessels, no pathology, medical ophthalmology image, detailed retinal view, clinical photography"
2641_left.jpg,normal,"high quality fundus photograph of a healthy normal eye, clear optic disc, healthy retinal vessels, no pathology, medical ophthalmology image, detailed retinal view, clinical photography"
2641_right.jpg,normal,"high quality fundus photograph of a healthy normal eye, clear optic disc, healthy retinal vessels, no pathology, medical ophthalmology image, detailed retinal view, clinical photography"
2642_left.jpg,normal,"high quality fundus photograph of a healthy normal eye, clear optic disc, healthy retinal vessels, no pathology, medical ophthalmology image, detailed retinal view, clinical photography"
2642_right.jpg,normal,"high quality fundus photograph of a healthy normal eye, clear optic disc, healthy retinal vessels, no pathology, medical ophthalmology image, detailed retinal view, clinical photography"
2643_left.jpg,normal,"high quality fundus photograph of a healthy normal eye, clear optic disc, healthy retinal vessels, no pathology, medical ophthalmology image, detailed retinal view, clinical photography"
2643_right.jpg,normal,"high quality fundus photograph of a healthy normal eye, clear optic disc, healthy retinal vessels, no pathology, medical ophthalmology image, detailed retinal view, clinical photography"
2645_left.jpg,normal,"high quality fundus photograph of a healthy normal eye, clear optic disc, healthy retinal vessels, no pathology, medical ophthalmology image, detailed retinal view, clinical photography"
2645_right.jpg,normal,"high quality fundus photograph of a healthy normal eye, clear optic disc, healthy retinal vessels, no pathology, medical ophthalmology image, detailed retinal view, clinical photography"
2647_left.jpg,normal,"high quality fundus photograph of a healthy normal eye, clear optic disc, healthy retinal vessels, no pathology, medical ophthalmology image, detailed retinal view, clinical photography"
2647_right.jpg,normal,"high quality fundus photograph of a healthy normal eye, clear optic disc, healthy retinal vessels, no pathology, medical ophthalmology image, detailed retinal view, clinical photography"
2649_left.jpg,normal,"high quality fundus photograph of a healthy normal eye, clear optic disc, healthy retinal vessels, no pathology, medical ophthalmology image, detailed retinal view, clinical photography"
2649_right.jpg,normal,"high quality fundus photograph of a healthy normal eye, clear optic disc, healthy retinal vessels, no pathology, medical ophthalmology image, detailed retinal view, clinical photography"
2650_left.jpg,normal,"high quality fundus photograph of a healthy normal eye, clear optic disc, healthy retinal vessels, no pathology, medical ophthalmology image, detailed retinal view, clinical photography"
2650_right.jpg,normal,"high quality fundus photograph of a healthy normal eye, clear optic disc, healthy retinal vessels, no pathology, medical ophthalmology image, detailed retinal view, clinical photography"
2651_left.jpg,normal,"high quality fundus photograph of a healthy normal eye, clear optic disc, healthy retinal vessels, no pathology, medical ophthalmology image, detailed retinal view, clinical photography"
2651_right.jpg,normal,"high quality fundus photograph of a healthy normal eye, clear optic disc, healthy retinal vessels, no pathology, medical ophthalmology image, detailed retinal view, clinical photography"
2652_left.jpg,normal,"high quality fundus photograph of a healthy normal eye, clear optic disc, healthy retinal vessels, no pathology, medical ophthalmology image, detailed retinal view, clinical photography"
2652_right.jpg,normal,"high quality fundus photograph of a healthy normal eye, clear optic disc, healthy retinal vessels, no pathology, medical ophthalmology image, detailed retinal view, clinical photography"
2653_left.jpg,normal,"high quality fundus photograph of a healthy normal eye, clear optic disc, healthy retinal vessels, no pathology, medical ophthalmology image, detailed retinal view, clinical photography"
2653_right.jpg,normal,"high quality fundus photograph of a healthy normal eye, clear optic disc, healthy retinal vessels, no pathology, medical ophthalmology image, detailed retinal view, clinical photography"
2655_left.jpg,normal,"high quality fundus photograph of a healthy normal eye, clear optic disc, healthy retinal vessels, no pathology, medical ophthalmology image, detailed retinal view, clinical photography"
2655_right.jpg,normal,"high quality fundus photograph of a healthy normal eye, clear optic disc, healthy retinal vessels, no pathology, medical ophthalmology image, detailed retinal view, clinical photography"
2657_left.jpg,normal,"high quality fundus photograph of a healthy normal eye, clear optic disc, healthy retinal vessels, no pathology, medical ophthalmology image, detailed retinal view, clinical photography"
2657_right.jpg,normal,"high quality fundus photograph of a healthy normal eye, clear optic disc, healthy retinal vessels, no pathology, medical ophthalmology image, detailed retinal view, clinical photography"
2658_left.jpg,normal,"high quality fundus photograph of a healthy normal eye, clear optic disc, healthy retinal vessels, no pathology, medical ophthalmology image, detailed retinal view, clinical photography"
2658_right.jpg,normal,"high quality fundus photograph of a healthy normal eye, clear optic disc, healthy retinal vessels, no pathology, medical ophthalmology image, detailed retinal view, clinical photography"
2659_left.jpg,normal,"high quality fundus photograph of a healthy normal eye, clear optic disc, healthy retinal vessels, no pathology, medical ophthalmology image, detailed retinal view, clinical photography"
2659_right.jpg,normal,"high quality fundus photograph of a healthy normal eye, clear optic disc, healthy retinal vessels, no pathology, medical ophthalmology image, detailed retinal view, clinical photography"
2660_left.jpg,normal,"high quality fundus photograph of a healthy normal eye, clear optic disc, healthy retinal vessels, no pathology, medical ophthalmology image, detailed retinal view, clinical photography"
2660_right.jpg,normal,"high quality fundus photograph of a healthy normal eye, clear optic disc, healthy retinal vessels, no pathology, medical ophthalmology image, detailed retinal view, clinical photography"
2661_left.jpg,normal,"high quality fundus photograph of a healthy normal eye, clear optic disc, healthy retinal vessels, no pathology, medical ophthalmology image, detailed retinal view, clinical photography"
2661_right.jpg,normal,"high quality fundus photograph of a healthy normal eye, clear optic disc, healthy retinal vessels, no pathology, medical ophthalmology image, detailed retinal view, clinical photography"
2662_left.jpg,normal,"high quality fundus photograph of a healthy normal eye, clear optic disc, healthy retinal vessels, no pathology, medical ophthalmology image, detailed retinal view, clinical photography"
2662_right.jpg,normal,"high quality fundus photograph of a healthy normal eye, clear optic disc, healthy retinal vessels, no pathology, medical ophthalmology image, detailed retinal view, clinical photography"
2667_left.jpg,normal,"high quality fundus photograph of a healthy normal eye, clear optic disc, healthy retinal vessels, no pathology, medical ophthalmology image, detailed retinal view, clinical photography"
2667_right.jpg,normal,"high quality fundus photograph of a healthy normal eye, clear optic disc, healthy retinal vessels, no pathology, medical ophthalmology image, detailed retinal view, clinical photography"
2672_left.jpg,normal,"high quality fundus photograph of a healthy normal eye, clear optic disc, healthy retinal vessels, no pathology, medical ophthalmology image, detailed retinal view, clinical photography"
2672_right.jpg,normal,"high quality fundus photograph of a healthy normal eye, clear optic disc, healthy retinal vessels, no pathology, medical ophthalmology image, detailed retinal view, clinical photography"
2673_left.jpg,normal,"high quality fundus photograph of a healthy normal eye, clear optic disc, healthy retinal vessels, no pathology, medical ophthalmology image, detailed retinal view, clinical photography"
2673_right.jpg,normal,"high quality fundus photograph of a healthy normal eye, clear optic disc, healthy retinal vessels, no pathology, medical ophthalmology image, detailed retinal view, clinical photography"
2675_left.jpg,normal,"high quality fundus photograph of a healthy normal eye, clear optic disc, healthy retinal vessels, no pathology, medical ophthalmology image, detailed retinal view, clinical photography"
2675_right.jpg,normal,"high quality fundus photograph of a healthy normal eye, clear optic disc, healthy retinal vessels, no pathology, medical ophthalmology image, detailed retinal view, clinical photography"
2676_right.jpg,normal,"high quality fundus photograph of a healthy normal eye, clear optic disc, healthy retinal vessels, no pathology, medical ophthalmology image, detailed retinal view, clinical photography"
2677_left.jpg,normal,"high quality fundus photograph of a healthy normal eye, clear optic disc, healthy retinal vessels, no pathology, medical ophthalmology image, detailed retinal view, clinical photography"
2677_right.jpg,normal,"high quality fundus photograph of a healthy normal eye, clear optic disc, healthy retinal vessels, no pathology, medical ophthalmology image, detailed retinal view, clinical photography"
2680_left.jpg,normal,"high quality fundus photograph of a healthy normal eye, clear optic disc, healthy retinal vessels, no pathology, medical ophthalmology image, detailed retinal view, clinical photography"
2680_right.jpg,normal,"high quality fundus photograph of a healthy normal eye, clear optic disc, healthy retinal vessels, no pathology, medical ophthalmology image, detailed retinal view, clinical photography"
2681_left.jpg,normal,"high quality fundus photograph of a healthy normal eye, clear optic disc, healthy retinal vessels, no pathology, medical ophthalmology image, detailed retinal view, clinical photography"
2681_right.jpg,normal,"high quality fundus photograph of a healthy normal eye, clear optic disc, healthy retinal vessels, no pathology, medical ophthalmology image, detailed retinal view, clinical photography"
2685_left.jpg,normal,"high quality fundus photograph of a healthy normal eye, clear optic disc, healthy retinal vessels, no pathology, medical ophthalmology image, detailed retinal view, clinical photography"
2685_right.jpg,normal,"high quality fundus photograph of a healthy normal eye, clear optic disc, healthy retinal vessels, no pathology, medical ophthalmology image, detailed retinal view, clinical photography"
2688_left.jpg,normal,"high quality fundus photograph of a healthy normal eye, clear optic disc, healthy retinal vessels, no pathology, medical ophthalmology image, detailed retinal view, clinical photography"
2688_right.jpg,normal,"high quality fundus photograph of a healthy normal eye, clear optic disc, healthy retinal vessels, no pathology, medical ophthalmology image, detailed retinal view, clinical photography"
2689_left.jpg,normal,"high quality fundus photograph of a healthy normal eye, clear optic disc, healthy retinal vessels, no pathology, medical ophthalmology image, detailed retinal view, clinical photography"
2689_right.jpg,normal,"high quality fundus photograph of a healthy normal eye, clear optic disc, healthy retinal vessels, no pathology, medical ophthalmology image, detailed retinal view, clinical photography"
2690_left.jpg,normal,"high quality fundus photograph of a healthy normal eye, clear optic disc, healthy retinal vessels, no pathology, medical ophthalmology image, detailed retinal view, clinical photography"
2690_right.jpg,normal,"high quality fundus photograph of a healthy normal eye, clear optic disc, healthy retinal vessels, no pathology, medical ophthalmology image, detailed retinal view, clinical photography"
2695_left.jpg,normal,"high quality fundus photograph of a healthy normal eye, clear optic disc, healthy retinal vessels, no pathology, medical ophthalmology image, detailed retinal view, clinical photography"
2695_right.jpg,normal,"high quality fundus photograph of a healthy normal eye, clear optic disc, healthy retinal vessels, no pathology, medical ophthalmology image, detailed retinal view, clinical photography"
2696_left.jpg,normal,"high quality fundus photograph of a healthy normal eye, clear optic disc, healthy retinal vessels, no pathology, medical ophthalmology image, detailed retinal view, clinical photography"
2696_right.jpg,normal,"high quality fundus photograph of a healthy normal eye, clear optic disc, healthy retinal vessels, no pathology, medical ophthalmology image, detailed retinal view, clinical photography"
2697_left.jpg,normal,"high quality fundus photograph of a healthy normal eye, clear optic disc, healthy retinal vessels, no pathology, medical ophthalmology image, detailed retinal view, clinical photography"
2697_right.jpg,normal,"high quality fundus photograph of a healthy normal eye, clear optic disc, healthy retinal vessels, no pathology, medical ophthalmology image, detailed retinal view, clinical photography"
2699_left.jpg,normal,"high quality fundus photograph of a healthy normal eye, clear optic disc, healthy retinal vessels, no pathology, medical ophthalmology image, detailed retinal view, clinical photography"
2699_right.jpg,normal,"high quality fundus photograph of a healthy normal eye, clear optic disc, healthy retinal vessels, no pathology, medical ophthalmology image, detailed retinal view, clinical photography"
2702_left.jpg,normal,"high quality fundus photograph of a healthy normal eye, clear optic disc, healthy retinal vessels, no pathology, medical ophthalmology image, detailed retinal view, clinical photography"
2702_right.jpg,normal,"high quality fundus photograph of a healthy normal eye, clear optic disc, healthy retinal vessels, no pathology, medical ophthalmology image, detailed retinal view, clinical photography"
2704_left.jpg,normal,"high quality fundus photograph of a healthy normal eye, clear optic disc, healthy retinal vessels, no pathology, medical ophthalmology image, detailed retinal view, clinical photography"
2704_right.jpg,normal,"high quality fundus photograph of a healthy normal eye, clear optic disc, healthy retinal vessels, no pathology, medical ophthalmology image, detailed retinal view, clinical photography"
2705_left.jpg,normal,"high quality fundus photograph of a healthy normal eye, clear optic disc, healthy retinal vessels, no pathology, medical ophthalmology image, detailed retinal view, clinical photography"
2705_right.jpg,normal,"high quality fundus photograph of a healthy normal eye, clear optic disc, healthy retinal vessels, no pathology, medical ophthalmology image, detailed retinal view, clinical photography"
2707_left.jpg,normal,"high quality fundus photograph of a healthy normal eye, clear optic disc, healthy retinal vessels, no pathology, medical ophthalmology image, detailed retinal view, clinical photography"
2707_right.jpg,normal,"high quality fundus photograph of a healthy normal eye, clear optic disc, healthy retinal vessels, no pathology, medical ophthalmology image, detailed retinal view, clinical photography"
2708_left.jpg,normal,"high quality fundus photograph of a healthy normal eye, clear optic disc, healthy retinal vessels, no pathology, medical ophthalmology image, detailed retinal view, clinical photography"
2708_right.jpg,normal,"high quality fundus photograph of a healthy normal eye, clear optic disc, healthy retinal vessels, no pathology, medical ophthalmology image, detailed retinal view, clinical photography"
2709_left.jpg,normal,"high quality fundus photograph of a healthy normal eye, clear optic disc, healthy retinal vessels, no pathology, medical ophthalmology image, detailed retinal view, clinical photography"
2709_right.jpg,normal,"high quality fundus photograph of a healthy normal eye, clear optic disc, healthy retinal vessels, no pathology, medical ophthalmology image, detailed retinal view, clinical photography"
2710_left.jpg,normal,"high quality fundus photograph of a healthy normal eye, clear optic disc, healthy retinal vessels, no pathology, medical ophthalmology image, detailed retinal view, clinical photography"
2710_right.jpg,normal,"high quality fundus photograph of a healthy normal eye, clear optic disc, healthy retinal vessels, no pathology, medical ophthalmology image, detailed retinal view, clinical photography"
2712_left.jpg,normal,"high quality fundus photograph of a healthy normal eye, clear optic disc, healthy retinal vessels, no pathology, medical ophthalmology image, detailed retinal view, clinical photography"
2712_right.jpg,normal,"high quality fundus photograph of a healthy normal eye, clear optic disc, healthy retinal vessels, no pathology, medical ophthalmology image, detailed retinal view, clinical photography"
2713_left.jpg,normal,"high quality fundus photograph of a healthy normal eye, clear optic disc, healthy retinal vessels, no pathology, medical ophthalmology image, detailed retinal view, clinical photography"
2713_right.jpg,normal,"high quality fundus photograph of a healthy normal eye, clear optic disc, healthy retinal vessels, no pathology, medical ophthalmology image, detailed retinal view, clinical photography"
2718_left.jpg,normal,"high quality fundus photograph of a healthy normal eye, clear optic disc, healthy retinal vessels, no pathology, medical ophthalmology image, detailed retinal view, clinical photography"
2718_right.jpg,normal,"high quality fundus photograph of a healthy normal eye, clear optic disc, healthy retinal vessels, no pathology, medical ophthalmology image, detailed retinal view, clinical photography"
2726_left.jpg,normal,"high quality fundus photograph of a healthy normal eye, clear optic disc, healthy retinal vessels, no pathology, medical ophthalmology image, detailed retinal view, clinical photography"
2726_right.jpg,normal,"high quality fundus photograph of a healthy normal eye, clear optic disc, healthy retinal vessels, no pathology, medical ophthalmology image, detailed retinal view, clinical photography"
2728_left.jpg,normal,"high quality fundus photograph of a healthy normal eye, clear optic disc, healthy retinal vessels, no pathology, medical ophthalmology image, detailed retinal view, clinical photography"
2728_right.jpg,normal,"high quality fundus photograph of a healthy normal eye, clear optic disc, healthy retinal vessels, no pathology, medical ophthalmology image, detailed retinal view, clinical photography"
2729_left.jpg,normal,"high quality fundus photograph of a healthy normal eye, clear optic disc, healthy retinal vessels, no pathology, medical ophthalmology image, detailed retinal view, clinical photography"
2730_left.jpg,normal,"high quality fundus photograph of a healthy normal eye, clear optic disc, healthy retinal vessels, no pathology, medical ophthalmology image, detailed retinal view, clinical photography"
2730_right.jpg,normal,"high quality fundus photograph of a healthy normal eye, clear optic disc, healthy retinal vessels, no pathology, medical ophthalmology image, detailed retinal view, clinical photography"
2732_left.jpg,normal,"high quality fundus photograph of a healthy normal eye, clear optic disc, healthy retinal vessels, no pathology, medical ophthalmology image, detailed retinal view, clinical photography"
2732_right.jpg,normal,"high quality fundus photograph of a healthy normal eye, clear optic disc, healthy retinal vessels, no pathology, medical ophthalmology image, detailed retinal view, clinical photography"
2735_left.jpg,normal,"high quality fundus photograph of a healthy normal eye, clear optic disc, healthy retinal vessels, no pathology, medical ophthalmology image, detailed retinal view, clinical photography"
2735_right.jpg,normal,"high quality fundus photograph of a healthy normal eye, clear optic disc, healthy retinal vessels, no pathology, medical ophthalmology image, detailed retinal view, clinical photography"
2736_left.jpg,normal,"high quality fundus photograph of a healthy normal eye, clear optic disc, healthy retinal vessels, no pathology, medical ophthalmology image, detailed retinal view, clinical photography"
2736_right.jpg,normal,"high quality fundus photograph of a healthy normal eye, clear optic disc, healthy retinal vessels, no pathology, medical ophthalmology image, detailed retinal view, clinical photography"
2737_right.jpg,normal,"high quality fundus photograph of a healthy normal eye, clear optic disc, healthy retinal vessels, no pathology, medical ophthalmology image, detailed retinal view, clinical photography"
2740_left.jpg,normal,"high quality fundus photograph of a healthy normal eye, clear optic disc, healthy retinal vessels, no pathology, medical ophthalmology image, detailed retinal view, clinical photography"
2740_right.jpg,normal,"high quality fundus photograph of a healthy normal eye, clear optic disc, healthy retinal vessels, no pathology, medical ophthalmology image, detailed retinal view, clinical photography"
2742_left.jpg,normal,"high quality fundus photograph of a healthy normal eye, clear optic disc, healthy retinal vessels, no pathology, medical ophthalmology image, detailed retinal view, clinical photography"
2742_right.jpg,normal,"high quality fundus photograph of a healthy normal eye, clear optic disc, healthy retinal vessels, no pathology, medical ophthalmology image, detailed retinal view, clinical photography"
2743_left.jpg,normal,"high quality fundus photograph of a healthy normal eye, clear optic disc, healthy retinal vessels, no pathology, medical ophthalmology image, detailed retinal view, clinical photography"
2743_right.jpg,normal,"high quality fundus photograph of a healthy normal eye, clear optic disc, healthy retinal vessels, no pathology, medical ophthalmology image, detailed retinal view, clinical photography"
2748_left.jpg,normal,"high quality fundus photograph of a healthy normal eye, clear optic disc, healthy retinal vessels, no pathology, medical ophthalmology image, detailed retinal view, clinical photography"
2748_right.jpg,normal,"high quality fundus photograph of a healthy normal eye, clear optic disc, healthy retinal vessels, no pathology, medical ophthalmology image, detailed retinal view, clinical photography"
2749_left.jpg,normal,"high quality fundus photograph of a healthy normal eye, clear optic disc, healthy retinal vessels, no pathology, medical ophthalmology image, detailed retinal view, clinical photography"
2749_right.jpg,normal,"high quality fundus photograph of a healthy normal eye, clear optic disc, healthy retinal vessels, no pathology, medical ophthalmology image, detailed retinal view, clinical photography"
2750_left.jpg,normal,"high quality fundus photograph of a healthy normal eye, clear optic disc, healthy retinal vessels, no pathology, medical ophthalmology image, detailed retinal view, clinical photography"
2750_right.jpg,normal,"high quality fundus photograph of a healthy normal eye, clear optic disc, healthy retinal vessels, no pathology, medical ophthalmology image, detailed retinal view, clinical photography"
2752_right.jpg,normal,"high quality fundus photograph of a healthy normal eye, clear optic disc, healthy retinal vessels, no pathology, medical ophthalmology image, detailed retinal view, clinical photography"
2755_left.jpg,normal,"high quality fundus photograph of a healthy normal eye, clear optic disc, healthy retinal vessels, no pathology, medical ophthalmology image, detailed retinal view, clinical photography"
2755_right.jpg,normal,"high quality fundus photograph of a healthy normal eye, clear optic disc, healthy retinal vessels, no pathology, medical ophthalmology image, detailed retinal view, clinical photography"
2756_right.jpg,normal,"high quality fundus photograph of a healthy normal eye, clear optic disc, healthy retinal vessels, no pathology, medical ophthalmology image, detailed retinal view, clinical photography"
2761_left.jpg,normal,"high quality fundus photograph of a healthy normal eye, clear optic disc, healthy retinal vessels, no pathology, medical ophthalmology image, detailed retinal view, clinical photography"
2761_right.jpg,normal,"high quality fundus photograph of a healthy normal eye, clear optic disc, healthy retinal vessels, no pathology, medical ophthalmology image, detailed retinal view, clinical photography"
2763_left.jpg,normal,"high quality fundus photograph of a healthy normal eye, clear optic disc, healthy retinal vessels, no pathology, medical ophthalmology image, detailed retinal view, clinical photography"
2763_right.jpg,normal,"high quality fundus photograph of a healthy normal eye, clear optic disc, healthy retinal vessels, no pathology, medical ophthalmology image, detailed retinal view, clinical photography"
2764_left.jpg,normal,"high quality fundus photograph of a healthy normal eye, clear optic disc, healthy retinal vessels, no pathology, medical ophthalmology image, detailed retinal view, clinical photography"
2764_right.jpg,normal,"high quality fundus photograph of a healthy normal eye, clear optic disc, healthy retinal vessels, no pathology, medical ophthalmology image, detailed retinal view, clinical photography"
2767_left.jpg,normal,"high quality fundus photograph of a healthy normal eye, clear optic disc, healthy retinal vessels, no pathology, medical ophthalmology image, detailed retinal view, clinical photography"
2767_right.jpg,normal,"high quality fundus photograph of a healthy normal eye, clear optic disc, healthy retinal vessels, no pathology, medical ophthalmology image, detailed retinal view, clinical photography"
2768_left.jpg,normal,"high quality fundus photograph of a healthy normal eye, clear optic disc, healthy retinal vessels, no pathology, medical ophthalmology image, detailed retinal view, clinical photography"
2768_right.jpg,normal,"high quality fundus photograph of a healthy normal eye, clear optic disc, healthy retinal vessels, no pathology, medical ophthalmology image, detailed retinal view, clinical photography"
2770_left.jpg,normal,"high quality fundus photograph of a healthy normal eye, clear optic disc, healthy retinal vessels, no pathology, medical ophthalmology image, detailed retinal view, clinical photography"
2770_right.jpg,normal,"high quality fundus photograph of a healthy normal eye, clear optic disc, healthy retinal vessels, no pathology, medical ophthalmology image, detailed retinal view, clinical photography"
2771_left.jpg,normal,"high quality fundus photograph of a healthy normal eye, clear optic disc, healthy retinal vessels, no pathology, medical ophthalmology image, detailed retinal view, clinical photography"
2771_right.jpg,normal,"high quality fundus photograph of a healthy normal eye, clear optic disc, healthy retinal vessels, no pathology, medical ophthalmology image, detailed retinal view, clinical photography"
2773_left.jpg,normal,"high quality fundus photograph of a healthy normal eye, clear optic disc, healthy retinal vessels, no pathology, medical ophthalmology image, detailed retinal view, clinical photography"
2773_right.jpg,normal,"high quality fundus photograph of a healthy normal eye, clear optic disc, healthy retinal vessels, no pathology, medical ophthalmology image, detailed retinal view, clinical photography"
2775_left.jpg,normal,"high quality fundus photograph of a healthy normal eye, clear optic disc, healthy retinal vessels, no pathology, medical ophthalmology image, detailed retinal view, clinical photography"
2775_right.jpg,normal,"high quality fundus photograph of a healthy normal eye, clear optic disc, healthy retinal vessels, no pathology, medical ophthalmology image, detailed retinal view, clinical photography"
2777_left.jpg,normal,"high quality fundus photograph of a healthy normal eye, clear optic disc, healthy retinal vessels, no pathology, medical ophthalmology image, detailed retinal view, clinical photography"
2777_right.jpg,normal,"high quality fundus photograph of a healthy normal eye, clear optic disc, healthy retinal vessels, no pathology, medical ophthalmology image, detailed retinal view, clinical photography"
2779_left.jpg,normal,"high quality fundus photograph of a healthy normal eye, clear optic disc, healthy retinal vessels, no pathology, medical ophthalmology image, detailed retinal view, clinical photography"
2779_right.jpg,normal,"high quality fundus photograph of a healthy normal eye, clear optic disc, healthy retinal vessels, no pathology, medical ophthalmology image, detailed retinal view, clinical photography"
2780_left.jpg,normal,"high quality fundus photograph of a healthy normal eye, clear optic disc, healthy retinal vessels, no pathology, medical ophthalmology image, detailed retinal view, clinical photography"
2780_right.jpg,normal,"high quality fundus photograph of a healthy normal eye, clear optic disc, healthy retinal vessels, no pathology, medical ophthalmology image, detailed retinal view, clinical photography"
2782_left.jpg,normal,"high quality fundus photograph of a healthy normal eye, clear optic disc, healthy retinal vessels, no pathology, medical ophthalmology image, detailed retinal view, clinical photography"
2782_right.jpg,normal,"high quality fundus photograph of a healthy normal eye, clear optic disc, healthy retinal vessels, no pathology, medical ophthalmology image, detailed retinal view, clinical photography"
2786_left.jpg,normal,"high quality fundus photograph of a healthy normal eye, clear optic disc, healthy retinal vessels, no pathology, medical ophthalmology image, detailed retinal view, clinical photography"
2786_right.jpg,normal,"high quality fundus photograph of a healthy normal eye, clear optic disc, healthy retinal vessels, no pathology, medical ophthalmology image, detailed retinal view, clinical photography"
2787_left.jpg,normal,"high quality fundus photograph of a healthy normal eye, clear optic disc, healthy retinal vessels, no pathology, medical ophthalmology image, detailed retinal view, clinical photography"
2787_right.jpg,normal,"high quality fundus photograph of a healthy normal eye, clear optic disc, healthy retinal vessels, no pathology, medical ophthalmology image, detailed retinal view, clinical photography"
2789_left.jpg,normal,"high quality fundus photograph of a healthy normal eye, clear optic disc, healthy retinal vessels, no pathology, medical ophthalmology image, detailed retinal view, clinical photography"
2789_right.jpg,normal,"high quality fundus photograph of a healthy normal eye, clear optic disc, healthy retinal vessels, no pathology, medical ophthalmology image, detailed retinal view, clinical photography"
2790_left.jpg,normal,"high quality fundus photograph of a healthy normal eye, clear optic disc, healthy retinal vessels, no pathology, medical ophthalmology image, detailed retinal view, clinical photography"
2790_right.jpg,normal,"high quality fundus photograph of a healthy normal eye, clear optic disc, healthy retinal vessels, no pathology, medical ophthalmology image, detailed retinal view, clinical photography"
2791_left.jpg,normal,"high quality fundus photograph of a healthy normal eye, clear optic disc, healthy retinal vessels, no pathology, medical ophthalmology image, detailed retinal view, clinical photography"
2791_right.jpg,normal,"high quality fundus photograph of a healthy normal eye, clear optic disc, healthy retinal vessels, no pathology, medical ophthalmology image, detailed retinal view, clinical photography"
2794_left.jpg,normal,"high quality fundus photograph of a healthy normal eye, clear optic disc, healthy retinal vessels, no pathology, medical ophthalmology image, detailed retinal view, clinical photography"
2794_right.jpg,normal,"high quality fundus photograph of a healthy normal eye, clear optic disc, healthy retinal vessels, no pathology, medical ophthalmology image, detailed retinal view, clinical photography"
2795_left.jpg,normal,"high quality fundus photograph of a healthy normal eye, clear optic disc, healthy retinal vessels, no pathology, medical ophthalmology image, detailed retinal view, clinical photography"
2795_right.jpg,normal,"high quality fundus photograph of a healthy normal eye, clear optic disc, healthy retinal vessels, no pathology, medical ophthalmology image, detailed retinal view, clinical photography"
2797_left.jpg,normal,"high quality fundus photograph of a healthy normal eye, clear optic disc, healthy retinal vessels, no pathology, medical ophthalmology image, detailed retinal view, clinical photography"
2797_right.jpg,normal,"high quality fundus photograph of a healthy normal eye, clear optic disc, healthy retinal vessels, no pathology, medical ophthalmology image, detailed retinal view, clinical photography"
2798_left.jpg,normal,"high quality fundus photograph of a healthy normal eye, clear optic disc, healthy retinal vessels, no pathology, medical ophthalmology image, detailed retinal view, clinical photography"
2798_right.jpg,normal,"high quality fundus photograph of a healthy normal eye, clear optic disc, healthy retinal vessels, no pathology, medical ophthalmology image, detailed retinal view, clinical photography"
2802_left.jpg,normal,"high quality fundus photograph of a healthy normal eye, clear optic disc, healthy retinal vessels, no pathology, medical ophthalmology image, detailed retinal view, clinical photography"
2802_right.jpg,normal,"high quality fundus photograph of a healthy normal eye, clear optic disc, healthy retinal vessels, no pathology, medical ophthalmology image, detailed retinal view, clinical photography"
2806_left.jpg,normal,"high quality fundus photograph of a healthy normal eye, clear optic disc, healthy retinal vessels, no pathology, medical ophthalmology image, detailed retinal view, clinical photography"
2806_right.jpg,normal,"high quality fundus photograph of a healthy normal eye, clear optic disc, healthy retinal vessels, no pathology, medical ophthalmology image, detailed retinal view, clinical photography"
2807_left.jpg,normal,"high quality fundus photograph of a healthy normal eye, clear optic disc, healthy retinal vessels, no pathology, medical ophthalmology image, detailed retinal view, clinical photography"
2807_right.jpg,normal,"high quality fundus photograph of a healthy normal eye, clear optic disc, healthy retinal vessels, no pathology, medical ophthalmology image, detailed retinal view, clinical photography"
2808_left.jpg,normal,"high quality fundus photograph of a healthy normal eye, clear optic disc, healthy retinal vessels, no pathology, medical ophthalmology image, detailed retinal view, clinical photography"
2808_right.jpg,normal,"high quality fundus photograph of a healthy normal eye, clear optic disc, healthy retinal vessels, no pathology, medical ophthalmology image, detailed retinal view, clinical photography"
2811_left.jpg,normal,"high quality fundus photograph of a healthy normal eye, clear optic disc, healthy retinal vessels, no pathology, medical ophthalmology image, detailed retinal view, clinical photography"
2811_right.jpg,normal,"high quality fundus photograph of a healthy normal eye, clear optic disc, healthy retinal vessels, no pathology, medical ophthalmology image, detailed retinal view, clinical photography"
2812_left.jpg,normal,"high quality fundus photograph of a healthy normal eye, clear optic disc, healthy retinal vessels, no pathology, medical ophthalmology image, detailed retinal view, clinical photography"
2812_right.jpg,normal,"high quality fundus photograph of a healthy normal eye, clear optic disc, healthy retinal vessels, no pathology, medical ophthalmology image, detailed retinal view, clinical photography"
2813_left.jpg,normal,"high quality fundus photograph of a healthy normal eye, clear optic disc, healthy retinal vessels, no pathology, medical ophthalmology image, detailed retinal view, clinical photography"
2813_right.jpg,normal,"high quality fundus photograph of a healthy normal eye, clear optic disc, healthy retinal vessels, no pathology, medical ophthalmology image, detailed retinal view, clinical photography"
2815_left.jpg,normal,"high quality fundus photograph of a healthy normal eye, clear optic disc, healthy retinal vessels, no pathology, medical ophthalmology image, detailed retinal view, clinical photography"
2815_right.jpg,normal,"high quality fundus photograph of a healthy normal eye, clear optic disc, healthy retinal vessels, no pathology, medical ophthalmology image, detailed retinal view, clinical photography"
2817_left.jpg,normal,"high quality fundus photograph of a healthy normal eye, clear optic disc, healthy retinal vessels, no pathology, medical ophthalmology image, detailed retinal view, clinical photography"
2817_right.jpg,normal,"high quality fundus photograph of a healthy normal eye, clear optic disc, healthy retinal vessels, no pathology, medical ophthalmology image, detailed retinal view, clinical photography"
2820_left.jpg,normal,"high quality fundus photograph of a healthy normal eye, clear optic disc, healthy retinal vessels, no pathology, medical ophthalmology image, detailed retinal view, clinical photography"
2820_right.jpg,normal,"high quality fundus photograph of a healthy normal eye, clear optic disc, healthy retinal vessels, no pathology, medical ophthalmology image, detailed retinal view, clinical photography"
2821_left.jpg,normal,"high quality fundus photograph of a healthy normal eye, clear optic disc, healthy retinal vessels, no pathology, medical ophthalmology image, detailed retinal view, clinical photography"
2821_right.jpg,normal,"high quality fundus photograph of a healthy normal eye, clear optic disc, healthy retinal vessels, no pathology, medical ophthalmology image, detailed retinal view, clinical photography"
2822_left.jpg,normal,"high quality fundus photograph of a healthy normal eye, clear optic disc, healthy retinal vessels, no pathology, medical ophthalmology image, detailed retinal view, clinical photography"
2822_right.jpg,normal,"high quality fundus photograph of a healthy normal eye, clear optic disc, healthy retinal vessels, no pathology, medical ophthalmology image, detailed retinal view, clinical photography"
2826_left.jpg,normal,"high quality fundus photograph of a healthy normal eye, clear optic disc, healthy retinal vessels, no pathology, medical ophthalmology image, detailed retinal view, clinical photography"
2826_right.jpg,normal,"high quality fundus photograph of a healthy normal eye, clear optic disc, healthy retinal vessels, no pathology, medical ophthalmology image, detailed retinal view, clinical photography"
2827_left.jpg,normal,"high quality fundus photograph of a healthy normal eye, clear optic disc, healthy retinal vessels, no pathology, medical ophthalmology image, detailed retinal view, clinical photography"
2827_right.jpg,normal,"high quality fundus photograph of a healthy normal eye, clear optic disc, healthy retinal vessels, no pathology, medical ophthalmology image, detailed retinal view, clinical photography"
2829_left.jpg,normal,"high quality fundus photograph of a healthy normal eye, clear optic disc, healthy retinal vessels, no pathology, medical ophthalmology image, detailed retinal view, clinical photography"
2829_right.jpg,normal,"high quality fundus photograph of a healthy normal eye, clear optic disc, healthy retinal vessels, no pathology, medical ophthalmology image, detailed retinal view, clinical photography"
2833_left.jpg,normal,"high quality fundus photograph of a healthy normal eye, clear optic disc, healthy retinal vessels, no pathology, medical ophthalmology image, detailed retinal view, clinical photography"
2833_right.jpg,normal,"high quality fundus photograph of a healthy normal eye, clear optic disc, healthy retinal vessels, no pathology, medical ophthalmology image, detailed retinal view, clinical photography"
2834_left.jpg,normal,"high quality fundus photograph of a healthy normal eye, clear optic disc, healthy retinal vessels, no pathology, medical ophthalmology image, detailed retinal view, clinical photography"
2834_right.jpg,normal,"high quality fundus photograph of a healthy normal eye, clear optic disc, healthy retinal vessels, no pathology, medical ophthalmology image, detailed retinal view, clinical photography"
2835_left.jpg,normal,"high quality fundus photograph of a healthy normal eye, clear optic disc, healthy retinal vessels, no pathology, medical ophthalmology image, detailed retinal view, clinical photography"
2835_right.jpg,normal,"high quality fundus photograph of a healthy normal eye, clear optic disc, healthy retinal vessels, no pathology, medical ophthalmology image, detailed retinal view, clinical photography"
2837_left.jpg,normal,"high quality fundus photograph of a healthy normal eye, clear optic disc, healthy retinal vessels, no pathology, medical ophthalmology image, detailed retinal view, clinical photography"
2837_right.jpg,normal,"high quality fundus photograph of a healthy normal eye, clear optic disc, healthy retinal vessels, no pathology, medical ophthalmology image, detailed retinal view, clinical photography"
2838_left.jpg,normal,"high quality fundus photograph of a healthy normal eye, clear optic disc, healthy retinal vessels, no pathology, medical ophthalmology image, detailed retinal view, clinical photography"
2838_right.jpg,normal,"high quality fundus photograph of a healthy normal eye, clear optic disc, healthy retinal vessels, no pathology, medical ophthalmology image, detailed retinal view, clinical photography"
2839_left.jpg,normal,"high quality fundus photograph of a healthy normal eye, clear optic disc, healthy retinal vessels, no pathology, medical ophthalmology image, detailed retinal view, clinical photography"
2839_right.jpg,normal,"high quality fundus photograph of a healthy normal eye, clear optic disc, healthy retinal vessels, no pathology, medical ophthalmology image, detailed retinal view, clinical photography"
2841_left.jpg,normal,"high quality fundus photograph of a healthy normal eye, clear optic disc, healthy retinal vessels, no pathology, medical ophthalmology image, detailed retinal view, clinical photography"
2841_right.jpg,normal,"high quality fundus photograph of a healthy normal eye, clear optic disc, healthy retinal vessels, no pathology, medical ophthalmology image, detailed retinal view, clinical photography"
2842_left.jpg,normal,"high quality fundus photograph of a healthy normal eye, clear optic disc, healthy retinal vessels, no pathology, medical ophthalmology image, detailed retinal view, clinical photography"
2842_right.jpg,normal,"high quality fundus photograph of a healthy normal eye, clear optic disc, healthy retinal vessels, no pathology, medical ophthalmology image, detailed retinal view, clinical photography"
2843_left.jpg,normal,"high quality fundus photograph of a healthy normal eye, clear optic disc, healthy retinal vessels, no pathology, medical ophthalmology image, detailed retinal view, clinical photography"
2843_right.jpg,normal,"high quality fundus photograph of a healthy normal eye, clear optic disc, healthy retinal vessels, no pathology, medical ophthalmology image, detailed retinal view, clinical photography"
2844_left.jpg,normal,"high quality fundus photograph of a healthy normal eye, clear optic disc, healthy retinal vessels, no pathology, medical ophthalmology image, detailed retinal view, clinical photography"
2844_right.jpg,normal,"high quality fundus photograph of a healthy normal eye, clear optic disc, healthy retinal vessels, no pathology, medical ophthalmology image, detailed retinal view, clinical photography"
2846_left.jpg,normal,"high quality fundus photograph of a healthy normal eye, clear optic disc, healthy retinal vessels, no pathology, medical ophthalmology image, detailed retinal view, clinical photography"
2846_right.jpg,normal,"high quality fundus photograph of a healthy normal eye, clear optic disc, healthy retinal vessels, no pathology, medical ophthalmology image, detailed retinal view, clinical photography"
2848_left.jpg,normal,"high quality fundus photograph of a healthy normal eye, clear optic disc, healthy retinal vessels, no pathology, medical ophthalmology image, detailed retinal view, clinical photography"
2848_right.jpg,normal,"high quality fundus photograph of a healthy normal eye, clear optic disc, healthy retinal vessels, no pathology, medical ophthalmology image, detailed retinal view, clinical photography"
2849_left.jpg,normal,"high quality fundus photograph of a healthy normal eye, clear optic disc, healthy retinal vessels, no pathology, medical ophthalmology image, detailed retinal view, clinical photography"
2849_right.jpg,normal,"high quality fundus photograph of a healthy normal eye, clear optic disc, healthy retinal vessels, no pathology, medical ophthalmology image, detailed retinal view, clinical photography"
2850_left.jpg,normal,"high quality fundus photograph of a healthy normal eye, clear optic disc, healthy retinal vessels, no pathology, medical ophthalmology image, detailed retinal view, clinical photography"
2850_right.jpg,normal,"high quality fundus photograph of a healthy normal eye, clear optic disc, healthy retinal vessels, no pathology, medical ophthalmology image, detailed retinal view, clinical photography"
2851_right.jpg,normal,"high quality fundus photograph of a healthy normal eye, clear optic disc, healthy retinal vessels, no pathology, medical ophthalmology image, detailed retinal view, clinical photography"
2852_left.jpg,normal,"high quality fundus photograph of a healthy normal eye, clear optic disc, healthy retinal vessels, no pathology, medical ophthalmology image, detailed retinal view, clinical photography"
2852_right.jpg,normal,"high quality fundus photograph of a healthy normal eye, clear optic disc, healthy retinal vessels, no pathology, medical ophthalmology image, detailed retinal view, clinical photography"
2853_left.jpg,normal,"high quality fundus photograph of a healthy normal eye, clear optic disc, healthy retinal vessels, no pathology, medical ophthalmology image, detailed retinal view, clinical photography"
2853_right.jpg,normal,"high quality fundus photograph of a healthy normal eye, clear optic disc, healthy retinal vessels, no pathology, medical ophthalmology image, detailed retinal view, clinical photography"
2857_left.jpg,normal,"high quality fundus photograph of a healthy normal eye, clear optic disc, healthy retinal vessels, no pathology, medical ophthalmology image, detailed retinal view, clinical photography"
2857_right.jpg,normal,"high quality fundus photograph of a healthy normal eye, clear optic disc, healthy retinal vessels, no pathology, medical ophthalmology image, detailed retinal view, clinical photography"
2858_left.jpg,normal,"high quality fundus photograph of a healthy normal eye, clear optic disc, healthy retinal vessels, no pathology, medical ophthalmology image, detailed retinal view, clinical photography"
2858_right.jpg,normal,"high quality fundus photograph of a healthy normal eye, clear optic disc, healthy retinal vessels, no pathology, medical ophthalmology image, detailed retinal view, clinical photography"
2860_left.jpg,normal,"high quality fundus photograph of a healthy normal eye, clear optic disc, healthy retinal vessels, no pathology, medical ophthalmology image, detailed retinal view, clinical photography"
2860_right.jpg,normal,"high quality fundus photograph of a healthy normal eye, clear optic disc, healthy retinal vessels, no pathology, medical ophthalmology image, detailed retinal view, clinical photography"
2862_left.jpg,normal,"high quality fundus photograph of a healthy normal eye, clear optic disc, healthy retinal vessels, no pathology, medical ophthalmology image, detailed retinal view, clinical photography"
2862_right.jpg,normal,"high quality fundus photograph of a healthy normal eye, clear optic disc, healthy retinal vessels, no pathology, medical ophthalmology image, detailed retinal view, clinical photography"
2864_left.jpg,normal,"high quality fundus photograph of a healthy normal eye, clear optic disc, healthy retinal vessels, no pathology, medical ophthalmology image, detailed retinal view, clinical photography"
2864_right.jpg,normal,"high quality fundus photograph of a healthy normal eye, clear optic disc, healthy retinal vessels, no pathology, medical ophthalmology image, detailed retinal view, clinical photography"
2869_left.jpg,normal,"high quality fundus photograph of a healthy normal eye, clear optic disc, healthy retinal vessels, no pathology, medical ophthalmology image, detailed retinal view, clinical photography"
2869_right.jpg,normal,"high quality fundus photograph of a healthy normal eye, clear optic disc, healthy retinal vessels, no pathology, medical ophthalmology image, detailed retinal view, clinical photography"
2872_left.jpg,normal,"high quality fundus photograph of a healthy normal eye, clear optic disc, healthy retinal vessels, no pathology, medical ophthalmology image, detailed retinal view, clinical photography"
2872_right.jpg,normal,"high quality fundus photograph of a healthy normal eye, clear optic disc, healthy retinal vessels, no pathology, medical ophthalmology image, detailed retinal view, clinical photography"
2878_left.jpg,normal,"high quality fundus photograph of a healthy normal eye, clear optic disc, healthy retinal vessels, no pathology, medical ophthalmology image, detailed retinal view, clinical photography"
2878_right.jpg,normal,"high quality fundus photograph of a healthy normal eye, clear optic disc, healthy retinal vessels, no pathology, medical ophthalmology image, detailed retinal view, clinical photography"
2880_left.jpg,normal,"high quality fundus photograph of a healthy normal eye, clear optic disc, healthy retinal vessels, no pathology, medical ophthalmology image, detailed retinal view, clinical photography"
2880_right.jpg,normal,"high quality fundus photograph of a healthy normal eye, clear optic disc, healthy retinal vessels, no pathology, medical ophthalmology image, detailed retinal view, clinical photography"
2881_left.jpg,normal,"high quality fundus photograph of a healthy normal eye, clear optic disc, healthy retinal vessels, no pathology, medical ophthalmology image, detailed retinal view, clinical photography"
2881_right.jpg,normal,"high quality fundus photograph of a healthy normal eye, clear optic disc, healthy retinal vessels, no pathology, medical ophthalmology image, detailed retinal view, clinical photography"
2882_left.jpg,normal,"high quality fundus photograph of a healthy normal eye, clear optic disc, healthy retinal vessels, no pathology, medical ophthalmology image, detailed retinal view, clinical photography"
2882_right.jpg,normal,"high quality fundus photograph of a healthy normal eye, clear optic disc, healthy retinal vessels, no pathology, medical ophthalmology image, detailed retinal view, clinical photography"
2883_left.jpg,normal,"high quality fundus photograph of a healthy normal eye, clear optic disc, healthy retinal vessels, no pathology, medical ophthalmology image, detailed retinal view, clinical photography"
2883_right.jpg,normal,"high quality fundus photograph of a healthy normal eye, clear optic disc, healthy retinal vessels, no pathology, medical ophthalmology image, detailed retinal view, clinical photography"
2884_left.jpg,normal,"high quality fundus photograph of a healthy normal eye, clear optic disc, healthy retinal vessels, no pathology, medical ophthalmology image, detailed retinal view, clinical photography"
2884_right.jpg,normal,"high quality fundus photograph of a healthy normal eye, clear optic disc, healthy retinal vessels, no pathology, medical ophthalmology image, detailed retinal view, clinical photography"
2886_left.jpg,normal,"high quality fundus photograph of a healthy normal eye, clear optic disc, healthy retinal vessels, no pathology, medical ophthalmology image, detailed retinal view, clinical photography"
2886_right.jpg,normal,"high quality fundus photograph of a healthy normal eye, clear optic disc, healthy retinal vessels, no pathology, medical ophthalmology image, detailed retinal view, clinical photography"
2887_left.jpg,normal,"high quality fundus photograph of a healthy normal eye, clear optic disc, healthy retinal vessels, no pathology, medical ophthalmology image, detailed retinal view, clinical photography"
2887_right.jpg,normal,"high quality fundus photograph of a healthy normal eye, clear optic disc, healthy retinal vessels, no pathology, medical ophthalmology image, detailed retinal view, clinical photography"
2889_left.jpg,normal,"high quality fundus photograph of a healthy normal eye, clear optic disc, healthy retinal vessels, no pathology, medical ophthalmology image, detailed retinal view, clinical photography"
2889_right.jpg,normal,"high quality fundus photograph of a healthy normal eye, clear optic disc, healthy retinal vessels, no pathology, medical ophthalmology image, detailed retinal view, clinical photography"
2890_left.jpg,normal,"high quality fundus photograph of a healthy normal eye, clear optic disc, healthy retinal vessels, no pathology, medical ophthalmology image, detailed retinal view, clinical photography"
2890_right.jpg,normal,"high quality fundus photograph of a healthy normal eye, clear optic disc, healthy retinal vessels, no pathology, medical ophthalmology image, detailed retinal view, clinical photography"
2892_left.jpg,normal,"high quality fundus photograph of a healthy normal eye, clear optic disc, healthy retinal vessels, no pathology, medical ophthalmology image, detailed retinal view, clinical photography"
2892_right.jpg,normal,"high quality fundus photograph of a healthy normal eye, clear optic disc, healthy retinal vessels, no pathology, medical ophthalmology image, detailed retinal view, clinical photography"
2895_left.jpg,normal,"high quality fundus photograph of a healthy normal eye, clear optic disc, healthy retinal vessels, no pathology, medical ophthalmology image, detailed retinal view, clinical photography"
2895_right.jpg,normal,"high quality fundus photograph of a healthy normal eye, clear optic disc, healthy retinal vessels, no pathology, medical ophthalmology image, detailed retinal view, clinical photography"
2897_left.jpg,normal,"high quality fundus photograph of a healthy normal eye, clear optic disc, healthy retinal vessels, no pathology, medical ophthalmology image, detailed retinal view, clinical photography"
2897_right.jpg,normal,"high quality fundus photograph of a healthy normal eye, clear optic disc, healthy retinal vessels, no pathology, medical ophthalmology image, detailed retinal view, clinical photography"
2907_left.jpg,normal,"high quality fundus photograph of a healthy normal eye, clear optic disc, healthy retinal vessels, no pathology, medical ophthalmology image, detailed retinal view, clinical photography"
2907_right.jpg,normal,"high quality fundus photograph of a healthy normal eye, clear optic disc, healthy retinal vessels, no pathology, medical ophthalmology image, detailed retinal view, clinical photography"
2908_left.jpg,normal,"high quality fundus photograph of a healthy normal eye, clear optic disc, healthy retinal vessels, no pathology, medical ophthalmology image, detailed retinal view, clinical photography"
2908_right.jpg,normal,"high quality fundus photograph of a healthy normal eye, clear optic disc, healthy retinal vessels, no pathology, medical ophthalmology image, detailed retinal view, clinical photography"
2910_left.jpg,normal,"high quality fundus photograph of a healthy normal eye, clear optic disc, healthy retinal vessels, no pathology, medical ophthalmology image, detailed retinal view, clinical photography"
2910_right.jpg,normal,"high quality fundus photograph of a healthy normal eye, clear optic disc, healthy retinal vessels, no pathology, medical ophthalmology image, detailed retinal view, clinical photography"
2911_left.jpg,normal,"high quality fundus photograph of a healthy normal eye, clear optic disc, healthy retinal vessels, no pathology, medical ophthalmology image, detailed retinal view, clinical photography"
2911_right.jpg,normal,"high quality fundus photograph of a healthy normal eye, clear optic disc, healthy retinal vessels, no pathology, medical ophthalmology image, detailed retinal view, clinical photography"
2915_left.jpg,normal,"high quality fundus photograph of a healthy normal eye, clear optic disc, healthy retinal vessels, no pathology, medical ophthalmology image, detailed retinal view, clinical photography"
2915_right.jpg,normal,"high quality fundus photograph of a healthy normal eye, clear optic disc, healthy retinal vessels, no pathology, medical ophthalmology image, detailed retinal view, clinical photography"
2919_left.jpg,normal,"high quality fundus photograph of a healthy normal eye, clear optic disc, healthy retinal vessels, no pathology, medical ophthalmology image, detailed retinal view, clinical photography"
2919_right.jpg,normal,"high quality fundus photograph of a healthy normal eye, clear optic disc, healthy retinal vessels, no pathology, medical ophthalmology image, detailed retinal view, clinical photography"
2924_left.jpg,normal,"high quality fundus photograph of a healthy normal eye, clear optic disc, healthy retinal vessels, no pathology, medical ophthalmology image, detailed retinal view, clinical photography"
2924_right.jpg,normal,"high quality fundus photograph of a healthy normal eye, clear optic disc, healthy retinal vessels, no pathology, medical ophthalmology image, detailed retinal view, clinical photography"
2931_left.jpg,normal,"high quality fundus photograph of a healthy normal eye, clear optic disc, healthy retinal vessels, no pathology, medical ophthalmology image, detailed retinal view, clinical photography"
2931_right.jpg,normal,"high quality fundus photograph of a healthy normal eye, clear optic disc, healthy retinal vessels, no pathology, medical ophthalmology image, detailed retinal view, clinical photography"
2932_left.jpg,normal,"high quality fundus photograph of a healthy normal eye, clear optic disc, healthy retinal vessels, no pathology, medical ophthalmology image, detailed retinal view, clinical photography"
2932_right.jpg,normal,"high quality fundus photograph of a healthy normal eye, clear optic disc, healthy retinal vessels, no pathology, medical ophthalmology image, detailed retinal view, clinical photography"
2933_left.jpg,normal,"high quality fundus photograph of a healthy normal eye, clear optic disc, healthy retinal vessels, no pathology, medical ophthalmology image, detailed retinal view, clinical photography"
2933_right.jpg,normal,"high quality fundus photograph of a healthy normal eye, clear optic disc, healthy retinal vessels, no pathology, medical ophthalmology image, detailed retinal view, clinical photography"
2935_left.jpg,normal,"high quality fundus photograph of a healthy normal eye, clear optic disc, healthy retinal vessels, no pathology, medical ophthalmology image, detailed retinal view, clinical photography"
2935_right.jpg,normal,"high quality fundus photograph of a healthy normal eye, clear optic disc, healthy retinal vessels, no pathology, medical ophthalmology image, detailed retinal view, clinical photography"
2940_left.jpg,normal,"high quality fundus photograph of a healthy normal eye, clear optic disc, healthy retinal vessels, no pathology, medical ophthalmology image, detailed retinal view, clinical photography"
2940_right.jpg,normal,"high quality fundus photograph of a healthy normal eye, clear optic disc, healthy retinal vessels, no pathology, medical ophthalmology image, detailed retinal view, clinical photography"
2942_left.jpg,normal,"high quality fundus photograph of a healthy normal eye, clear optic disc, healthy retinal vessels, no pathology, medical ophthalmology image, detailed retinal view, clinical photography"
2942_right.jpg,normal,"high quality fundus photograph of a healthy normal eye, clear optic disc, healthy retinal vessels, no pathology, medical ophthalmology image, detailed retinal view, clinical photography"
2944_left.jpg,normal,"high quality fundus photograph of a healthy normal eye, clear optic disc, healthy retinal vessels, no pathology, medical ophthalmology image, detailed retinal view, clinical photography"
2944_right.jpg,normal,"high quality fundus photograph of a healthy normal eye, clear optic disc, healthy retinal vessels, no pathology, medical ophthalmology image, detailed retinal view, clinical photography"
2946_left.jpg,normal,"high quality fundus photograph of a healthy normal eye, clear optic disc, healthy retinal vessels, no pathology, medical ophthalmology image, detailed retinal view, clinical photography"
2946_right.jpg,normal,"high quality fundus photograph of a healthy normal eye, clear optic disc, healthy retinal vessels, no pathology, medical ophthalmology image, detailed retinal view, clinical photography"
2948_left.jpg,normal,"high quality fundus photograph of a healthy normal eye, clear optic disc, healthy retinal vessels, no pathology, medical ophthalmology image, detailed retinal view, clinical photography"
2948_right.jpg,normal,"high quality fundus photograph of a healthy normal eye, clear optic disc, healthy retinal vessels, no pathology, medical ophthalmology image, detailed retinal view, clinical photography"
2950_left.jpg,normal,"high quality fundus photograph of a healthy normal eye, clear optic disc, healthy retinal vessels, no pathology, medical ophthalmology image, detailed retinal view, clinical photography"
2950_right.jpg,normal,"high quality fundus photograph of a healthy normal eye, clear optic disc, healthy retinal vessels, no pathology, medical ophthalmology image, detailed retinal view, clinical photography"
2952_left.jpg,normal,"high quality fundus photograph of a healthy normal eye, clear optic disc, healthy retinal vessels, no pathology, medical ophthalmology image, detailed retinal view, clinical photography"
2952_right.jpg,normal,"high quality fundus photograph of a healthy normal eye, clear optic disc, healthy retinal vessels, no pathology, medical ophthalmology image, detailed retinal view, clinical photography"
2953_left.jpg,normal,"high quality fundus photograph of a healthy normal eye, clear optic disc, healthy retinal vessels, no pathology, medical ophthalmology image, detailed retinal view, clinical photography"
2953_right.jpg,normal,"high quality fundus photograph of a healthy normal eye, clear optic disc, healthy retinal vessels, no pathology, medical ophthalmology image, detailed retinal view, clinical photography"
2957_left.jpg,normal,"high quality fundus photograph of a healthy normal eye, clear optic disc, healthy retinal vessels, no pathology, medical ophthalmology image, detailed retinal view, clinical photography"
2957_right.jpg,normal,"high quality fundus photograph of a healthy normal eye, clear optic disc, healthy retinal vessels, no pathology, medical ophthalmology image, detailed retinal view, clinical photography"
2961_left.jpg,normal,"high quality fundus photograph of a healthy normal eye, clear optic disc, healthy retinal vessels, no pathology, medical ophthalmology image, detailed retinal view, clinical photography"
2961_right.jpg,normal,"high quality fundus photograph of a healthy normal eye, clear optic disc, healthy retinal vessels, no pathology, medical ophthalmology image, detailed retinal view, clinical photography"
2962_left.jpg,normal,"high quality fundus photograph of a healthy normal eye, clear optic disc, healthy retinal vessels, no pathology, medical ophthalmology image, detailed retinal view, clinical photography"
2962_right.jpg,normal,"high quality fundus photograph of a healthy normal eye, clear optic disc, healthy retinal vessels, no pathology, medical ophthalmology image, detailed retinal view, clinical photography"
2966_left.jpg,normal,"high quality fundus photograph of a healthy normal eye, clear optic disc, healthy retinal vessels, no pathology, medical ophthalmology image, detailed retinal view, clinical photography"
2966_right.jpg,normal,"high quality fundus photograph of a healthy normal eye, clear optic disc, healthy retinal vessels, no pathology, medical ophthalmology image, detailed retinal view, clinical photography"
2967_left.jpg,normal,"high quality fundus photograph of a healthy normal eye, clear optic disc, healthy retinal vessels, no pathology, medical ophthalmology image, detailed retinal view, clinical photography"
2967_right.jpg,normal,"high quality fundus photograph of a healthy normal eye, clear optic disc, healthy retinal vessels, no pathology, medical ophthalmology image, detailed retinal view, clinical photography"
2971_left.jpg,normal,"high quality fundus photograph of a healthy normal eye, clear optic disc, healthy retinal vessels, no pathology, medical ophthalmology image, detailed retinal view, clinical photography"
2971_right.jpg,normal,"high quality fundus photograph of a healthy normal eye, clear optic disc, healthy retinal vessels, no pathology, medical ophthalmology image, detailed retinal view, clinical photography"
2974_left.jpg,normal,"high quality fundus photograph of a healthy normal eye, clear optic disc, healthy retinal vessels, no pathology, medical ophthalmology image, detailed retinal view, clinical photography"
2974_right.jpg,normal,"high quality fundus photograph of a healthy normal eye, clear optic disc, healthy retinal vessels, no pathology, medical ophthalmology image, detailed retinal view, clinical photography"
2975_left.jpg,normal,"high quality fundus photograph of a healthy normal eye, clear optic disc, healthy retinal vessels, no pathology, medical ophthalmology image, detailed retinal view, clinical photography"
2975_right.jpg,normal,"high quality fundus photograph of a healthy normal eye, clear optic disc, healthy retinal vessels, no pathology, medical ophthalmology image, detailed retinal view, clinical photography"
2979_left.jpg,normal,"high quality fundus photograph of a healthy normal eye, clear optic disc, healthy retinal vessels, no pathology, medical ophthalmology image, detailed retinal view, clinical photography"
2979_right.jpg,normal,"high quality fundus photograph of a healthy normal eye, clear optic disc, healthy retinal vessels, no pathology, medical ophthalmology image, detailed retinal view, clinical photography"
2980_left.jpg,normal,"high quality fundus photograph of a healthy normal eye, clear optic disc, healthy retinal vessels, no pathology, medical ophthalmology image, detailed retinal view, clinical photography"
2980_right.jpg,normal,"high quality fundus photograph of a healthy normal eye, clear optic disc, healthy retinal vessels, no pathology, medical ophthalmology image, detailed retinal view, clinical photography"
2981_left.jpg,normal,"high quality fundus photograph of a healthy normal eye, clear optic disc, healthy retinal vessels, no pathology, medical ophthalmology image, detailed retinal view, clinical photography"
2981_right.jpg,normal,"high quality fundus photograph of a healthy normal eye, clear optic disc, healthy retinal vessels, no pathology, medical ophthalmology image, detailed retinal view, clinical photography"
2984_left.jpg,normal,"high quality fundus photograph of a healthy normal eye, clear optic disc, healthy retinal vessels, no pathology, medical ophthalmology image, detailed retinal view, clinical photography"
2984_right.jpg,normal,"high quality fundus photograph of a healthy normal eye, clear optic disc, healthy retinal vessels, no pathology, medical ophthalmology image, detailed retinal view, clinical photography"
2985_left.jpg,normal,"high quality fundus photograph of a healthy normal eye, clear optic disc, healthy retinal vessels, no pathology, medical ophthalmology image, detailed retinal view, clinical photography"
2985_right.jpg,normal,"high quality fundus photograph of a healthy normal eye, clear optic disc, healthy retinal vessels, no pathology, medical ophthalmology image, detailed retinal view, clinical photography"
2988_left.jpg,normal,"high quality fundus photograph of a healthy normal eye, clear optic disc, healthy retinal vessels, no pathology, medical ophthalmology image, detailed retinal view, clinical photography"
2988_right.jpg,normal,"high quality fundus photograph of a healthy normal eye, clear optic disc, healthy retinal vessels, no pathology, medical ophthalmology image, detailed retinal view, clinical photography"
2991_left.jpg,normal,"high quality fundus photograph of a healthy normal eye, clear optic disc, healthy retinal vessels, no pathology, medical ophthalmology image, detailed retinal view, clinical photography"
2991_right.jpg,normal,"high quality fundus photograph of a healthy normal eye, clear optic disc, healthy retinal vessels, no pathology, medical ophthalmology image, detailed retinal view, clinical photography"
2992_left.jpg,normal,"high quality fundus photograph of a healthy normal eye, clear optic disc, healthy retinal vessels, no pathology, medical ophthalmology image, detailed retinal view, clinical photography"
2992_right.jpg,normal,"high quality fundus photograph of a healthy normal eye, clear optic disc, healthy retinal vessels, no pathology, medical ophthalmology image, detailed retinal view, clinical photography"
2996_left.jpg,normal,"high quality fundus photograph of a healthy normal eye, clear optic disc, healthy retinal vessels, no pathology, medical ophthalmology image, detailed retinal view, clinical photography"
2996_right.jpg,normal,"high quality fundus photograph of a healthy normal eye, clear optic disc, healthy retinal vessels, no pathology, medical ophthalmology image, detailed retinal view, clinical photography"
3000_left.jpg,normal,"high quality fundus photograph of a healthy normal eye, clear optic disc, healthy retinal vessels, no pathology, medical ophthalmology image, detailed retinal view, clinical photography"
3000_right.jpg,normal,"high quality fundus photograph of a healthy normal eye, clear optic disc, healthy retinal vessels, no pathology, medical ophthalmology image, detailed retinal view, clinical photography"
3001_left.jpg,normal,"high quality fundus photograph of a healthy normal eye, clear optic disc, healthy retinal vessels, no pathology, medical ophthalmology image, detailed retinal view, clinical photography"
3001_right.jpg,normal,"high quality fundus photograph of a healthy normal eye, clear optic disc, healthy retinal vessels, no pathology, medical ophthalmology image, detailed retinal view, clinical photography"
3004_left.jpg,normal,"high quality fundus photograph of a healthy normal eye, clear optic disc, healthy retinal vessels, no pathology, medical ophthalmology image, detailed retinal view, clinical photography"
3004_right.jpg,normal,"high quality fundus photograph of a healthy normal eye, clear optic disc, healthy retinal vessels, no pathology, medical ophthalmology image, detailed retinal view, clinical photography"
3007_left.jpg,normal,"high quality fundus photograph of a healthy normal eye, clear optic disc, healthy retinal vessels, no pathology, medical ophthalmology image, detailed retinal view, clinical photography"
3007_right.jpg,normal,"high quality fundus photograph of a healthy normal eye, clear optic disc, healthy retinal vessels, no pathology, medical ophthalmology image, detailed retinal view, clinical photography"
3008_left.jpg,normal,"high quality fundus photograph of a healthy normal eye, clear optic disc, healthy retinal vessels, no pathology, medical ophthalmology image, detailed retinal view, clinical photography"
3008_right.jpg,normal,"high quality fundus photograph of a healthy normal eye, clear optic disc, healthy retinal vessels, no pathology, medical ophthalmology image, detailed retinal view, clinical photography"
3009_left.jpg,normal,"high quality fundus photograph of a healthy normal eye, clear optic disc, healthy retinal vessels, no pathology, medical ophthalmology image, detailed retinal view, clinical photography"
3009_right.jpg,normal,"high quality fundus photograph of a healthy normal eye, clear optic disc, healthy retinal vessels, no pathology, medical ophthalmology image, detailed retinal view, clinical photography"
3010_left.jpg,normal,"high quality fundus photograph of a healthy normal eye, clear optic disc, healthy retinal vessels, no pathology, medical ophthalmology image, detailed retinal view, clinical photography"
3010_right.jpg,normal,"high quality fundus photograph of a healthy normal eye, clear optic disc, healthy retinal vessels, no pathology, medical ophthalmology image, detailed retinal view, clinical photography"
3011_left.jpg,normal,"high quality fundus photograph of a healthy normal eye, clear optic disc, healthy retinal vessels, no pathology, medical ophthalmology image, detailed retinal view, clinical photography"
3011_right.jpg,normal,"high quality fundus photograph of a healthy normal eye, clear optic disc, healthy retinal vessels, no pathology, medical ophthalmology image, detailed retinal view, clinical photography"
3013_left.jpg,normal,"high quality fundus photograph of a healthy normal eye, clear optic disc, healthy retinal vessels, no pathology, medical ophthalmology image, detailed retinal view, clinical photography"
3013_right.jpg,normal,"high quality fundus photograph of a healthy normal eye, clear optic disc, healthy retinal vessels, no pathology, medical ophthalmology image, detailed retinal view, clinical photography"
3016_left.jpg,normal,"high quality fundus photograph of a healthy normal eye, clear optic disc, healthy retinal vessels, no pathology, medical ophthalmology image, detailed retinal view, clinical photography"
3016_right.jpg,normal,"high quality fundus photograph of a healthy normal eye, clear optic disc, healthy retinal vessels, no pathology, medical ophthalmology image, detailed retinal view, clinical photography"
3017_left.jpg,normal,"high quality fundus photograph of a healthy normal eye, clear optic disc, healthy retinal vessels, no pathology, medical ophthalmology image, detailed retinal view, clinical photography"
3017_right.jpg,normal,"high quality fundus photograph of a healthy normal eye, clear optic disc, healthy retinal vessels, no pathology, medical ophthalmology image, detailed retinal view, clinical photography"
3018_left.jpg,normal,"high quality fundus photograph of a healthy normal eye, clear optic disc, healthy retinal vessels, no pathology, medical ophthalmology image, detailed retinal view, clinical photography"
3018_right.jpg,normal,"high quality fundus photograph of a healthy normal eye, clear optic disc, healthy retinal vessels, no pathology, medical ophthalmology image, detailed retinal view, clinical photography"
3020_left.jpg,normal,"high quality fundus photograph of a healthy normal eye, clear optic disc, healthy retinal vessels, no pathology, medical ophthalmology image, detailed retinal view, clinical photography"
3020_right.jpg,normal,"high quality fundus photograph of a healthy normal eye, clear optic disc, healthy retinal vessels, no pathology, medical ophthalmology image, detailed retinal view, clinical photography"
3025_left.jpg,normal,"high quality fundus photograph of a healthy normal eye, clear optic disc, healthy retinal vessels, no pathology, medical ophthalmology image, detailed retinal view, clinical photography"
3025_right.jpg,normal,"high quality fundus photograph of a healthy normal eye, clear optic disc, healthy retinal vessels, no pathology, medical ophthalmology image, detailed retinal view, clinical photography"
3026_left.jpg,normal,"high quality fundus photograph of a healthy normal eye, clear optic disc, healthy retinal vessels, no pathology, medical ophthalmology image, detailed retinal view, clinical photography"
3026_right.jpg,normal,"high quality fundus photograph of a healthy normal eye, clear optic disc, healthy retinal vessels, no pathology, medical ophthalmology image, detailed retinal view, clinical photography"
3029_left.jpg,normal,"high quality fundus photograph of a healthy normal eye, clear optic disc, healthy retinal vessels, no pathology, medical ophthalmology image, detailed retinal view, clinical photography"
3029_right.jpg,normal,"high quality fundus photograph of a healthy normal eye, clear optic disc, healthy retinal vessels, no pathology, medical ophthalmology image, detailed retinal view, clinical photography"
3034_left.jpg,normal,"high quality fundus photograph of a healthy normal eye, clear optic disc, healthy retinal vessels, no pathology, medical ophthalmology image, detailed retinal view, clinical photography"
3034_right.jpg,normal,"high quality fundus photograph of a healthy normal eye, clear optic disc, healthy retinal vessels, no pathology, medical ophthalmology image, detailed retinal view, clinical photography"
3037_right.jpg,normal,"high quality fundus photograph of a healthy normal eye, clear optic disc, healthy retinal vessels, no pathology, medical ophthalmology image, detailed retinal view, clinical photography"
3038_left.jpg,normal,"high quality fundus photograph of a healthy normal eye, clear optic disc, healthy retinal vessels, no pathology, medical ophthalmology image, detailed retinal view, clinical photography"
3038_right.jpg,normal,"high quality fundus photograph of a healthy normal eye, clear optic disc, healthy retinal vessels, no pathology, medical ophthalmology image, detailed retinal view, clinical photography"
3040_left.jpg,normal,"high quality fundus photograph of a healthy normal eye, clear optic disc, healthy retinal vessels, no pathology, medical ophthalmology image, detailed retinal view, clinical photography"
3040_right.jpg,normal,"high quality fundus photograph of a healthy normal eye, clear optic disc, healthy retinal vessels, no pathology, medical ophthalmology image, detailed retinal view, clinical photography"
3042_left.jpg,normal,"high quality fundus photograph of a healthy normal eye, clear optic disc, healthy retinal vessels, no pathology, medical ophthalmology image, detailed retinal view, clinical photography"
3042_right.jpg,normal,"high quality fundus photograph of a healthy normal eye, clear optic disc, healthy retinal vessels, no pathology, medical ophthalmology image, detailed retinal view, clinical photography"
3044_left.jpg,normal,"high quality fundus photograph of a healthy normal eye, clear optic disc, healthy retinal vessels, no pathology, medical ophthalmology image, detailed retinal view, clinical photography"
3044_right.jpg,normal,"high quality fundus photograph of a healthy normal eye, clear optic disc, healthy retinal vessels, no pathology, medical ophthalmology image, detailed retinal view, clinical photography"
3050_left.jpg,normal,"high quality fundus photograph of a healthy normal eye, clear optic disc, healthy retinal vessels, no pathology, medical ophthalmology image, detailed retinal view, clinical photography"
3050_right.jpg,normal,"high quality fundus photograph of a healthy normal eye, clear optic disc, healthy retinal vessels, no pathology, medical ophthalmology image, detailed retinal view, clinical photography"
3051_left.jpg,normal,"high quality fundus photograph of a healthy normal eye, clear optic disc, healthy retinal vessels, no pathology, medical ophthalmology image, detailed retinal view, clinical photography"
3051_right.jpg,normal,"high quality fundus photograph of a healthy normal eye, clear optic disc, healthy retinal vessels, no pathology, medical ophthalmology image, detailed retinal view, clinical photography"
3052_left.jpg,normal,"high quality fundus photograph of a healthy normal eye, clear optic disc, healthy retinal vessels, no pathology, medical ophthalmology image, detailed retinal view, clinical photography"
3052_right.jpg,normal,"high quality fundus photograph of a healthy normal eye, clear optic disc, healthy retinal vessels, no pathology, medical ophthalmology image, detailed retinal view, clinical photography"
3054_left.jpg,normal,"high quality fundus photograph of a healthy normal eye, clear optic disc, healthy retinal vessels, no pathology, medical ophthalmology image, detailed retinal view, clinical photography"
3054_right.jpg,normal,"high quality fundus photograph of a healthy normal eye, clear optic disc, healthy retinal vessels, no pathology, medical ophthalmology image, detailed retinal view, clinical photography"
3056_left.jpg,normal,"high quality fundus photograph of a healthy normal eye, clear optic disc, healthy retinal vessels, no pathology, medical ophthalmology image, detailed retinal view, clinical photography"
3056_right.jpg,normal,"high quality fundus photograph of a healthy normal eye, clear optic disc, healthy retinal vessels, no pathology, medical ophthalmology image, detailed retinal view, clinical photography"
3057_left.jpg,normal,"high quality fundus photograph of a healthy normal eye, clear optic disc, healthy retinal vessels, no pathology, medical ophthalmology image, detailed retinal view, clinical photography"
3057_right.jpg,normal,"high quality fundus photograph of a healthy normal eye, clear optic disc, healthy retinal vessels, no pathology, medical ophthalmology image, detailed retinal view, clinical photography"
3058_left.jpg,normal,"high quality fundus photograph of a healthy normal eye, clear optic disc, healthy retinal vessels, no pathology, medical ophthalmology image, detailed retinal view, clinical photography"
3058_right.jpg,normal,"high quality fundus photograph of a healthy normal eye, clear optic disc, healthy retinal vessels, no pathology, medical ophthalmology image, detailed retinal view, clinical photography"
3059_left.jpg,normal,"high quality fundus photograph of a healthy normal eye, clear optic disc, healthy retinal vessels, no pathology, medical ophthalmology image, detailed retinal view, clinical photography"
3059_right.jpg,normal,"high quality fundus photograph of a healthy normal eye, clear optic disc, healthy retinal vessels, no pathology, medical ophthalmology image, detailed retinal view, clinical photography"
3062_left.jpg,normal,"high quality fundus photograph of a healthy normal eye, clear optic disc, healthy retinal vessels, no pathology, medical ophthalmology image, detailed retinal view, clinical photography"
3062_right.jpg,normal,"high quality fundus photograph of a healthy normal eye, clear optic disc, healthy retinal vessels, no pathology, medical ophthalmology image, detailed retinal view, clinical photography"
3063_left.jpg,normal,"high quality fundus photograph of a healthy normal eye, clear optic disc, healthy retinal vessels, no pathology, medical ophthalmology image, detailed retinal view, clinical photography"
3063_right.jpg,normal,"high quality fundus photograph of a healthy normal eye, clear optic disc, healthy retinal vessels, no pathology, medical ophthalmology image, detailed retinal view, clinical photography"
3064_left.jpg,normal,"high quality fundus photograph of a healthy normal eye, clear optic disc, healthy retinal vessels, no pathology, medical ophthalmology image, detailed retinal view, clinical photography"
3064_right.jpg,normal,"high quality fundus photograph of a healthy normal eye, clear optic disc, healthy retinal vessels, no pathology, medical ophthalmology image, detailed retinal view, clinical photography"
3066_left.jpg,normal,"high quality fundus photograph of a healthy normal eye, clear optic disc, healthy retinal vessels, no pathology, medical ophthalmology image, detailed retinal view, clinical photography"
3066_right.jpg,normal,"high quality fundus photograph of a healthy normal eye, clear optic disc, healthy retinal vessels, no pathology, medical ophthalmology image, detailed retinal view, clinical photography"
3068_left.jpg,normal,"high quality fundus photograph of a healthy normal eye, clear optic disc, healthy retinal vessels, no pathology, medical ophthalmology image, detailed retinal view, clinical photography"
3068_right.jpg,normal,"high quality fundus photograph of a healthy normal eye, clear optic disc, healthy retinal vessels, no pathology, medical ophthalmology image, detailed retinal view, clinical photography"
3069_left.jpg,normal,"high quality fundus photograph of a healthy normal eye, clear optic disc, healthy retinal vessels, no pathology, medical ophthalmology image, detailed retinal view, clinical photography"
3069_right.jpg,normal,"high quality fundus photograph of a healthy normal eye, clear optic disc, healthy retinal vessels, no pathology, medical ophthalmology image, detailed retinal view, clinical photography"
3070_left.jpg,normal,"high quality fundus photograph of a healthy normal eye, clear optic disc, healthy retinal vessels, no pathology, medical ophthalmology image, detailed retinal view, clinical photography"
3070_right.jpg,normal,"high quality fundus photograph of a healthy normal eye, clear optic disc, healthy retinal vessels, no pathology, medical ophthalmology image, detailed retinal view, clinical photography"
3072_left.jpg,normal,"high quality fundus photograph of a healthy normal eye, clear optic disc, healthy retinal vessels, no pathology, medical ophthalmology image, detailed retinal view, clinical photography"
3072_right.jpg,normal,"high quality fundus photograph of a healthy normal eye, clear optic disc, healthy retinal vessels, no pathology, medical ophthalmology image, detailed retinal view, clinical photography"
3075_left.jpg,normal,"high quality fundus photograph of a healthy normal eye, clear optic disc, healthy retinal vessels, no pathology, medical ophthalmology image, detailed retinal view, clinical photography"
3075_right.jpg,normal,"high quality fundus photograph of a healthy normal eye, clear optic disc, healthy retinal vessels, no pathology, medical ophthalmology image, detailed retinal view, clinical photography"
3077_left.jpg,normal,"high quality fundus photograph of a healthy normal eye, clear optic disc, healthy retinal vessels, no pathology, medical ophthalmology image, detailed retinal view, clinical photography"
3077_right.jpg,normal,"high quality fundus photograph of a healthy normal eye, clear optic disc, healthy retinal vessels, no pathology, medical ophthalmology image, detailed retinal view, clinical photography"
3079_left.jpg,normal,"high quality fundus photograph of a healthy normal eye, clear optic disc, healthy retinal vessels, no pathology, medical ophthalmology image, detailed retinal view, clinical photography"
3079_right.jpg,normal,"high quality fundus photograph of a healthy normal eye, clear optic disc, healthy retinal vessels, no pathology, medical ophthalmology image, detailed retinal view, clinical photography"
3080_left.jpg,normal,"high quality fundus photograph of a healthy normal eye, clear optic disc, healthy retinal vessels, no pathology, medical ophthalmology image, detailed retinal view, clinical photography"
3080_right.jpg,normal,"high quality fundus photograph of a healthy normal eye, clear optic disc, healthy retinal vessels, no pathology, medical ophthalmology image, detailed retinal view, clinical photography"
3083_left.jpg,normal,"high quality fundus photograph of a healthy normal eye, clear optic disc, healthy retinal vessels, no pathology, medical ophthalmology image, detailed retinal view, clinical photography"
3083_right.jpg,normal,"high quality fundus photograph of a healthy normal eye, clear optic disc, healthy retinal vessels, no pathology, medical ophthalmology image, detailed retinal view, clinical photography"
3084_left.jpg,normal,"high quality fundus photograph of a healthy normal eye, clear optic disc, healthy retinal vessels, no pathology, medical ophthalmology image, detailed retinal view, clinical photography"
3084_right.jpg,normal,"high quality fundus photograph of a healthy normal eye, clear optic disc, healthy retinal vessels, no pathology, medical ophthalmology image, detailed retinal view, clinical photography"
3085_left.jpg,normal,"high quality fundus photograph of a healthy normal eye, clear optic disc, healthy retinal vessels, no pathology, medical ophthalmology image, detailed retinal view, clinical photography"
3085_right.jpg,normal,"high quality fundus photograph of a healthy normal eye, clear optic disc, healthy retinal vessels, no pathology, medical ophthalmology image, detailed retinal view, clinical photography"
3090_left.jpg,normal,"high quality fundus photograph of a healthy normal eye, clear optic disc, healthy retinal vessels, no pathology, medical ophthalmology image, detailed retinal view, clinical photography"
3090_right.jpg,normal,"high quality fundus photograph of a healthy normal eye, clear optic disc, healthy retinal vessels, no pathology, medical ophthalmology image, detailed retinal view, clinical photography"
3094_left.jpg,normal,"high quality fundus photograph of a healthy normal eye, clear optic disc, healthy retinal vessels, no pathology, medical ophthalmology image, detailed retinal view, clinical photography"
3094_right.jpg,normal,"high quality fundus photograph of a healthy normal eye, clear optic disc, healthy retinal vessels, no pathology, medical ophthalmology image, detailed retinal view, clinical photography"
3095_left.jpg,normal,"high quality fundus photograph of a healthy normal eye, clear optic disc, healthy retinal vessels, no pathology, medical ophthalmology image, detailed retinal view, clinical photography"
3095_right.jpg,normal,"high quality fundus photograph of a healthy normal eye, clear optic disc, healthy retinal vessels, no pathology, medical ophthalmology image, detailed retinal view, clinical photography"
3097_left.jpg,normal,"high quality fundus photograph of a healthy normal eye, clear optic disc, healthy retinal vessels, no pathology, medical ophthalmology image, detailed retinal view, clinical photography"
3097_right.jpg,normal,"high quality fundus photograph of a healthy normal eye, clear optic disc, healthy retinal vessels, no pathology, medical ophthalmology image, detailed retinal view, clinical photography"
3098_left.jpg,normal,"high quality fundus photograph of a healthy normal eye, clear optic disc, healthy retinal vessels, no pathology, medical ophthalmology image, detailed retinal view, clinical photography"
3098_right.jpg,normal,"high quality fundus photograph of a healthy normal eye, clear optic disc, healthy retinal vessels, no pathology, medical ophthalmology image, detailed retinal view, clinical photography"
3100_left.jpg,normal,"high quality fundus photograph of a healthy normal eye, clear optic disc, healthy retinal vessels, no pathology, medical ophthalmology image, detailed retinal view, clinical photography"
3100_right.jpg,normal,"high quality fundus photograph of a healthy normal eye, clear optic disc, healthy retinal vessels, no pathology, medical ophthalmology image, detailed retinal view, clinical photography"
3102_left.jpg,normal,"high quality fundus photograph of a healthy normal eye, clear optic disc, healthy retinal vessels, no pathology, medical ophthalmology image, detailed retinal view, clinical photography"
3102_right.jpg,normal,"high quality fundus photograph of a healthy normal eye, clear optic disc, healthy retinal vessels, no pathology, medical ophthalmology image, detailed retinal view, clinical photography"
3108_left.jpg,normal,"high quality fundus photograph of a healthy normal eye, clear optic disc, healthy retinal vessels, no pathology, medical ophthalmology image, detailed retinal view, clinical photography"
3108_right.jpg,normal,"high quality fundus photograph of a healthy normal eye, clear optic disc, healthy retinal vessels, no pathology, medical ophthalmology image, detailed retinal view, clinical photography"
3109_left.jpg,normal,"high quality fundus photograph of a healthy normal eye, clear optic disc, healthy retinal vessels, no pathology, medical ophthalmology image, detailed retinal view, clinical photography"
3109_right.jpg,normal,"high quality fundus photograph of a healthy normal eye, clear optic disc, healthy retinal vessels, no pathology, medical ophthalmology image, detailed retinal view, clinical photography"
3110_left.jpg,normal,"high quality fundus photograph of a healthy normal eye, clear optic disc, healthy retinal vessels, no pathology, medical ophthalmology image, detailed retinal view, clinical photography"
3110_right.jpg,normal,"high quality fundus photograph of a healthy normal eye, clear optic disc, healthy retinal vessels, no pathology, medical ophthalmology image, detailed retinal view, clinical photography"
3113_left.jpg,normal,"high quality fundus photograph of a healthy normal eye, clear optic disc, healthy retinal vessels, no pathology, medical ophthalmology image, detailed retinal view, clinical photography"
3113_right.jpg,normal,"high quality fundus photograph of a healthy normal eye, clear optic disc, healthy retinal vessels, no pathology, medical ophthalmology image, detailed retinal view, clinical photography"
3114_left.jpg,normal,"high quality fundus photograph of a healthy normal eye, clear optic disc, healthy retinal vessels, no pathology, medical ophthalmology image, detailed retinal view, clinical photography"
3114_right.jpg,normal,"high quality fundus photograph of a healthy normal eye, clear optic disc, healthy retinal vessels, no pathology, medical ophthalmology image, detailed retinal view, clinical photography"
3117_left.jpg,normal,"high quality fundus photograph of a healthy normal eye, clear optic disc, healthy retinal vessels, no pathology, medical ophthalmology image, detailed retinal view, clinical photography"
3117_right.jpg,normal,"high quality fundus photograph of a healthy normal eye, clear optic disc, healthy retinal vessels, no pathology, medical ophthalmology image, detailed retinal view, clinical photography"
3119_left.jpg,normal,"high quality fundus photograph of a healthy normal eye, clear optic disc, healthy retinal vessels, no pathology, medical ophthalmology image, detailed retinal view, clinical photography"
3122_left.jpg,normal,"high quality fundus photograph of a healthy normal eye, clear optic disc, healthy retinal vessels, no pathology, medical ophthalmology image, detailed retinal view, clinical photography"
3122_right.jpg,normal,"high quality fundus photograph of a healthy normal eye, clear optic disc, healthy retinal vessels, no pathology, medical ophthalmology image, detailed retinal view, clinical photography"
3123_left.jpg,normal,"high quality fundus photograph of a healthy normal eye, clear optic disc, healthy retinal vessels, no pathology, medical ophthalmology image, detailed retinal view, clinical photography"
3123_right.jpg,normal,"high quality fundus photograph of a healthy normal eye, clear optic disc, healthy retinal vessels, no pathology, medical ophthalmology image, detailed retinal view, clinical photography"
3124_left.jpg,normal,"high quality fundus photograph of a healthy normal eye, clear optic disc, healthy retinal vessels, no pathology, medical ophthalmology image, detailed retinal view, clinical photography"
3124_right.jpg,normal,"high quality fundus photograph of a healthy normal eye, clear optic disc, healthy retinal vessels, no pathology, medical ophthalmology image, detailed retinal view, clinical photography"
3127_left.jpg,normal,"high quality fundus photograph of a healthy normal eye, clear optic disc, healthy retinal vessels, no pathology, medical ophthalmology image, detailed retinal view, clinical photography"
3127_right.jpg,normal,"high quality fundus photograph of a healthy normal eye, clear optic disc, healthy retinal vessels, no pathology, medical ophthalmology image, detailed retinal view, clinical photography"
3131_left.jpg,normal,"high quality fundus photograph of a healthy normal eye, clear optic disc, healthy retinal vessels, no pathology, medical ophthalmology image, detailed retinal view, clinical photography"
3131_right.jpg,normal,"high quality fundus photograph of a healthy normal eye, clear optic disc, healthy retinal vessels, no pathology, medical ophthalmology image, detailed retinal view, clinical photography"
3138_left.jpg,normal,"high quality fundus photograph of a healthy normal eye, clear optic disc, healthy retinal vessels, no pathology, medical ophthalmology image, detailed retinal view, clinical photography"
3138_right.jpg,normal,"high quality fundus photograph of a healthy normal eye, clear optic disc, healthy retinal vessels, no pathology, medical ophthalmology image, detailed retinal view, clinical photography"
3139_left.jpg,normal,"high quality fundus photograph of a healthy normal eye, clear optic disc, healthy retinal vessels, no pathology, medical ophthalmology image, detailed retinal view, clinical photography"
3139_right.jpg,normal,"high quality fundus photograph of a healthy normal eye, clear optic disc, healthy retinal vessels, no pathology, medical ophthalmology image, detailed retinal view, clinical photography"
3141_left.jpg,normal,"high quality fundus photograph of a healthy normal eye, clear optic disc, healthy retinal vessels, no pathology, medical ophthalmology image, detailed retinal view, clinical photography"
3141_right.jpg,normal,"high quality fundus photograph of a healthy normal eye, clear optic disc, healthy retinal vessels, no pathology, medical ophthalmology image, detailed retinal view, clinical photography"
3142_left.jpg,normal,"high quality fundus photograph of a healthy normal eye, clear optic disc, healthy retinal vessels, no pathology, medical ophthalmology image, detailed retinal view, clinical photography"
3142_right.jpg,normal,"high quality fundus photograph of a healthy normal eye, clear optic disc, healthy retinal vessels, no pathology, medical ophthalmology image, detailed retinal view, clinical photography"
3144_left.jpg,normal,"high quality fundus photograph of a healthy normal eye, clear optic disc, healthy retinal vessels, no pathology, medical ophthalmology image, detailed retinal view, clinical photography"
3144_right.jpg,normal,"high quality fundus photograph of a healthy normal eye, clear optic disc, healthy retinal vessels, no pathology, medical ophthalmology image, detailed retinal view, clinical photography"
3145_left.jpg,normal,"high quality fundus photograph of a healthy normal eye, clear optic disc, healthy retinal vessels, no pathology, medical ophthalmology image, detailed retinal view, clinical photography"
3146_right.jpg,normal,"high quality fundus photograph of a healthy normal eye, clear optic disc, healthy retinal vessels, no pathology, medical ophthalmology image, detailed retinal view, clinical photography"
3150_left.jpg,normal,"high quality fundus photograph of a healthy normal eye, clear optic disc, healthy retinal vessels, no pathology, medical ophthalmology image, detailed retinal view, clinical photography"
3150_right.jpg,normal,"high quality fundus photograph of a healthy normal eye, clear optic disc, healthy retinal vessels, no pathology, medical ophthalmology image, detailed retinal view, clinical photography"
3153_left.jpg,normal,"high quality fundus photograph of a healthy normal eye, clear optic disc, healthy retinal vessels, no pathology, medical ophthalmology image, detailed retinal view, clinical photography"
3153_right.jpg,normal,"high quality fundus photograph of a healthy normal eye, clear optic disc, healthy retinal vessels, no pathology, medical ophthalmology image, detailed retinal view, clinical photography"
3154_left.jpg,normal,"high quality fundus photograph of a healthy normal eye, clear optic disc, healthy retinal vessels, no pathology, medical ophthalmology image, detailed retinal view, clinical photography"
3155_left.jpg,normal,"high quality fundus photograph of a healthy normal eye, clear optic disc, healthy retinal vessels, no pathology, medical ophthalmology image, detailed retinal view, clinical photography"
3155_right.jpg,normal,"high quality fundus photograph of a healthy normal eye, clear optic disc, healthy retinal vessels, no pathology, medical ophthalmology image, detailed retinal view, clinical photography"
3157_left.jpg,normal,"high quality fundus photograph of a healthy normal eye, clear optic disc, healthy retinal vessels, no pathology, medical ophthalmology image, detailed retinal view, clinical photography"
3157_right.jpg,normal,"high quality fundus photograph of a healthy normal eye, clear optic disc, healthy retinal vessels, no pathology, medical ophthalmology image, detailed retinal view, clinical photography"
3159_right.jpg,normal,"high quality fundus photograph of a healthy normal eye, clear optic disc, healthy retinal vessels, no pathology, medical ophthalmology image, detailed retinal view, clinical photography"
3163_left.jpg,normal,"high quality fundus photograph of a healthy normal eye, clear optic disc, healthy retinal vessels, no pathology, medical ophthalmology image, detailed retinal view, clinical photography"
3164_right.jpg,normal,"high quality fundus photograph of a healthy normal eye, clear optic disc, healthy retinal vessels, no pathology, medical ophthalmology image, detailed retinal view, clinical photography"
3166_right.jpg,normal,"high quality fundus photograph of a healthy normal eye, clear optic disc, healthy retinal vessels, no pathology, medical ophthalmology image, detailed retinal view, clinical photography"
3168_left.jpg,normal,"high quality fundus photograph of a healthy normal eye, clear optic disc, healthy retinal vessels, no pathology, medical ophthalmology image, detailed retinal view, clinical photography"
3169_left.jpg,normal,"high quality fundus photograph of a healthy normal eye, clear optic disc, healthy retinal vessels, no pathology, medical ophthalmology image, detailed retinal view, clinical photography"
3169_right.jpg,normal,"high quality fundus photograph of a healthy normal eye, clear optic disc, healthy retinal vessels, no pathology, medical ophthalmology image, detailed retinal view, clinical photography"
3170_right.jpg,normal,"high quality fundus photograph of a healthy normal eye, clear optic disc, healthy retinal vessels, no pathology, medical ophthalmology image, detailed retinal view, clinical photography"
3171_left.jpg,normal,"high quality fundus photograph of a healthy normal eye, clear optic disc, healthy retinal vessels, no pathology, medical ophthalmology image, detailed retinal view, clinical photography"
3172_left.jpg,normal,"high quality fundus photograph of a healthy normal eye, clear optic disc, healthy retinal vessels, no pathology, medical ophthalmology image, detailed retinal view, clinical photography"
3172_right.jpg,normal,"high quality fundus photograph of a healthy normal eye, clear optic disc, healthy retinal vessels, no pathology, medical ophthalmology image, detailed retinal view, clinical photography"
3173_right.jpg,normal,"high quality fundus photograph of a healthy normal eye, clear optic disc, healthy retinal vessels, no pathology, medical ophthalmology image, detailed retinal view, clinical photography"
3175_left.jpg,normal,"high quality fundus photograph of a healthy normal eye, clear optic disc, healthy retinal vessels, no pathology, medical ophthalmology image, detailed retinal view, clinical photography"
3175_right.jpg,normal,"high quality fundus photograph of a healthy normal eye, clear optic disc, healthy retinal vessels, no pathology, medical ophthalmology image, detailed retinal view, clinical photography"
3176_left.jpg,normal,"high quality fundus photograph of a healthy normal eye, clear optic disc, healthy retinal vessels, no pathology, medical ophthalmology image, detailed retinal view, clinical photography"
3176_right.jpg,normal,"high quality fundus photograph of a healthy normal eye, clear optic disc, healthy retinal vessels, no pathology, medical ophthalmology image, detailed retinal view, clinical photography"
3177_right.jpg,normal,"high quality fundus photograph of a healthy normal eye, clear optic disc, healthy retinal vessels, no pathology, medical ophthalmology image, detailed retinal view, clinical photography"
3179_left.jpg,normal,"high quality fundus photograph of a healthy normal eye, clear optic disc, healthy retinal vessels, no pathology, medical ophthalmology image, detailed retinal view, clinical photography"
3181_right.jpg,normal,"high quality fundus photograph of a healthy normal eye, clear optic disc, healthy retinal vessels, no pathology, medical ophthalmology image, detailed retinal view, clinical photography"
3183_left.jpg,normal,"high quality fundus photograph of a healthy normal eye, clear optic disc, healthy retinal vessels, no pathology, medical ophthalmology image, detailed retinal view, clinical photography"
3184_left.jpg,normal,"high quality fundus photograph of a healthy normal eye, clear optic disc, healthy retinal vessels, no pathology, medical ophthalmology image, detailed retinal view, clinical photography"
3184_right.jpg,normal,"high quality fundus photograph of a healthy normal eye, clear optic disc, healthy retinal vessels, no pathology, medical ophthalmology image, detailed retinal view, clinical photography"
3186_left.jpg,normal,"high quality fundus photograph of a healthy normal eye, clear optic disc, healthy retinal vessels, no pathology, medical ophthalmology image, detailed retinal view, clinical photography"
3186_right.jpg,normal,"high quality fundus photograph of a healthy normal eye, clear optic disc, healthy retinal vessels, no pathology, medical ophthalmology image, detailed retinal view, clinical photography"
3187_left.jpg,normal,"high quality fundus photograph of a healthy normal eye, clear optic disc, healthy retinal vessels, no pathology, medical ophthalmology image, detailed retinal view, clinical photography"
3187_right.jpg,normal,"high quality fundus photograph of a healthy normal eye, clear optic disc, healthy retinal vessels, no pathology, medical ophthalmology image, detailed retinal view, clinical photography"
3188_left.jpg,normal,"high quality fundus photograph of a healthy normal eye, clear optic disc, healthy retinal vessels, no pathology, medical ophthalmology image, detailed retinal view, clinical photography"
3188_right.jpg,normal,"high quality fundus photograph of a healthy normal eye, clear optic disc, healthy retinal vessels, no pathology, medical ophthalmology image, detailed retinal view, clinical photography"
3191_right.jpg,normal,"high quality fundus photograph of a healthy normal eye, clear optic disc, healthy retinal vessels, no pathology, medical ophthalmology image, detailed retinal view, clinical photography"
3192_left.jpg,normal,"high quality fundus photograph of a healthy normal eye, clear optic disc, healthy retinal vessels, no pathology, medical ophthalmology image, detailed retinal view, clinical photography"
3193_left.jpg,normal,"high quality fundus photograph of a healthy normal eye, clear optic disc, healthy retinal vessels, no pathology, medical ophthalmology image, detailed retinal view, clinical photography"
3193_right.jpg,normal,"high quality fundus photograph of a healthy normal eye, clear optic disc, healthy retinal vessels, no pathology, medical ophthalmology image, detailed retinal view, clinical photography"
3194_left.jpg,normal,"high quality fundus photograph of a healthy normal eye, clear optic disc, healthy retinal vessels, no pathology, medical ophthalmology image, detailed retinal view, clinical photography"
3194_right.jpg,normal,"high quality fundus photograph of a healthy normal eye, clear optic disc, healthy retinal vessels, no pathology, medical ophthalmology image, detailed retinal view, clinical photography"
3196_left.jpg,normal,"high quality fundus photograph of a healthy normal eye, clear optic disc, healthy retinal vessels, no pathology, medical ophthalmology image, detailed retinal view, clinical photography"
3196_right.jpg,normal,"high quality fundus photograph of a healthy normal eye, clear optic disc, healthy retinal vessels, no pathology, medical ophthalmology image, detailed retinal view, clinical photography"
3198_left.jpg,normal,"high quality fundus photograph of a healthy normal eye, clear optic disc, healthy retinal vessels, no pathology, medical ophthalmology image, detailed retinal view, clinical photography"
3198_right.jpg,normal,"high quality fundus photograph of a healthy normal eye, clear optic disc, healthy retinal vessels, no pathology, medical ophthalmology image, detailed retinal view, clinical photography"
3200_left.jpg,normal,"high quality fundus photograph of a healthy normal eye, clear optic disc, healthy retinal vessels, no pathology, medical ophthalmology image, detailed retinal view, clinical photography"
3201_left.jpg,normal,"high quality fundus photograph of a healthy normal eye, clear optic disc, healthy retinal vessels, no pathology, medical ophthalmology image, detailed retinal view, clinical photography"
3202_left.jpg,normal,"high quality fundus photograph of a healthy normal eye, clear optic disc, healthy retinal vessels, no pathology, medical ophthalmology image, detailed retinal view, clinical photography"
3202_right.jpg,normal,"high quality fundus photograph of a healthy normal eye, clear optic disc, healthy retinal vessels, no pathology, medical ophthalmology image, detailed retinal view, clinical photography"
3203_left.jpg,normal,"high quality fundus photograph of a healthy normal eye, clear optic disc, healthy retinal vessels, no pathology, medical ophthalmology image, detailed retinal view, clinical photography"
3203_right.jpg,normal,"high quality fundus photograph of a healthy normal eye, clear optic disc, healthy retinal vessels, no pathology, medical ophthalmology image, detailed retinal view, clinical photography"
3204_left.jpg,normal,"high quality fundus photograph of a healthy normal eye, clear optic disc, healthy retinal vessels, no pathology, medical ophthalmology image, detailed retinal view, clinical photography"
3206_left.jpg,normal,"high quality fundus photograph of a healthy normal eye, clear optic disc, healthy retinal vessels, no pathology, medical ophthalmology image, detailed retinal view, clinical photography"
3207_left.jpg,normal,"high quality fundus photograph of a healthy normal eye, clear optic disc, healthy retinal vessels, no pathology, medical ophthalmology image, detailed retinal view, clinical photography"
3207_right.jpg,normal,"high quality fundus photograph of a healthy normal eye, clear optic disc, healthy retinal vessels, no pathology, medical ophthalmology image, detailed retinal view, clinical photography"
3208_left.jpg,normal,"high quality fundus photograph of a healthy normal eye, clear optic disc, healthy retinal vessels, no pathology, medical ophthalmology image, detailed retinal view, clinical photography"
3208_right.jpg,normal,"high quality fundus photograph of a healthy normal eye, clear optic disc, healthy retinal vessels, no pathology, medical ophthalmology image, detailed retinal view, clinical photography"
3209_right.jpg,normal,"high quality fundus photograph of a healthy normal eye, clear optic disc, healthy retinal vessels, no pathology, medical ophthalmology image, detailed retinal view, clinical photography"
3212_left.jpg,normal,"high quality fundus photograph of a healthy normal eye, clear optic disc, healthy retinal vessels, no pathology, medical ophthalmology image, detailed retinal view, clinical photography"
3214_left.jpg,normal,"high quality fundus photograph of a healthy normal eye, clear optic disc, healthy retinal vessels, no pathology, medical ophthalmology image, detailed retinal view, clinical photography"
3214_right.jpg,normal,"high quality fundus photograph of a healthy normal eye, clear optic disc, healthy retinal vessels, no pathology, medical ophthalmology image, detailed retinal view, clinical photography"
3215_right.jpg,normal,"high quality fundus photograph of a healthy normal eye, clear optic disc, healthy retinal vessels, no pathology, medical ophthalmology image, detailed retinal view, clinical photography"
3216_left.jpg,normal,"high quality fundus photograph of a healthy normal eye, clear optic disc, healthy retinal vessels, no pathology, medical ophthalmology image, detailed retinal view, clinical photography"
3217_left.jpg,normal,"high quality fundus photograph of a healthy normal eye, clear optic disc, healthy retinal vessels, no pathology, medical ophthalmology image, detailed retinal view, clinical photography"
3217_right.jpg,normal,"high quality fundus photograph of a healthy normal eye, clear optic disc, healthy retinal vessels, no pathology, medical ophthalmology image, detailed retinal view, clinical photography"
3218_right.jpg,normal,"high quality fundus photograph of a healthy normal eye, clear optic disc, healthy retinal vessels, no pathology, medical ophthalmology image, detailed retinal view, clinical photography"
3221_left.jpg,normal,"high quality fundus photograph of a healthy normal eye, clear optic disc, healthy retinal vessels, no pathology, medical ophthalmology image, detailed retinal view, clinical photography"
3221_right.jpg,normal,"high quality fundus photograph of a healthy normal eye, clear optic disc, healthy retinal vessels, no pathology, medical ophthalmology image, detailed retinal view, clinical photography"
3222_left.jpg,normal,"high quality fundus photograph of a healthy normal eye, clear optic disc, healthy retinal vessels, no pathology, medical ophthalmology image, detailed retinal view, clinical photography"
3222_right.jpg,normal,"high quality fundus photograph of a healthy normal eye, clear optic disc, healthy retinal vessels, no pathology, medical ophthalmology image, detailed retinal view, clinical photography"
3223_left.jpg,normal,"high quality fundus photograph of a healthy normal eye, clear optic disc, healthy retinal vessels, no pathology, medical ophthalmology image, detailed retinal view, clinical photography"
3223_right.jpg,normal,"high quality fundus photograph of a healthy normal eye, clear optic disc, healthy retinal vessels, no pathology, medical ophthalmology image, detailed retinal view, clinical photography"
3226_left.jpg,normal,"high quality fundus photograph of a healthy normal eye, clear optic disc, healthy retinal vessels, no pathology, medical ophthalmology image, detailed retinal view, clinical photography"
3226_right.jpg,normal,"high quality fundus photograph of a healthy normal eye, clear optic disc, healthy retinal vessels, no pathology, medical ophthalmology image, detailed retinal view, clinical photography"
3227_left.jpg,normal,"high quality fundus photograph of a healthy normal eye, clear optic disc, healthy retinal vessels, no pathology, medical ophthalmology image, detailed retinal view, clinical photography"
3227_right.jpg,normal,"high quality fundus photograph of a healthy normal eye, clear optic disc, healthy retinal vessels, no pathology, medical ophthalmology image, detailed retinal view, clinical photography"
3232_left.jpg,normal,"high quality fundus photograph of a healthy normal eye, clear optic disc, healthy retinal vessels, no pathology, medical ophthalmology image, detailed retinal view, clinical photography"
3232_right.jpg,normal,"high quality fundus photograph of a healthy normal eye, clear optic disc, healthy retinal vessels, no pathology, medical ophthalmology image, detailed retinal view, clinical photography"
3234_left.jpg,normal,"high quality fundus photograph of a healthy normal eye, clear optic disc, healthy retinal vessels, no pathology, medical ophthalmology image, detailed retinal view, clinical photography"
3234_right.jpg,normal,"high quality fundus photograph of a healthy normal eye, clear optic disc, healthy retinal vessels, no pathology, medical ophthalmology image, detailed retinal view, clinical photography"
3237_left.jpg,normal,"high quality fundus photograph of a healthy normal eye, clear optic disc, healthy retinal vessels, no pathology, medical ophthalmology image, detailed retinal view, clinical photography"
3237_right.jpg,normal,"high quality fundus photograph of a healthy normal eye, clear optic disc, healthy retinal vessels, no pathology, medical ophthalmology image, detailed retinal view, clinical photography"
3238_right.jpg,normal,"high quality fundus photograph of a healthy normal eye, clear optic disc, healthy retinal vessels, no pathology, medical ophthalmology image, detailed retinal view, clinical photography"
3240_right.jpg,normal,"high quality fundus photograph of a healthy normal eye, clear optic disc, healthy retinal vessels, no pathology, medical ophthalmology image, detailed retinal view, clinical photography"
3241_left.jpg,normal,"high quality fundus photograph of a healthy normal eye, clear optic disc, healthy retinal vessels, no pathology, medical ophthalmology image, detailed retinal view, clinical photography"
3242_left.jpg,normal,"high quality fundus photograph of a healthy normal eye, clear optic disc, healthy retinal vessels, no pathology, medical ophthalmology image, detailed retinal view, clinical photography"
3242_right.jpg,normal,"high quality fundus photograph of a healthy normal eye, clear optic disc, healthy retinal vessels, no pathology, medical ophthalmology image, detailed retinal view, clinical photography"
3243_left.jpg,normal,"high quality fundus photograph of a healthy normal eye, clear optic disc, healthy retinal vessels, no pathology, medical ophthalmology image, detailed retinal view, clinical photography"
3243_right.jpg,normal,"high quality fundus photograph of a healthy normal eye, clear optic disc, healthy retinal vessels, no pathology, medical ophthalmology image, detailed retinal view, clinical photography"
3244_left.jpg,normal,"high quality fundus photograph of a healthy normal eye, clear optic disc, healthy retinal vessels, no pathology, medical ophthalmology image, detailed retinal view, clinical photography"
3244_right.jpg,normal,"high quality fundus photograph of a healthy normal eye, clear optic disc, healthy retinal vessels, no pathology, medical ophthalmology image, detailed retinal view, clinical photography"
3245_right.jpg,normal,"high quality fundus photograph of a healthy normal eye, clear optic disc, healthy retinal vessels, no pathology, medical ophthalmology image, detailed retinal view, clinical photography"
3246_left.jpg,normal,"high quality fundus photograph of a healthy normal eye, clear optic disc, healthy retinal vessels, no pathology, medical ophthalmology image, detailed retinal view, clinical photography"
3248_left.jpg,normal,"high quality fundus photograph of a healthy normal eye, clear optic disc, healthy retinal vessels, no pathology, medical ophthalmology image, detailed retinal view, clinical photography"
3248_right.jpg,normal,"high quality fundus photograph of a healthy normal eye, clear optic disc, healthy retinal vessels, no pathology, medical ophthalmology image, detailed retinal view, clinical photography"
3249_right.jpg,normal,"high quality fundus photograph of a healthy normal eye, clear optic disc, healthy retinal vessels, no pathology, medical ophthalmology image, detailed retinal view, clinical photography"
3251_left.jpg,normal,"high quality fundus photograph of a healthy normal eye, clear optic disc, healthy retinal vessels, no pathology, medical ophthalmology image, detailed retinal view, clinical photography"
3252_left.jpg,normal,"high quality fundus photograph of a healthy normal eye, clear optic disc, healthy retinal vessels, no pathology, medical ophthalmology image, detailed retinal view, clinical photography"
3252_right.jpg,normal,"high quality fundus photograph of a healthy normal eye, clear optic disc, healthy retinal vessels, no pathology, medical ophthalmology image, detailed retinal view, clinical photography"
3253_right.jpg,normal,"high quality fundus photograph of a healthy normal eye, clear optic disc, healthy retinal vessels, no pathology, medical ophthalmology image, detailed retinal view, clinical photography"
3255_left.jpg,normal,"high quality fundus photograph of a healthy normal eye, clear optic disc, healthy retinal vessels, no pathology, medical ophthalmology image, detailed retinal view, clinical photography"
3255_right.jpg,normal,"high quality fundus photograph of a healthy normal eye, clear optic disc, healthy retinal vessels, no pathology, medical ophthalmology image, detailed retinal view, clinical photography"
3256_right.jpg,normal,"high quality fundus photograph of a healthy normal eye, clear optic disc, healthy retinal vessels, no pathology, medical ophthalmology image, detailed retinal view, clinical photography"
3257_right.jpg,normal,"high quality fundus photograph of a healthy normal eye, clear optic disc, healthy retinal vessels, no pathology, medical ophthalmology image, detailed retinal view, clinical photography"
3259_left.jpg,normal,"high quality fundus photograph of a healthy normal eye, clear optic disc, healthy retinal vessels, no pathology, medical ophthalmology image, detailed retinal view, clinical photography"
3259_right.jpg,normal,"high quality fundus photograph of a healthy normal eye, clear optic disc, healthy retinal vessels, no pathology, medical ophthalmology image, detailed retinal view, clinical photography"
3260_left.jpg,normal,"high quality fundus photograph of a healthy normal eye, clear optic disc, healthy retinal vessels, no pathology, medical ophthalmology image, detailed retinal view, clinical photography"
3260_right.jpg,normal,"high quality fundus photograph of a healthy normal eye, clear optic disc, healthy retinal vessels, no pathology, medical ophthalmology image, detailed retinal view, clinical photography"
3262_right.jpg,normal,"high quality fundus photograph of a healthy normal eye, clear optic disc, healthy retinal vessels, no pathology, medical ophthalmology image, detailed retinal view, clinical photography"
3263_left.jpg,normal,"high quality fundus photograph of a healthy normal eye, clear optic disc, healthy retinal vessels, no pathology, medical ophthalmology image, detailed retinal view, clinical photography"
3264_left.jpg,normal,"high quality fundus photograph of a healthy normal eye, clear optic disc, healthy retinal vessels, no pathology, medical ophthalmology image, detailed retinal view, clinical photography"
3266_right.jpg,normal,"high quality fundus photograph of a healthy normal eye, clear optic disc, healthy retinal vessels, no pathology, medical ophthalmology image, detailed retinal view, clinical photography"
3267_left.jpg,normal,"high quality fundus photograph of a healthy normal eye, clear optic disc, healthy retinal vessels, no pathology, medical ophthalmology image, detailed retinal view, clinical photography"
3271_right.jpg,normal,"high quality fundus photograph of a healthy normal eye, clear optic disc, healthy retinal vessels, no pathology, medical ophthalmology image, detailed retinal view, clinical photography"
3272_left.jpg,normal,"high quality fundus photograph of a healthy normal eye, clear optic disc, healthy retinal vessels, no pathology, medical ophthalmology image, detailed retinal view, clinical photography"
3273_left.jpg,normal,"high quality fundus photograph of a healthy normal eye, clear optic disc, healthy retinal vessels, no pathology, medical ophthalmology image, detailed retinal view, clinical photography"
3273_right.jpg,normal,"high quality fundus photograph of a healthy normal eye, clear optic disc, healthy retinal vessels, no pathology, medical ophthalmology image, detailed retinal view, clinical photography"
3274_left.jpg,normal,"high quality fundus photograph of a healthy normal eye, clear optic disc, healthy retinal vessels, no pathology, medical ophthalmology image, detailed retinal view, clinical photography"
3275_left.jpg,normal,"high quality fundus photograph of a healthy normal eye, clear optic disc, healthy retinal vessels, no pathology, medical ophthalmology image, detailed retinal view, clinical photography"
3275_right.jpg,normal,"high quality fundus photograph of a healthy normal eye, clear optic disc, healthy retinal vessels, no pathology, medical ophthalmology image, detailed retinal view, clinical photography"
3282_right.jpg,normal,"high quality fundus photograph of a healthy normal eye, clear optic disc, healthy retinal vessels, no pathology, medical ophthalmology image, detailed retinal view, clinical photography"
3283_left.jpg,normal,"high quality fundus photograph of a healthy normal eye, clear optic disc, healthy retinal vessels, no pathology, medical ophthalmology image, detailed retinal view, clinical photography"
3285_right.jpg,normal,"high quality fundus photograph of a healthy normal eye, clear optic disc, healthy retinal vessels, no pathology, medical ophthalmology image, detailed retinal view, clinical photography"
3287_right.jpg,normal,"high quality fundus photograph of a healthy normal eye, clear optic disc, healthy retinal vessels, no pathology, medical ophthalmology image, detailed retinal view, clinical photography"
3289_left.jpg,normal,"high quality fundus photograph of a healthy normal eye, clear optic disc, healthy retinal vessels, no pathology, medical ophthalmology image, detailed retinal view, clinical photography"
3289_right.jpg,normal,"high quality fundus photograph of a healthy normal eye, clear optic disc, healthy retinal vessels, no pathology, medical ophthalmology image, detailed retinal view, clinical photography"
3290_right.jpg,normal,"high quality fundus photograph of a healthy normal eye, clear optic disc, healthy retinal vessels, no pathology, medical ophthalmology image, detailed retinal view, clinical photography"
3291_left.jpg,normal,"high quality fundus photograph of a healthy normal eye, clear optic disc, healthy retinal vessels, no pathology, medical ophthalmology image, detailed retinal view, clinical photography"
3291_right.jpg,normal,"high quality fundus photograph of a healthy normal eye, clear optic disc, healthy retinal vessels, no pathology, medical ophthalmology image, detailed retinal view, clinical photography"
3293_left.jpg,normal,"high quality fundus photograph of a healthy normal eye, clear optic disc, healthy retinal vessels, no pathology, medical ophthalmology image, detailed retinal view, clinical photography"
3294_right.jpg,normal,"high quality fundus photograph of a healthy normal eye, clear optic disc, healthy retinal vessels, no pathology, medical ophthalmology image, detailed retinal view, clinical photography"
3295_left.jpg,normal,"high quality fundus photograph of a healthy normal eye, clear optic disc, healthy retinal vessels, no pathology, medical ophthalmology image, detailed retinal view, clinical photography"
3295_right.jpg,normal,"high quality fundus photograph of a healthy normal eye, clear optic disc, healthy retinal vessels, no pathology, medical ophthalmology image, detailed retinal view, clinical photography"
3296_left.jpg,normal,"high quality fundus photograph of a healthy normal eye, clear optic disc, healthy retinal vessels, no pathology, medical ophthalmology image, detailed retinal view, clinical photography"
3297_right.jpg,normal,"high quality fundus photograph of a healthy normal eye, clear optic disc, healthy retinal vessels, no pathology, medical ophthalmology image, detailed retinal view, clinical photography"
3298_left.jpg,normal,"high quality fundus photograph of a healthy normal eye, clear optic disc, healthy retinal vessels, no pathology, medical ophthalmology image, detailed retinal view, clinical photography"
3298_right.jpg,normal,"high quality fundus photograph of a healthy normal eye, clear optic disc, healthy retinal vessels, no pathology, medical ophthalmology image, detailed retinal view, clinical photography"
3300_left.jpg,normal,"high quality fundus photograph of a healthy normal eye, clear optic disc, healthy retinal vessels, no pathology, medical ophthalmology image, detailed retinal view, clinical photography"
3300_right.jpg,normal,"high quality fundus photograph of a healthy normal eye, clear optic disc, healthy retinal vessels, no pathology, medical ophthalmology image, detailed retinal view, clinical photography"
3304_left.jpg,normal,"high quality fundus photograph of a healthy normal eye, clear optic disc, healthy retinal vessels, no pathology, medical ophthalmology image, detailed retinal view, clinical photography"
3304_right.jpg,normal,"high quality fundus photograph of a healthy normal eye, clear optic disc, healthy retinal vessels, no pathology, medical ophthalmology image, detailed retinal view, clinical photography"
3305_left.jpg,normal,"high quality fundus photograph of a healthy normal eye, clear optic disc, healthy retinal vessels, no pathology, medical ophthalmology image, detailed retinal view, clinical photography"
3305_right.jpg,normal,"high quality fundus photograph of a healthy normal eye, clear optic disc, healthy retinal vessels, no pathology, medical ophthalmology image, detailed retinal view, clinical photography"
3306_left.jpg,normal,"high quality fundus photograph of a healthy normal eye, clear optic disc, healthy retinal vessels, no pathology, medical ophthalmology image, detailed retinal view, clinical photography"
3306_right.jpg,normal,"high quality fundus photograph of a healthy normal eye, clear optic disc, healthy retinal vessels, no pathology, medical ophthalmology image, detailed retinal view, clinical photography"
3307_right.jpg,normal,"high quality fundus photograph of a healthy normal eye, clear optic disc, healthy retinal vessels, no pathology, medical ophthalmology image, detailed retinal view, clinical photography"
3308_left.jpg,normal,"high quality fundus photograph of a healthy normal eye, clear optic disc, healthy retinal vessels, no pathology, medical ophthalmology image, detailed retinal view, clinical photography"
3308_right.jpg,normal,"high quality fundus photograph of a healthy normal eye, clear optic disc, healthy retinal vessels, no pathology, medical ophthalmology image, detailed retinal view, clinical photography"
3309_left.jpg,normal,"high quality fundus photograph of a healthy normal eye, clear optic disc, healthy retinal vessels, no pathology, medical ophthalmology image, detailed retinal view, clinical photography"
3309_right.jpg,normal,"high quality fundus photograph of a healthy normal eye, clear optic disc, healthy retinal vessels, no pathology, medical ophthalmology image, detailed retinal view, clinical photography"
3311_right.jpg,normal,"high quality fundus photograph of a healthy normal eye, clear optic disc, healthy retinal vessels, no pathology, medical ophthalmology image, detailed retinal view, clinical photography"
3312_left.jpg,normal,"high quality fundus photograph of a healthy normal eye, clear optic disc, healthy retinal vessels, no pathology, medical ophthalmology image, detailed retinal view, clinical photography"
3315_right.jpg,normal,"high quality fundus photograph of a healthy normal eye, clear optic disc, healthy retinal vessels, no pathology, medical ophthalmology image, detailed retinal view, clinical photography"
3317_left.jpg,normal,"high quality fundus photograph of a healthy normal eye, clear optic disc, healthy retinal vessels, no pathology, medical ophthalmology image, detailed retinal view, clinical photography"
3318_left.jpg,normal,"high quality fundus photograph of a healthy normal eye, clear optic disc, healthy retinal vessels, no pathology, medical ophthalmology image, detailed retinal view, clinical photography"
3319_right.jpg,normal,"high quality fundus photograph of a healthy normal eye, clear optic disc, healthy retinal vessels, no pathology, medical ophthalmology image, detailed retinal view, clinical photography"
3320_right.jpg,normal,"high quality fundus photograph of a healthy normal eye, clear optic disc, healthy retinal vessels, no pathology, medical ophthalmology image, detailed retinal view, clinical photography"
3321_left.jpg,normal,"high quality fundus photograph of a healthy normal eye, clear optic disc, healthy retinal vessels, no pathology, medical ophthalmology image, detailed retinal view, clinical photography"
3324_left.jpg,normal,"high quality fundus photograph of a healthy normal eye, clear optic disc, healthy retinal vessels, no pathology, medical ophthalmology image, detailed retinal view, clinical photography"
3324_right.jpg,normal,"high quality fundus photograph of a healthy normal eye, clear optic disc, healthy retinal vessels, no pathology, medical ophthalmology image, detailed retinal view, clinical photography"
3325_left.jpg,normal,"high quality fundus photograph of a healthy normal eye, clear optic disc, healthy retinal vessels, no pathology, medical ophthalmology image, detailed retinal view, clinical photography"
3329_right.jpg,normal,"high quality fundus photograph of a healthy normal eye, clear optic disc, healthy retinal vessels, no pathology, medical ophthalmology image, detailed retinal view, clinical photography"
3330_left.jpg,normal,"high quality fundus photograph of a healthy normal eye, clear optic disc, healthy retinal vessels, no pathology, medical ophthalmology image, detailed retinal view, clinical photography"
3330_right.jpg,normal,"high quality fundus photograph of a healthy normal eye, clear optic disc, healthy retinal vessels, no pathology, medical ophthalmology image, detailed retinal view, clinical photography"
3332_right.jpg,normal,"high quality fundus photograph of a healthy normal eye, clear optic disc, healthy retinal vessels, no pathology, medical ophthalmology image, detailed retinal view, clinical photography"
3340_right.jpg,normal,"high quality fundus photograph of a healthy normal eye, clear optic disc, healthy retinal vessels, no pathology, medical ophthalmology image, detailed retinal view, clinical photography"
3341_left.jpg,normal,"high quality fundus photograph of a healthy normal eye, clear optic disc, healthy retinal vessels, no pathology, medical ophthalmology image, detailed retinal view, clinical photography"
3341_right.jpg,normal,"high quality fundus photograph of a healthy normal eye, clear optic disc, healthy retinal vessels, no pathology, medical ophthalmology image, detailed retinal view, clinical photography"
3342_left.jpg,normal,"high quality fundus photograph of a healthy normal eye, clear optic disc, healthy retinal vessels, no pathology, medical ophthalmology image, detailed retinal view, clinical photography"
3343_right.jpg,normal,"high quality fundus photograph of a healthy normal eye, clear optic disc, healthy retinal vessels, no pathology, medical ophthalmology image, detailed retinal view, clinical photography"
3344_right.jpg,normal,"high quality fundus photograph of a healthy normal eye, clear optic disc, healthy retinal vessels, no pathology, medical ophthalmology image, detailed retinal view, clinical photography"
3348_right.jpg,normal,"high quality fundus photograph of a healthy normal eye, clear optic disc, healthy retinal vessels, no pathology, medical ophthalmology image, detailed retinal view, clinical photography"
3350_left.jpg,normal,"high quality fundus photograph of a healthy normal eye, clear optic disc, healthy retinal vessels, no pathology, medical ophthalmology image, detailed retinal view, clinical photography"
3352_left.jpg,normal,"high quality fundus photograph of a healthy normal eye, clear optic disc, healthy retinal vessels, no pathology, medical ophthalmology image, detailed retinal view, clinical photography"
3352_right.jpg,normal,"high quality fundus photograph of a healthy normal eye, clear optic disc, healthy retinal vessels, no pathology, medical ophthalmology image, detailed retinal view, clinical photography"
3353_left.jpg,normal,"high quality fundus photograph of a healthy normal eye, clear optic disc, healthy retinal vessels, no pathology, medical ophthalmology image, detailed retinal view, clinical photography"
3354_left.jpg,normal,"high quality fundus photograph of a healthy normal eye, clear optic disc, healthy retinal vessels, no pathology, medical ophthalmology image, detailed retinal view, clinical photography"
3354_right.jpg,normal,"high quality fundus photograph of a healthy normal eye, clear optic disc, healthy retinal vessels, no pathology, medical ophthalmology image, detailed retinal view, clinical photography"
3355_left.jpg,normal,"high quality fundus photograph of a healthy normal eye, clear optic disc, healthy retinal vessels, no pathology, medical ophthalmology image, detailed retinal view, clinical photography"
3355_right.jpg,normal,"high quality fundus photograph of a healthy normal eye, clear optic disc, healthy retinal vessels, no pathology, medical ophthalmology image, detailed retinal view, clinical photography"
3356_left.jpg,normal,"high quality fundus photograph of a healthy normal eye, clear optic disc, healthy retinal vessels, no pathology, medical ophthalmology image, detailed retinal view, clinical photography"
3356_right.jpg,normal,"high quality fundus photograph of a healthy normal eye, clear optic disc, healthy retinal vessels, no pathology, medical ophthalmology image, detailed retinal view, clinical photography"
3357_left.jpg,normal,"high quality fundus photograph of a healthy normal eye, clear optic disc, healthy retinal vessels, no pathology, medical ophthalmology image, detailed retinal view, clinical photography"
3357_right.jpg,normal,"high quality fundus photograph of a healthy normal eye, clear optic disc, healthy retinal vessels, no pathology, medical ophthalmology image, detailed retinal view, clinical photography"
3358_left.jpg,normal,"high quality fundus photograph of a healthy normal eye, clear optic disc, healthy retinal vessels, no pathology, medical ophthalmology image, detailed retinal view, clinical photography"
3358_right.jpg,normal,"high quality fundus photograph of a healthy normal eye, clear optic disc, healthy retinal vessels, no pathology, medical ophthalmology image, detailed retinal view, clinical photography"
3359_left.jpg,normal,"high quality fundus photograph of a healthy normal eye, clear optic disc, healthy retinal vessels, no pathology, medical ophthalmology image, detailed retinal view, clinical photography"
3359_right.jpg,normal,"high quality fundus photograph of a healthy normal eye, clear optic disc, healthy retinal vessels, no pathology, medical ophthalmology image, detailed retinal view, clinical photography"
3360_right.jpg,normal,"high quality fundus photograph of a healthy normal eye, clear optic disc, healthy retinal vessels, no pathology, medical ophthalmology image, detailed retinal view, clinical photography"
3362_left.jpg,normal,"high quality fundus photograph of a healthy normal eye, clear optic disc, healthy retinal vessels, no pathology, medical ophthalmology image, detailed retinal view, clinical photography"
3363_left.jpg,normal,"high quality fundus photograph of a healthy normal eye, clear optic disc, healthy retinal vessels, no pathology, medical ophthalmology image, detailed retinal view, clinical photography"
3363_right.jpg,normal,"high quality fundus photograph of a healthy normal eye, clear optic disc, healthy retinal vessels, no pathology, medical ophthalmology image, detailed retinal view, clinical photography"
3364_right.jpg,normal,"high quality fundus photograph of a healthy normal eye, clear optic disc, healthy retinal vessels, no pathology, medical ophthalmology image, detailed retinal view, clinical photography"
3365_left.jpg,normal,"high quality fundus photograph of a healthy normal eye, clear optic disc, healthy retinal vessels, no pathology, medical ophthalmology image, detailed retinal view, clinical photography"
3367_left.jpg,normal,"high quality fundus photograph of a healthy normal eye, clear optic disc, healthy retinal vessels, no pathology, medical ophthalmology image, detailed retinal view, clinical photography"
3367_right.jpg,normal,"high quality fundus photograph of a healthy normal eye, clear optic disc, healthy retinal vessels, no pathology, medical ophthalmology image, detailed retinal view, clinical photography"
3369_left.jpg,normal,"high quality fundus photograph of a healthy normal eye, clear optic disc, healthy retinal vessels, no pathology, medical ophthalmology image, detailed retinal view, clinical photography"
3373_right.jpg,normal,"high quality fundus photograph of a healthy normal eye, clear optic disc, healthy retinal vessels, no pathology, medical ophthalmology image, detailed retinal view, clinical photography"
3375_left.jpg,normal,"high quality fundus photograph of a healthy normal eye, clear optic disc, healthy retinal vessels, no pathology, medical ophthalmology image, detailed retinal view, clinical photography"
3376_left.jpg,normal,"high quality fundus photograph of a healthy normal eye, clear optic disc, healthy retinal vessels, no pathology, medical ophthalmology image, detailed retinal view, clinical photography"
3377_left.jpg,normal,"high quality fundus photograph of a healthy normal eye, clear optic disc, healthy retinal vessels, no pathology, medical ophthalmology image, detailed retinal view, clinical photography"
3377_right.jpg,normal,"high quality fundus photograph of a healthy normal eye, clear optic disc, healthy retinal vessels, no pathology, medical ophthalmology image, detailed retinal view, clinical photography"
3378_right.jpg,normal,"high quality fundus photograph of a healthy normal eye, clear optic disc, healthy retinal vessels, no pathology, medical ophthalmology image, detailed retinal view, clinical photography"
3379_right.jpg,normal,"high quality fundus photograph of a healthy normal eye, clear optic disc, healthy retinal vessels, no pathology, medical ophthalmology image, detailed retinal view, clinical photography"
3380_right.jpg,normal,"high quality fundus photograph of a healthy normal eye, clear optic disc, healthy retinal vessels, no pathology, medical ophthalmology image, detailed retinal view, clinical photography"
3381_left.jpg,normal,"high quality fundus photograph of a healthy normal eye, clear optic disc, healthy retinal vessels, no pathology, medical ophthalmology image, detailed retinal view, clinical photography"
3382_left.jpg,normal,"high quality fundus photograph of a healthy normal eye, clear optic disc, healthy retinal vessels, no pathology, medical ophthalmology image, detailed retinal view, clinical photography"
3383_right.jpg,normal,"high quality fundus photograph of a healthy normal eye, clear optic disc, healthy retinal vessels, no pathology, medical ophthalmology image, detailed retinal view, clinical photography"
3386_left.jpg,normal,"high quality fundus photograph of a healthy normal eye, clear optic disc, healthy retinal vessels, no pathology, medical ophthalmology image, detailed retinal view, clinical photography"
3387_left.jpg,normal,"high quality fundus photograph of a healthy normal eye, clear optic disc, healthy retinal vessels, no pathology, medical ophthalmology image, detailed retinal view, clinical photography"
3388_left.jpg,normal,"high quality fundus photograph of a healthy normal eye, clear optic disc, healthy retinal vessels, no pathology, medical ophthalmology image, detailed retinal view, clinical photography"
3388_right.jpg,normal,"high quality fundus photograph of a healthy normal eye, clear optic disc, healthy retinal vessels, no pathology, medical ophthalmology image, detailed retinal view, clinical photography"
3389_left.jpg,normal,"high quality fundus photograph of a healthy normal eye, clear optic disc, healthy retinal vessels, no pathology, medical ophthalmology image, detailed retinal view, clinical photography"
3389_right.jpg,normal,"high quality fundus photograph of a healthy normal eye, clear optic disc, healthy retinal vessels, no pathology, medical ophthalmology image, detailed retinal view, clinical photography"
3390_left.jpg,normal,"high quality fundus photograph of a healthy normal eye, clear optic disc, healthy retinal vessels, no pathology, medical ophthalmology image, detailed retinal view, clinical photography"
3390_right.jpg,normal,"high quality fundus photograph of a healthy normal eye, clear optic disc, healthy retinal vessels, no pathology, medical ophthalmology image, detailed retinal view, clinical photography"
3391_right.jpg,normal,"high quality fundus photograph of a healthy normal eye, clear optic disc, healthy retinal vessels, no pathology, medical ophthalmology image, detailed retinal view, clinical photography"
3392_left.jpg,normal,"high quality fundus photograph of a healthy normal eye, clear optic disc, healthy retinal vessels, no pathology, medical ophthalmology image, detailed retinal view, clinical photography"
3392_right.jpg,normal,"high quality fundus photograph of a healthy normal eye, clear optic disc, healthy retinal vessels, no pathology, medical ophthalmology image, detailed retinal view, clinical photography"
3393_left.jpg,normal,"high quality fundus photograph of a healthy normal eye, clear optic disc, healthy retinal vessels, no pathology, medical ophthalmology image, detailed retinal view, clinical photography"
3394_right.jpg,normal,"high quality fundus photograph of a healthy normal eye, clear optic disc, healthy retinal vessels, no pathology, medical ophthalmology image, detailed retinal view, clinical photography"
3395_left.jpg,normal,"high quality fundus photograph of a healthy normal eye, clear optic disc, healthy retinal vessels, no pathology, medical ophthalmology image, detailed retinal view, clinical photography"
3397_left.jpg,normal,"high quality fundus photograph of a healthy normal eye, clear optic disc, healthy retinal vessels, no pathology, medical ophthalmology image, detailed retinal view, clinical photography"
3398_left.jpg,normal,"high quality fundus photograph of a healthy normal eye, clear optic disc, healthy retinal vessels, no pathology, medical ophthalmology image, detailed retinal view, clinical photography"
3399_left.jpg,normal,"high quality fundus photograph of a healthy normal eye, clear optic disc, healthy retinal vessels, no pathology, medical ophthalmology image, detailed retinal view, clinical photography"
3399_right.jpg,normal,"high quality fundus photograph of a healthy normal eye, clear optic disc, healthy retinal vessels, no pathology, medical ophthalmology image, detailed retinal view, clinical photography"
3403_left.jpg,normal,"high quality fundus photograph of a healthy normal eye, clear optic disc, healthy retinal vessels, no pathology, medical ophthalmology image, detailed retinal view, clinical photography"
3404_left.jpg,normal,"high quality fundus photograph of a healthy normal eye, clear optic disc, healthy retinal vessels, no pathology, medical ophthalmology image, detailed retinal view, clinical photography"
3405_left.jpg,normal,"high quality fundus photograph of a healthy normal eye, clear optic disc, healthy retinal vessels, no pathology, medical ophthalmology image, detailed retinal view, clinical photography"
3405_right.jpg,normal,"high quality fundus photograph of a healthy normal eye, clear optic disc, healthy retinal vessels, no pathology, medical ophthalmology image, detailed retinal view, clinical photography"
3406_right.jpg,normal,"high quality fundus photograph of a healthy normal eye, clear optic disc, healthy retinal vessels, no pathology, medical ophthalmology image, detailed retinal view, clinical photography"
3407_right.jpg,normal,"high quality fundus photograph of a healthy normal eye, clear optic disc, healthy retinal vessels, no pathology, medical ophthalmology image, detailed retinal view, clinical photography"
3408_left.jpg,normal,"high quality fundus photograph of a healthy normal eye, clear optic disc, healthy retinal vessels, no pathology, medical ophthalmology image, detailed retinal view, clinical photography"
3408_right.jpg,normal,"high quality fundus photograph of a healthy normal eye, clear optic disc, healthy retinal vessels, no pathology, medical ophthalmology image, detailed retinal view, clinical photography"
3410_left.jpg,normal,"high quality fundus photograph of a healthy normal eye, clear optic disc, healthy retinal vessels, no pathology, medical ophthalmology image, detailed retinal view, clinical photography"
3411_left.jpg,normal,"high quality fundus photograph of a healthy normal eye, clear optic disc, healthy retinal vessels, no pathology, medical ophthalmology image, detailed retinal view, clinical photography"
3411_right.jpg,normal,"high quality fundus photograph of a healthy normal eye, clear optic disc, healthy retinal vessels, no pathology, medical ophthalmology image, detailed retinal view, clinical photography"
3412_left.jpg,normal,"high quality fundus photograph of a healthy normal eye, clear optic disc, healthy retinal vessels, no pathology, medical ophthalmology image, detailed retinal view, clinical photography"
3412_right.jpg,normal,"high quality fundus photograph of a healthy normal eye, clear optic disc, healthy retinal vessels, no pathology, medical ophthalmology image, detailed retinal view, clinical photography"
3414_left.jpg,normal,"high quality fundus photograph of a healthy normal eye, clear optic disc, healthy retinal vessels, no pathology, medical ophthalmology image, detailed retinal view, clinical photography"
3414_right.jpg,normal,"high quality fundus photograph of a healthy normal eye, clear optic disc, healthy retinal vessels, no pathology, medical ophthalmology image, detailed retinal view, clinical photography"
3415_left.jpg,normal,"high quality fundus photograph of a healthy normal eye, clear optic disc, healthy retinal vessels, no pathology, medical ophthalmology image, detailed retinal view, clinical photography"
3415_right.jpg,normal,"high quality fundus photograph of a healthy normal eye, clear optic disc, healthy retinal vessels, no pathology, medical ophthalmology image, detailed retinal view, clinical photography"
3416_right.jpg,normal,"high quality fundus photograph of a healthy normal eye, clear optic disc, healthy retinal vessels, no pathology, medical ophthalmology image, detailed retinal view, clinical photography"
3417_left.jpg,normal,"high quality fundus photograph of a healthy normal eye, clear optic disc, healthy retinal vessels, no pathology, medical ophthalmology image, detailed retinal view, clinical photography"
3417_right.jpg,normal,"high quality fundus photograph of a healthy normal eye, clear optic disc, healthy retinal vessels, no pathology, medical ophthalmology image, detailed retinal view, clinical photography"
3418_left.jpg,normal,"high quality fundus photograph of a healthy normal eye, clear optic disc, healthy retinal vessels, no pathology, medical ophthalmology image, detailed retinal view, clinical photography"
3419_right.jpg,normal,"high quality fundus photograph of a healthy normal eye, clear optic disc, healthy retinal vessels, no pathology, medical ophthalmology image, detailed retinal view, clinical photography"
3420_left.jpg,normal,"high quality fundus photograph of a healthy normal eye, clear optic disc, healthy retinal vessels, no pathology, medical ophthalmology image, detailed retinal view, clinical photography"
3420_right.jpg,normal,"high quality fundus photograph of a healthy normal eye, clear optic disc, healthy retinal vessels, no pathology, medical ophthalmology image, detailed retinal view, clinical photography"
3421_left.jpg,normal,"high quality fundus photograph of a healthy normal eye, clear optic disc, healthy retinal vessels, no pathology, medical ophthalmology image, detailed retinal view, clinical photography"
3422_left.jpg,normal,"high quality fundus photograph of a healthy normal eye, clear optic disc, healthy retinal vessels, no pathology, medical ophthalmology image, detailed retinal view, clinical photography"
3422_right.jpg,normal,"high quality fundus photograph of a healthy normal eye, clear optic disc, healthy retinal vessels, no pathology, medical ophthalmology image, detailed retinal view, clinical photography"
3423_left.jpg,normal,"high quality fundus photograph of a healthy normal eye, clear optic disc, healthy retinal vessels, no pathology, medical ophthalmology image, detailed retinal view, clinical photography"
3424_left.jpg,normal,"high quality fundus photograph of a healthy normal eye, clear optic disc, healthy retinal vessels, no pathology, medical ophthalmology image, detailed retinal view, clinical photography"
3424_right.jpg,normal,"high quality fundus photograph of a healthy normal eye, clear optic disc, healthy retinal vessels, no pathology, medical ophthalmology image, detailed retinal view, clinical photography"
3425_left.jpg,normal,"high quality fundus photograph of a healthy normal eye, clear optic disc, healthy retinal vessels, no pathology, medical ophthalmology image, detailed retinal view, clinical photography"
3425_right.jpg,normal,"high quality fundus photograph of a healthy normal eye, clear optic disc, healthy retinal vessels, no pathology, medical ophthalmology image, detailed retinal view, clinical photography"
3426_right.jpg,normal,"high quality fundus photograph of a healthy normal eye, clear optic disc, healthy retinal vessels, no pathology, medical ophthalmology image, detailed retinal view, clinical photography"
3427_left.jpg,normal,"high quality fundus photograph of a healthy normal eye, clear optic disc, healthy retinal vessels, no pathology, medical ophthalmology image, detailed retinal view, clinical photography"
3428_right.jpg,normal,"high quality fundus photograph of a healthy normal eye, clear optic disc, healthy retinal vessels, no pathology, medical ophthalmology image, detailed retinal view, clinical photography"
3430_left.jpg,normal,"high quality fundus photograph of a healthy normal eye, clear optic disc, healthy retinal vessels, no pathology, medical ophthalmology image, detailed retinal view, clinical photography"
3431_left.jpg,normal,"high quality fundus photograph of a healthy normal eye, clear optic disc, healthy retinal vessels, no pathology, medical ophthalmology image, detailed retinal view, clinical photography"
3431_right.jpg,normal,"high quality fundus photograph of a healthy normal eye, clear optic disc, healthy retinal vessels, no pathology, medical ophthalmology image, detailed retinal view, clinical photography"
3432_left.jpg,normal,"high quality fundus photograph of a healthy normal eye, clear optic disc, healthy retinal vessels, no pathology, medical ophthalmology image, detailed retinal view, clinical photography"
3432_right.jpg,normal,"high quality fundus photograph of a healthy normal eye, clear optic disc, healthy retinal vessels, no pathology, medical ophthalmology image, detailed retinal view, clinical photography"
3433_left.jpg,normal,"high quality fundus photograph of a healthy normal eye, clear optic disc, healthy retinal vessels, no pathology, medical ophthalmology image, detailed retinal view, clinical photography"
3433_right.jpg,normal,"high quality fundus photograph of a healthy normal eye, clear optic disc, healthy retinal vessels, no pathology, medical ophthalmology image, detailed retinal view, clinical photography"
3434_left.jpg,normal,"high quality fundus photograph of a healthy normal eye, clear optic disc, healthy retinal vessels, no pathology, medical ophthalmology image, detailed retinal view, clinical photography"
3434_right.jpg,normal,"high quality fundus photograph of a healthy normal eye, clear optic disc, healthy retinal vessels, no pathology, medical ophthalmology image, detailed retinal view, clinical photography"
3436_right.jpg,normal,"high quality fundus photograph of a healthy normal eye, clear optic disc, healthy retinal vessels, no pathology, medical ophthalmology image, detailed retinal view, clinical photography"
3437_left.jpg,normal,"high quality fundus photograph of a healthy normal eye, clear optic disc, healthy retinal vessels, no pathology, medical ophthalmology image, detailed retinal view, clinical photography"
3438_right.jpg,normal,"high quality fundus photograph of a healthy normal eye, clear optic disc, healthy retinal vessels, no pathology, medical ophthalmology image, detailed retinal view, clinical photography"
3441_left.jpg,normal,"high quality fundus photograph of a healthy normal eye, clear optic disc, healthy retinal vessels, no pathology, medical ophthalmology image, detailed retinal view, clinical photography"
3442_left.jpg,normal,"high quality fundus photograph of a healthy normal eye, clear optic disc, healthy retinal vessels, no pathology, medical ophthalmology image, detailed retinal view, clinical photography"
3442_right.jpg,normal,"high quality fundus photograph of a healthy normal eye, clear optic disc, healthy retinal vessels, no pathology, medical ophthalmology image, detailed retinal view, clinical photography"
3443_left.jpg,normal,"high quality fundus photograph of a healthy normal eye, clear optic disc, healthy retinal vessels, no pathology, medical ophthalmology image, detailed retinal view, clinical photography"
3444_right.jpg,normal,"high quality fundus photograph of a healthy normal eye, clear optic disc, healthy retinal vessels, no pathology, medical ophthalmology image, detailed retinal view, clinical photography"
3445_left.jpg,normal,"high quality fundus photograph of a healthy normal eye, clear optic disc, healthy retinal vessels, no pathology, medical ophthalmology image, detailed retinal view, clinical photography"
3446_left.jpg,normal,"high quality fundus photograph of a healthy normal eye, clear optic disc, healthy retinal vessels, no pathology, medical ophthalmology image, detailed retinal view, clinical photography"
3446_right.jpg,normal,"high quality fundus photograph of a healthy normal eye, clear optic disc, healthy retinal vessels, no pathology, medical ophthalmology image, detailed retinal view, clinical photography"
3448_right.jpg,normal,"high quality fundus photograph of a healthy normal eye, clear optic disc, healthy retinal vessels, no pathology, medical ophthalmology image, detailed retinal view, clinical photography"
3485_left.jpg,normal,"high quality fundus photograph of a healthy normal eye, clear optic disc, healthy retinal vessels, no pathology, medical ophthalmology image, detailed retinal view, clinical photography"
4290_right.jpg,normal,"high quality fundus photograph of a healthy normal eye, clear optic disc, healthy retinal vessels, no pathology, medical ophthalmology image, detailed retinal view, clinical photography"
4637_left.jpg,normal,"high quality fundus photograph of a healthy normal eye, clear optic disc, healthy retinal vessels, no pathology, medical ophthalmology image, detailed retinal view, clinical photography"
4637_right.jpg,normal,"high quality fundus photograph of a healthy normal eye, clear optic disc, healthy retinal vessels, no pathology, medical ophthalmology image, detailed retinal view, clinical photography"
530_left.jpg,normal,"high quality fundus photograph of a healthy normal eye, clear optic disc, healthy retinal vessels, no pathology, medical ophthalmology image, detailed retinal view, clinical photography"
530_right.jpg,normal,"high quality fundus photograph of a healthy normal eye, clear optic disc, healthy retinal vessels, no pathology, medical ophthalmology image, detailed retinal view, clinical photography"
695_left.jpg,normal,"high quality fundus photograph of a healthy normal eye, clear optic disc, healthy retinal vessels, no pathology, medical ophthalmology image, detailed retinal view, clinical photography"
695_right.jpg,normal,"high quality fundus photograph of a healthy normal eye, clear optic disc, healthy retinal vessels, no pathology, medical ophthalmology image, detailed retinal view, clinical photography"
84_left.jpg,normal,"high quality fundus photograph of a healthy normal eye, clear optic disc, healthy retinal vessels, no pathology, medical ophthalmology image, detailed retinal view, clinical photography"
84_right.jpg,normal,"high quality fundus photograph of a healthy normal eye, clear optic disc, healthy retinal vessels, no pathology, medical ophthalmology image, detailed retinal view, clinical photography"
8_left.jpg,normal,"high quality fundus photograph of a healthy normal eye, clear optic disc, healthy retinal vessels, no pathology, medical ophthalmology image, detailed retinal view, clinical photography"
8_right.jpg,normal,"high quality fundus photograph of a healthy normal eye, clear optic disc, healthy retinal vessels, no pathology, medical ophthalmology image, detailed retinal view, clinical photography"
939_left.jpg,normal,"high quality fundus photograph of a healthy normal eye, clear optic disc, healthy retinal vessels, no pathology, medical ophthalmology image, detailed retinal view, clinical photography"
939_right.jpg,normal,"high quality fundus photograph of a healthy normal eye, clear optic disc, healthy retinal vessels, no pathology, medical ophthalmology image, detailed retinal view, clinical photography"
951_left.jpg,normal,"high quality fundus photograph of a healthy normal eye, clear optic disc, healthy retinal vessels, no pathology, medical ophthalmology image, detailed retinal view, clinical photography"
951_right.jpg,normal,"high quality fundus photograph of a healthy normal eye, clear optic disc, healthy retinal vessels, no pathology, medical ophthalmology image, detailed retinal view, clinical photography"
